rep,seed,cell,fit_spec,n_models,n_items,n_obs,true_rho,true_effect,true_slope_sd,true_tau_model,true_tau_item,dataset_sha256,realized_corr,overall_self_prop,min_model_n_self,min_model_n_control,min_model_self_prop,max_model_self_prop,median_model_self_prop,corr_model_selfprop_X,min_within_self_ss,median_within_self_ss,total_within_self_ss,rho_model_realized,p_min,p_max,pct_outcome_p_below_05,pct_outcome_p_above_95,fit_error,r_fit_spec,converged,singular,warnings,estimate,se,p_value,ci_low,ci_high,rejected_at_05,bias,ci_covers_truth,model_intercept_sd,model_slope_sd,model_intercept_slope_corr,item_intercept_sd,model_cov_min_eigenvalue,theta,theta_lower,singular_component,slope_zero,model_intercept_zero,item_intercept_zero,corr_boundary
1,92623001,P6_A_LOW_RHO0,M1,24,100,2400,0.0,0.1,0.02,0.03,0.03,617903427b5f76a1c7759ffabc903ed6989a71d66e31ae0529706dce80e17c47,-1.8849786359872233e-18,0.5,50,50,0.5,0.5,0.5,,25.0,25.0,600.0,0.2831612312422442,0.5356548475157875,0.7178120470383432,0.0,0.0,,M1,True,True,boundary (singular) fit: see help('isSingular'),0.1818,0.0939,0.053,-0.0023,0.3659,False,0.0818,True,0.176,0.1973,-1,0.0,0.0,"[0, 0.176, -0.1973, 0]","[0, 0, '-Inf', 0]",model_corr_boundary,False,False,True,True
1,92623001,P6_A_LOW_RHO0,M2,24,100,2400,0.0,0.1,0.02,0.03,0.03,617903427b5f76a1c7759ffabc903ed6989a71d66e31ae0529706dce80e17c47,-1.8849786359872233e-18,0.5,50,50,0.5,0.5,0.5,,25.0,25.0,600.0,0.2831612312422442,0.5356548475157875,0.7178120470383432,0.0,0.0,,M2,True,True,boundary (singular) fit: see help('isSingular'),0.1846,0.0848,0.0295,0.0184,0.3509,True,0.0846,True,0.0162,2.5783e-07,NA,5.4975e-08,6.6476e-14,"[5.4975e-08, 0.0162, 2.5783e-07]","[0, 0, 0]",model_slope_sd_zero,True,False,True,False
1,92623001,P6_B_LOW_RHO30,M1,24,100,2400,0.3,0.1,0.02,0.03,0.03,452b5025bb55e5f7bbdb6534c0f4f1bd5cb4684d951a98b68ab8a526af095f16,-1.8849786359872233e-18,0.5,50,50,0.5,0.5,0.5,,25.0,25.0,600.0,0.525961575010927,0.5356548475157875,0.717980867675467,0.0,0.0,,M1,True,True,boundary (singular) fit: see help('isSingular'),0.1856,0.0936,0.0474,0.0021,0.3691,True,0.0856,True,0.1747,0.1934,-1,0.0,3.4694e-18,"[0, 0.1747, -0.1934, 0]","[0, 0, '-Inf', 0]",model_corr_boundary,False,False,True,True
1,92623001,P6_B_LOW_RHO30,M2,24,100,2400,0.3,0.1,0.02,0.03,0.03,452b5025bb55e5f7bbdb6534c0f4f1bd5cb4684d951a98b68ab8a526af095f16,-1.8849786359872233e-18,0.5,50,50,0.5,0.5,0.5,,25.0,25.0,600.0,0.525961575010927,0.5356548475157875,0.717980867675467,0.0,0.0,,M2,True,True,boundary (singular) fit: see help('isSingular'),0.1885,0.0848,0.0263,0.0222,0.3548,True,0.0885,True,0.0202,0.0,NA,0.0,0.0,"[0, 0.0202, 0]","[0, 0, 0]",model_slope_sd_zero,True,False,True,False
1,92623001,P6_C_HIGH_RHO0,M1,100,400,40000,0.0,0.1,0.02,0.03,0.03,a4f5df11bf5222f29e063b155a1fa15ab6654d9424e0e767f42d1eeb68b11df0,4.378820022722021e-19,0.5,200,200,0.5,0.5,0.5,,100.0,100.0,10000.0,0.06415619586416188,0.5274164817836567,0.7419409295886199,0.0,0.0,,M1,True,True,[],0.1083,0.0208,2.0216e-07,0.0674,0.1491,True,0.0083,True,0.033,0.017,1,0.0471,0.0,"[0.0471, 0.033, 0.017, 0]","[0, 0, '-Inf', 0]",model_corr_boundary,False,False,False,True
1,92623001,P6_C_HIGH_RHO0,M2,100,400,40000,0.0,0.1,0.02,0.03,0.03,a4f5df11bf5222f29e063b155a1fa15ab6654d9424e0e767f42d1eeb68b11df0,4.378820022722021e-19,0.5,200,200,0.5,0.5,0.5,,100.0,100.0,10000.0,0.06415619586416188,0.5274164817836567,0.7419409295886199,0.0,0.0,,M2,True,True,[],0.1081,0.0208,1.9314e-07,0.0674,0.1488,True,0.0081,True,0.0401,0.0,NA,0.0471,0.0,"[0.0471, 0.0401, 0]","[0, 0, 0]",model_slope_sd_zero,True,False,False,False
1,92623001,P6_D_HIGH_RHO30,M1,100,400,40000,0.3,0.1,0.02,0.03,0.03,9ff98b40af707d5cf29b800e58da188b22ccf9bbc987be00c454a3aefa55007c,4.378820022722021e-19,0.5,200,200,0.5,0.5,0.5,,100.0,100.0,10000.0,0.3661344719532198,0.5274164817836567,0.7433994840249706,0.0,0.0,,M1,True,True,[],0.1083,0.0212,3.3309e-07,0.0667,0.1499,True,0.0083,True,0.0,0.0439,NaN,0.0494,0.0,"[0.0494, 0, -0.0406, 0.0167]","[0, 0, '-Inf', 0]",model_intercept_sd_zero,False,True,False,False
1,92623001,P6_D_HIGH_RHO30,M2,100,400,40000,0.3,0.1,0.02,0.03,0.03,9ff98b40af707d5cf29b800e58da188b22ccf9bbc987be00c454a3aefa55007c,4.378820022722021e-19,0.5,200,200,0.5,0.5,0.5,,100.0,100.0,10000.0,0.3661344719532198,0.5274164817836567,0.7433994840249706,0.0,0.0,,M2,True,True,[],0.1081,0.0208,1.9321e-07,0.0674,0.1488,True,0.0081,True,0.0454,8.1697e-07,NA,0.0496,6.6744e-13,"[0.0496, 0.0454, 8.1697e-07]","[0, 0, 0]",model_slope_sd_zero,True,False,False,False
2,92623002,P6_A_LOW_RHO0,M1,24,100,2400,0.0,0.1,0.02,0.03,0.03,16c570f3646e9076ed833211b844413f375e83750474c6cb07c4330681464215,2.4945801483392827e-18,0.5,50,50,0.5,0.5,0.5,,25.0,25.0,600.0,-0.006650991247094349,0.532092413185081,0.7328651116758824,0.0,0.0,,M1,True,True,boundary (singular) fit: see help('isSingular'),-0.0787,0.0953,0.409,-0.2655,0.1081,False,-0.1787,True,0.1282,0.1982,-1,0.0,0.0,"[0, 0.1282, -0.1982, 0]","[0, 0, '-Inf', 0]",model_corr_boundary,False,False,True,True
2,92623002,P6_A_LOW_RHO0,M2,24,100,2400,0.0,0.1,0.02,0.03,0.03,16c570f3646e9076ed833211b844413f375e83750474c6cb07c4330681464215,2.4945801483392827e-18,0.5,50,50,0.5,0.5,0.5,,25.0,25.0,600.0,-0.006650991247094349,0.532092413185081,0.7328651116758824,0.0,0.0,,M2,True,True,boundary (singular) fit: see help('isSingular'),-0.0764,0.0863,0.376,-0.2454,0.0927,False,-0.1764,False,0.0,0.0,NA,0.0,0.0,"[0, 0, 0]","[0, 0, 0]",model_slope_sd_zero,True,True,True,False
2,92623002,P6_B_LOW_RHO30,M1,24,100,2400,0.3,0.1,0.02,0.03,0.03,38086b653e15a54a3eb2e0f392fb4a18fda143a4122f3f52b406a30dce2e5e1a,2.4945801483392827e-18,0.5,50,50,0.5,0.5,0.5,,25.0,25.0,600.0,0.26853232347009676,0.532092413185081,0.732969963529705,0.0,0.0,,M1,True,True,boundary (singular) fit: see help('isSingular'),-0.075,0.0952,0.4309,-0.2615,0.1116,False,-0.175,True,0.1276,0.1963,-1,0.0,0.0,"[0, 0.1276, -0.1963, 0]","[0, 0, '-Inf', 0]",model_corr_boundary,False,False,True,True
2,92623002,P6_B_LOW_RHO30,M2,24,100,2400,0.3,0.1,0.02,0.03,0.03,38086b653e15a54a3eb2e0f392fb4a18fda143a4122f3f52b406a30dce2e5e1a,2.4945801483392827e-18,0.5,50,50,0.5,0.5,0.5,,25.0,25.0,600.0,0.26853232347009676,0.532092413185081,0.732969963529705,0.0,0.0,,M2,True,True,boundary (singular) fit: see help('isSingular'),-0.0726,0.0863,0.3999,-0.2417,0.0965,False,-0.1726,False,0.0,0.0,NA,0.0,0.0,"[0, 0, 0]","[0, 0, 0]",model_slope_sd_zero,True,True,True,False
2,92623002,P6_C_HIGH_RHO0,M1,100,400,40000,0.0,0.1,0.02,0.03,0.03,af79ea1aea48a51432257203295c978b0499d693bc12f49757102c98484b948d,5.009333757570352e-19,0.5,200,200,0.5,0.5,0.5,,100.0,100.0,10000.0,0.028168946129868498,0.5259220670584988,0.7389426173873345,0.0,0.0,,M1,True,True,[],0.1185,0.0211,2.0359e-08,0.0771,0.1599,True,0.0185,True,0.0,0.0358,NaN,0.0266,0.0,"[0.0266, 0, 0.0347, 0.0088]","[0, 0, '-Inf', 0]",model_intercept_sd_zero,False,True,False,False
2,92623002,P6_C_HIGH_RHO0,M2,100,400,40000,0.0,0.1,0.02,0.03,0.03,af79ea1aea48a51432257203295c978b0499d693bc12f49757102c98484b948d,5.009333757570352e-19,0.5,200,200,0.5,0.5,0.5,,100.0,100.0,10000.0,0.028168946129868498,0.5259220670584988,0.7389426173873345,0.0,0.0,,M2,True,True,[],0.1185,0.0211,2.0351e-08,0.0771,0.1599,True,0.0185,True,1.1034e-06,0.0358,NA,0.0266,1.2176e-12,"[0.0266, 1.1034e-06, 0.0358]","[0, 0, 0]",model_intercept_sd_zero,False,True,False,False
2,92623002,P6_D_HIGH_RHO30,M1,100,400,40000,0.3,0.1,0.02,0.03,0.03,7314f39b284fa9f1e2e994768d59e815a5c43a93fe8b7257c8325c33ae005f5f,5.009333757570352e-19,0.5,200,200,0.5,0.5,0.5,,100.0,100.0,10000.0,0.27103335100446013,0.5259220670584988,0.7402434839153528,0.0,0.0,,M1,True,True,[],0.1187,0.0215,3.3887e-08,0.0765,0.1608,True,0.0187,True,0.0158,0.0537,-1,0.0151,2.5076e-10,"[0.0151, 0.0158, -0.0537, 0.0001]","[0, 0, '-Inf', 0]",model_corr_boundary,False,False,False,True
2,92623002,P6_D_HIGH_RHO30,M2,100,400,40000,0.3,0.1,0.02,0.03,0.03,7314f39b284fa9f1e2e994768d59e815a5c43a93fe8b7257c8325c33ae005f5f,5.009333757570352e-19,0.5,200,200,0.5,0.5,0.5,,100.0,100.0,10000.0,0.27103335100446013,0.5259220670584988,0.7402434839153528,0.0,0.0,,M2,True,True,[],0.1187,0.0211,1.9697e-08,0.0773,0.1601,True,0.0187,True,0.0,0.0368,NA,0.0152,0.0,"[0.0152, 0, 0.0368]","[0, 0, 0]",model_intercept_sd_zero,False,True,False,False
3,92623003,P6_A_LOW_RHO0,M1,24,100,2400,0.0,0.1,0.02,0.03,0.03,d0b517ee26324ed27abd935b708d542c26df0ae5fd2edc328385b4a54dafbc2e,-4.1890860421519915e-19,0.5,50,50,0.5,0.5,0.5,,25.0,25.0,600.0,-0.031974154760321866,0.5363453060651446,0.7291559375699258,0.0,0.0,,M1,True,True,boundary (singular) fit: see help('isSingular'),0.1613,0.0877,0.0659,-0.0106,0.3332,False,0.0613,True,0.0876,0.1213,1,0.0,0.0,"[0, 0.0876, 0.1213, 0]","[0, 0, '-Inf', 0]",model_corr_boundary,False,False,True,True
3,92623003,P6_A_LOW_RHO0,M2,24,100,2400,0.0,0.1,0.02,0.03,0.03,d0b517ee26324ed27abd935b708d542c26df0ae5fd2edc328385b4a54dafbc2e,-4.1890860421519915e-19,0.5,50,50,0.5,0.5,0.5,,25.0,25.0,600.0,-0.031974154760321866,0.5363453060651446,0.7291559375699258,0.0,0.0,,M2,True,True,boundary (singular) fit: see help('isSingular'),0.1594,0.0888,0.0725,-0.0146,0.3335,False,0.0594,True,0.1067,0.1396,NA,0.0,0.0114,"[0, 0.1067, 0.1396]","[0, 0, 0]",item_intercept_sd_zero,False,False,True,False
3,92623003,P6_B_LOW_RHO30,M1,24,100,2400,0.3,0.1,0.02,0.03,0.03,60fd9fffb541b6b1e1524dac18cacedefe547f32014cbfe6f8d1ef8dd78c01a4,-4.1890860421519915e-19,0.5,50,50,0.5,0.5,0.5,,25.0,25.0,600.0,0.2544337698973554,0.5363453060651446,0.7315759479694633,0.0,0.0,,M1,True,True,boundary (singular) fit: see help('isSingular'),0.1572,0.0873,0.0716,-0.0138,0.3282,False,0.0572,True,0.0881,0.1143,1,0.0,0.0,"[0, 0.0881, 0.1143, 0]","[0, 0, '-Inf', 0]",model_corr_boundary,False,False,True,True
3,92623003,P6_B_LOW_RHO30,M2,24,100,2400,0.3,0.1,0.02,0.03,0.03,60fd9fffb541b6b1e1524dac18cacedefe547f32014cbfe6f8d1ef8dd78c01a4,-4.1890860421519915e-19,0.5,50,50,0.5,0.5,0.5,,25.0,25.0,600.0,0.2544337698973554,0.5363453060651446,0.7315759479694633,0.0,0.0,,M2,True,True,boundary (singular) fit: see help('isSingular'),0.1552,0.0877,0.0769,-0.0168,0.3272,False,0.0552,True,0.1106,0.1233,NA,0.0,0.0122,"[0, 0.1106, 0.1233]","[0, 0, 0]",item_intercept_sd_zero,False,False,True,False
3,92623003,P6_C_HIGH_RHO0,M1,100,400,40000,0.0,0.1,0.02,0.03,0.03,7280bb3a4d6da7b70adb65e9d360ece382992204a6c8e352604ea31414d8cb5a,-1.8004937933724414e-19,0.5,200,200,0.5,0.5,0.5,,100.0,100.0,10000.0,0.14175266135928127,0.5197025896580953,0.735453743817336,0.0,0.0,,M1,True,False,[],0.0999,0.0217,4.1001e-06,0.0574,0.1424,True,-0.0001,True,0.0474,0.0608,0.1597,0.0493,0.0021,"[0.0493, 0.0474, 0.0097, 0.06]","[0, 0, '-Inf', 0]",non_singular,False,False,False,False
3,92623003,P6_C_HIGH_RHO0,M2,100,400,40000,0.0,0.1,0.02,0.03,0.03,7280bb3a4d6da7b70adb65e9d360ece382992204a6c8e352604ea31414d8cb5a,-1.8004937933724414e-19,0.5,200,200,0.5,0.5,0.5,,100.0,100.0,10000.0,0.14175266135928127,0.5197025896580953,0.735453743817336,0.0,0.0,,M2,True,False,[],0.0998,0.0218,4.7457e-06,0.0571,0.1426,True,-0.0002,True,0.0504,0.0655,NA,0.0494,0.0025,"[0.0494, 0.0504, 0.0655]","[0, 0, 0]",non_singular,False,False,False,False
3,92623003,P6_D_HIGH_RHO30,M1,100,400,40000,0.3,0.1,0.02,0.03,0.03,f7c0ad2a22c9baa654f9ee20e6dd9a5b1e5d155b4ed99dfc17863093a6a479ff,-1.8004937933724414e-19,0.5,200,200,0.5,0.5,0.5,,100.0,100.0,10000.0,0.44213187549285776,0.5197025896580953,0.7371210295102731,0.0,0.0,,M1,True,False,[],0.1019,0.0218,2.7827e-06,0.0593,0.1446,True,0.0019,True,0.0475,0.0631,0.2452,0.0501,0.002,"[0.0501, 0.0475, 0.0155, 0.0612]","[0, 0, '-Inf', 0]",non_singular,False,False,False,False
3,92623003,P6_D_HIGH_RHO30,M2,100,400,40000,0.3,0.1,0.02,0.03,0.03,f7c0ad2a22c9baa654f9ee20e6dd9a5b1e5d155b4ed99dfc17863093a6a479ff,-1.8004937933724414e-19,0.5,200,200,0.5,0.5,0.5,,100.0,100.0,10000.0,0.44213187549285776,0.5197025896580953,0.7371210295102731,0.0,0.0,,M2,True,False,[],0.1019,0.022,3.5276e-06,0.0588,0.1449,True,0.0019,True,0.0521,0.0701,NA,0.0501,0.0027,"[0.0501, 0.0521, 0.0701]","[0, 0, 0]",non_singular,False,False,False,False
4,92623004,P6_A_LOW_RHO0,M1,24,100,2400,0.0,0.1,0.02,0.03,0.03,ced64499fb789fef05341c1f115549ed4f59909d041a4b1b6ff39eb72107ef25,-8.449343180861034e-19,0.5,50,50,0.5,0.5,0.5,,25.0,25.0,600.0,0.12294582542446425,0.5275875050314717,0.7305220212690274,0.0,0.0,,M1,True,False,[],0.2498,0.0915,0.0063,0.0706,0.4291,True,0.1498,True,0.0333,0.1623,-0.754,0.1053,0.0005,"[0.1053, 0.0333, -0.1224, 0.1066]","[0, 0, '-Inf', 0]",non_singular,False,False,False,False
4,92623004,P6_A_LOW_RHO0,M2,24,100,2400,0.0,0.1,0.02,0.03,0.03,ced64499fb789fef05341c1f115549ed4f59909d041a4b1b6ff39eb72107ef25,-8.449343180861034e-19,0.5,50,50,0.5,0.5,0.5,,25.0,25.0,600.0,0.12294582542446425,0.5275875050314717,0.7305220212690274,0.0,0.0,,M2,True,True,boundary (singular) fit: see help('isSingular'),0.25,0.0895,0.0052,0.0746,0.4254,True,0.15,True,0.0,0.139,NA,0.106,0.0,"[0.106, 0, 0.139]","[0, 0, 0]",model_intercept_sd_zero,False,True,False,False
4,92623004,P6_B_LOW_RHO30,M1,24,100,2400,0.3,0.1,0.02,0.03,0.03,27a35221885fd6c6e659345ffcffff318277d0503df611de98ff6ca8d08b67d4,-8.449343180861034e-19,0.5,50,50,0.5,0.5,0.5,,25.0,25.0,600.0,0.4216329309827165,0.5275875050314717,0.7304684265822384,0.0,0.0,,M1,True,False,[],0.2466,0.0914,0.007,0.0675,0.4258,True,0.1466,True,0.0333,0.1612,-0.5354,0.117,0.0008,"[0.117, 0.0333, -0.0863, 0.1362]","[0, 0, '-Inf', 0]",non_singular,False,False,False,False
4,92623004,P6_B_LOW_RHO30,M2,24,100,2400,0.3,0.1,0.02,0.03,0.03,27a35221885fd6c6e659345ffcffff318277d0503df611de98ff6ca8d08b67d4,-8.449343180861034e-19,0.5,50,50,0.5,0.5,0.5,,25.0,25.0,600.0,0.4216329309827165,0.5275875050314717,0.7304684265822384,0.0,0.0,,M2,True,True,boundary (singular) fit: see help('isSingular'),0.2468,0.09,0.0061,0.0704,0.4231,True,0.1468,True,0.0,0.1461,NA,0.1174,0.0,"[0.1174, 0, 0.1461]","[0, 0, 0]",model_intercept_sd_zero,False,True,False,False
4,92623004,P6_C_HIGH_RHO0,M1,100,400,40000,0.0,0.1,0.02,0.03,0.03,9b4df5964a50553a17b331c283c7a267ca657def0a395898bd44ca695f960907,-1.0507956907335214e-19,0.5,200,200,0.5,0.5,0.5,,100.0,100.0,10000.0,0.010450553866869206,0.5248535923373628,0.7314296819827546,0.0,0.0,,M1,True,True,[],0.0875,0.021,0.0,0.0463,0.1287,True,-0.0125,True,0.0349,0.026,-1,0.055,-5.421e-20,"[0.055, 0.0349, -0.026, 0]","[0, 0, '-Inf', 0]",model_corr_boundary,False,False,False,True
4,92623004,P6_C_HIGH_RHO0,M2,100,400,40000,0.0,0.1,0.02,0.03,0.03,9b4df5964a50553a17b331c283c7a267ca657def0a395898bd44ca695f960907,-1.0507956907335214e-19,0.5,200,200,0.5,0.5,0.5,,100.0,100.0,10000.0,0.010450553866869206,0.5248535923373628,0.7314296819827546,0.0,0.0,,M2,True,True,[],0.0876,0.0209,0.0,0.0468,0.1285,True,-0.0124,True,0.002,6.2511e-07,NA,0.0549,3.9076e-13,"[0.0549, 0.002, 6.2511e-07]","[0, 0, 0]",model_slope_sd_zero,True,False,False,False
4,92623004,P6_D_HIGH_RHO30,M1,100,400,40000,0.3,0.1,0.02,0.03,0.03,531740b88c2a83d17a7990f18bd3924f8caf2304577fdfa47643e7dfa8c26627,-1.0507956907335214e-19,0.5,200,200,0.5,0.5,0.5,,100.0,100.0,10000.0,0.3177653219876832,0.5248535923373628,0.7313762014352047,0.0,0.0,,M1,True,True,[],0.0886,0.021,0.0,0.0474,0.1298,True,-0.0114,True,0.0359,0.0262,-1,0.0541,0.0,"[0.0541, 0.0359, -0.0262, 0]","[0, 0, '-Inf', 0]",model_corr_boundary,False,False,False,True
4,92623004,P6_D_HIGH_RHO30,M2,100,400,40000,0.3,0.1,0.02,0.03,0.03,531740b88c2a83d17a7990f18bd3924f8caf2304577fdfa47643e7dfa8c26627,-1.0507956907335214e-19,0.5,200,200,0.5,0.5,0.5,,100.0,100.0,10000.0,0.3177653219876832,0.5248535923373628,0.7313762014352047,0.0,0.0,,M2,True,True,[],0.0887,0.0209,0.0,0.0479,0.1296,True,-0.0113,True,0.0,0.0,NA,0.0541,0.0,"[0.0541, 0, 0]","[0, 0, 0]",model_slope_sd_zero,True,True,False,False
5,92623005,P6_A_LOW_RHO0,M1,24,100,2400,0.0,0.1,0.02,0.03,0.03,3f1b6ef95ebfbfbc8f70b3cff1bf1ef461788894151b3e3cc7f8ef40679a4b4e,1.6897611617047667e-18,0.5,50,50,0.5,0.5,0.5,,25.0,25.0,600.0,0.026333812074516343,0.5349504664536479,0.7254921076596762,0.0,0.0,,M1,True,True,boundary (singular) fit: see help('isSingular'),-0.0933,0.0877,0.287,-0.2652,0.0785,False,-0.1933,False,0.0,0.0878,NaN,0.117,0.0,"[0.117, 0, 0.0878, 0.0004]","[0, 0, '-Inf', 0]",model_intercept_sd_zero,False,True,False,False
5,92623005,P6_A_LOW_RHO0,M2,24,100,2400,0.0,0.1,0.02,0.03,0.03,3f1b6ef95ebfbfbc8f70b3cff1bf1ef461788894151b3e3cc7f8ef40679a4b4e,1.6897611617047667e-18,0.5,50,50,0.5,0.5,0.5,,25.0,25.0,600.0,0.026333812074516343,0.5349504664536479,0.7254921076596762,0.0,0.0,,M2,True,True,boundary (singular) fit: see help('isSingular'),-0.0933,0.0877,0.287,-0.2652,0.0785,False,-0.1933,False,0.0,0.0878,NA,0.117,0.0,"[0.117, 0, 0.0878]","[0, 0, 0]",model_intercept_sd_zero,False,True,False,False
5,92623005,P6_B_LOW_RHO30,M1,24,100,2400,0.3,0.1,0.02,0.03,0.03,3f1b6ef95ebfbfbc8f70b3cff1bf1ef461788894151b3e3cc7f8ef40679a4b4e,1.6897611617047667e-18,0.5,50,50,0.5,0.5,0.5,,25.0,25.0,600.0,0.326797464679535,0.5349504664536479,0.7259429974237082,0.0,0.0,,M1,True,True,boundary (singular) fit: see help('isSingular'),-0.0933,0.0877,0.287,-0.2652,0.0785,False,-0.1933,False,0.0,0.0878,NaN,0.117,0.0,"[0.117, 0, 0.0878, 0.0004]","[0, 0, '-Inf', 0]",model_intercept_sd_zero,False,True,False,False
5,92623005,P6_B_LOW_RHO30,M2,24,100,2400,0.3,0.1,0.02,0.03,0.03,3f1b6ef95ebfbfbc8f70b3cff1bf1ef461788894151b3e3cc7f8ef40679a4b4e,1.6897611617047667e-18,0.5,50,50,0.5,0.5,0.5,,25.0,25.0,600.0,0.326797464679535,0.5349504664536479,0.7259429974237082,0.0,0.0,,M2,True,True,boundary (singular) fit: see help('isSingular'),-0.0933,0.0877,0.287,-0.2652,0.0785,False,-0.1933,False,0.0,0.0878,NA,0.117,0.0,"[0.117, 0, 0.0878]","[0, 0, 0]",model_intercept_sd_zero,False,True,False,False
5,92623005,P6_C_HIGH_RHO0,M1,100,400,40000,0.0,0.1,0.02,0.03,0.03,f59766bd5b0acdfe6a11d91023eeb3d702de35c14075d00fa8b9856e88ef2e3d,3.028461660447406e-19,0.5,200,200,0.5,0.5,0.5,,100.0,100.0,10000.0,-0.005089762990459211,0.5278169102657899,0.7348199075921107,0.0,0.0,,M1,True,True,[],0.0754,0.0209,0.0003,0.0345,0.1163,True,-0.0246,True,0.0433,0.016,-1,0.0507,0.0,"[0.0507, 0.0433, -0.016, 0]","[0, 0, '-Inf', 0]",model_corr_boundary,False,False,False,True
5,92623005,P6_C_HIGH_RHO0,M2,100,400,40000,0.0,0.1,0.02,0.03,0.03,f59766bd5b0acdfe6a11d91023eeb3d702de35c14075d00fa8b9856e88ef2e3d,3.028461660447406e-19,0.5,200,200,0.5,0.5,0.5,,100.0,100.0,10000.0,-0.005089762990459211,0.5278169102657899,0.7348199075921107,0.0,0.0,,M2,True,True,[],0.0755,0.0208,0.0003,0.0348,0.1163,True,-0.0245,True,0.0348,0.0,NA,0.0507,0.0,"[0.0507, 0.0348, 0]","[0, 0, 0]",model_slope_sd_zero,True,False,False,False
5,92623005,P6_D_HIGH_RHO30,M1,100,400,40000,0.3,0.1,0.02,0.03,0.03,dc87de16902871415e7c40b6c636d980789514d030442297cece58e6175f6e1d,3.028461660447406e-19,0.5,200,200,0.5,0.5,0.5,,100.0,100.0,10000.0,0.3096156657687412,0.5278169102657899,0.7366704357956485,0.0,0.0,,M1,True,True,[],0.076,0.0209,0.0003,0.0351,0.1169,True,-0.024,True,0.0432,0.0173,-1,0.0449,0.0,"[0.0449, 0.0432, -0.0173, 0]","[0, 0, '-Inf', 0]",model_corr_boundary,False,False,False,True
5,92623005,P6_D_HIGH_RHO30,M2,100,400,40000,0.3,0.1,0.02,0.03,0.03,dc87de16902871415e7c40b6c636d980789514d030442297cece58e6175f6e1d,3.028461660447406e-19,0.5,200,200,0.5,0.5,0.5,,100.0,100.0,10000.0,0.3096156657687412,0.5278169102657899,0.7366704357956485,0.0,0.0,,M2,True,True,[],0.0762,0.0208,0.0002,0.0354,0.1169,True,-0.0238,True,0.0338,0.0,NA,0.0449,0.0,"[0.0449, 0.0338, 0]","[0, 0, 0]",model_slope_sd_zero,True,False,False,False
6,92623006,P6_A_LOW_RHO0,M1,24,100,2400,0.0,0.1,0.02,0.03,0.03,4584797319eecf81b81597ade82cc80f2fdff9e95b6c726cdaa43e7c751d05c2,-1.7056792549194666e-18,0.5,50,50,0.5,0.5,0.5,,25.0,25.0,600.0,0.018067103792917732,0.5466152722785753,0.7187080520091875,0.0,0.0,,M1,True,True,boundary (singular) fit: see help('isSingular'),-0.0302,0.0851,0.7229,-0.1971,0.1367,False,-0.1302,True,0.0,1.8883e-07,NaN,0.1166,0.0,"[0.1166, 0, 1.8883e-07, 0]","[0, 0, '-Inf', 0]",model_slope_sd_zero,True,True,False,False
6,92623006,P6_A_LOW_RHO0,M2,24,100,2400,0.0,0.1,0.02,0.03,0.03,4584797319eecf81b81597ade82cc80f2fdff9e95b6c726cdaa43e7c751d05c2,-1.7056792549194666e-18,0.5,50,50,0.5,0.5,0.5,,25.0,25.0,600.0,0.018067103792917732,0.5466152722785753,0.7187080520091875,0.0,0.0,,M2,True,True,boundary (singular) fit: see help('isSingular'),-0.0302,0.0851,0.7229,-0.1971,0.1367,False,-0.1302,True,0.0,0.0,NA,0.1166,0.0,"[0.1166, 0, 0]","[0, 0, 0]",model_slope_sd_zero,True,True,False,False
6,92623006,P6_B_LOW_RHO30,M1,24,100,2400,0.3,0.1,0.02,0.03,0.03,42c41cfd7ad1d660055fd5a3d6d6e7c55c8fbf11d922648f537b0cc9a98f9986,-1.7056792549194666e-18,0.5,50,50,0.5,0.5,0.5,,25.0,25.0,600.0,0.33078625338066453,0.5466152722785753,0.7187316062046133,0.0,0.0,,M1,True,True,boundary (singular) fit: see help('isSingular'),-0.0302,0.0851,0.7229,-0.1971,0.1367,False,-0.1302,True,0.0,3.5398e-08,NaN,0.1223,0.0,"[0.1223, 0, -3.5398e-08, 0]","[0, 0, '-Inf', 0]",model_slope_sd_zero,True,True,False,False
6,92623006,P6_B_LOW_RHO30,M2,24,100,2400,0.3,0.1,0.02,0.03,0.03,42c41cfd7ad1d660055fd5a3d6d6e7c55c8fbf11d922648f537b0cc9a98f9986,-1.7056792549194666e-18,0.5,50,50,0.5,0.5,0.5,,25.0,25.0,600.0,0.33078625338066453,0.5466152722785753,0.7187316062046133,0.0,0.0,,M2,True,True,boundary (singular) fit: see help('isSingular'),-0.0302,0.0851,0.7229,-0.1971,0.1367,False,-0.1302,True,0.0,0.0,NA,0.1223,0.0,"[0.1223, 0, 0]","[0, 0, 0]",model_slope_sd_zero,True,True,False,False
6,92623006,P6_C_HIGH_RHO0,M1,100,400,40000,0.0,0.1,0.02,0.03,0.03,bac157753bb276fad3fb85a0e956d9f540491c5da15a6d2d134eff5354db8bbd,-5.495702984584077e-19,0.5,200,200,0.5,0.5,0.5,,100.0,100.0,10000.0,-0.07954180208599214,0.5218554649332848,0.7380430839074341,0.0,0.0,,M1,True,True,[],0.0551,0.0211,0.0089,0.0138,0.0964,True,-0.0449,False,0.0,0.0341,NaN,0.0,0.0,"[0, 0, -0.0341, 0.001]","[0, 0, '-Inf', 0]",model_intercept_sd_zero,False,True,True,False
6,92623006,P6_C_HIGH_RHO0,M2,100,400,40000,0.0,0.1,0.02,0.03,0.03,bac157753bb276fad3fb85a0e956d9f540491c5da15a6d2d134eff5354db8bbd,-5.495702984584077e-19,0.5,200,200,0.5,0.5,0.5,,100.0,100.0,10000.0,-0.07954180208599214,0.5218554649332848,0.7380430839074341,0.0,0.0,,M2,True,True,[],0.055,0.0208,0.0082,0.0142,0.0957,True,-0.045,False,0.037,0.0,NA,2.7432e-07,4.4511e-10,"[2.7432e-07, 0.037, 0]","[0, 0, 0]",model_slope_sd_zero,True,False,True,False
6,92623006,P6_D_HIGH_RHO30,M1,100,400,40000,0.3,0.1,0.02,0.03,0.03,d799b1025cd056c7e4a96b56453390b2e61b4f99206a33501f5fef0dbca61802,-5.495702984584077e-19,0.5,200,200,0.5,0.5,0.5,,100.0,100.0,10000.0,0.24385164656024286,0.5218554649332848,0.7384649293454145,0.0,0.0,,M1,True,True,[],0.0552,0.0211,0.009,0.0138,0.0966,True,-0.0448,False,0.0,0.0369,NaN,0.0,0.0,"[0, 0, -0.0368, 0.0008]","[0, 0, '-Inf', 0]",model_intercept_sd_zero,False,True,True,False
6,92623006,P6_D_HIGH_RHO30,M2,100,400,40000,0.3,0.1,0.02,0.03,0.03,d799b1025cd056c7e4a96b56453390b2e61b4f99206a33501f5fef0dbca61802,-5.495702984584077e-19,0.5,200,200,0.5,0.5,0.5,,100.0,100.0,10000.0,0.24385164656024286,0.5218554649332848,0.7384649293454145,0.0,0.0,,M2,True,True,[],0.055,0.0208,0.0082,0.0142,0.0957,True,-0.045,False,0.039,0.0,NA,0.0,3.1071e-10,"[0, 0.039, 0]","[0, 0, 0]",model_slope_sd_zero,True,False,True,False
7,92623007,P6_A_LOW_RHO0,M1,24,100,2400,0.0,0.1,0.02,0.03,0.03,8f14126c77080fa5e07a427fb2a7ccf4fba187293ac641feb6b616a01c683eb6,1.1149744119574534e-18,0.5,50,50,0.5,0.5,0.5,,25.0,25.0,600.0,-0.2065585508713642,0.5384052788698654,0.7250070880609978,0.0,0.0,,M1,True,True,boundary (singular) fit: see help('isSingular'),0.168,0.0848,0.0477,0.0017,0.3343,True,0.068,True,0.0,2.0405e-07,NaN,0.1715,0.0,"[0.1715, 0, 2.0405e-07, 0]","[0, 0, '-Inf', 0]",model_slope_sd_zero,True,True,False,False
7,92623007,P6_A_LOW_RHO0,M2,24,100,2400,0.0,0.1,0.02,0.03,0.03,8f14126c77080fa5e07a427fb2a7ccf4fba187293ac641feb6b616a01c683eb6,1.1149744119574534e-18,0.5,50,50,0.5,0.5,0.5,,25.0,25.0,600.0,-0.2065585508713642,0.5384052788698654,0.7250070880609978,0.0,0.0,,M2,True,True,boundary (singular) fit: see help('isSingular'),0.168,0.0848,0.0477,0.0017,0.3343,True,0.068,True,0.0,0.0,NA,0.1715,0.0,"[0.1715, 0, 0]","[0, 0, 0]",model_slope_sd_zero,True,True,False,False
7,92623007,P6_B_LOW_RHO30,M1,24,100,2400,0.3,0.1,0.02,0.03,0.03,ee7924960e518ade462d333ee39ae70b47b7029c6e1aee2deb9b4f32ef4878eb,1.1149744119574534e-18,0.5,50,50,0.5,0.5,0.5,,25.0,25.0,600.0,0.14605601983277308,0.5384052788698654,0.726011846524802,0.0,0.0,,M1,True,True,boundary (singular) fit: see help('isSingular'),0.1643,0.0849,0.0528,-0.002,0.3306,False,0.0643,True,1.8728e-06,3.7065e-06,-1,0.18,-4.039e-28,"[0.18, 1.8728e-06, -3.7065e-06, 0]","[0, 0, '-Inf', 0]",model_slope_sd_zero,True,True,False,True
7,92623007,P6_B_LOW_RHO30,M2,24,100,2400,0.3,0.1,0.02,0.03,0.03,ee7924960e518ade462d333ee39ae70b47b7029c6e1aee2deb9b4f32ef4878eb,1.1149744119574534e-18,0.5,50,50,0.5,0.5,0.5,,25.0,25.0,600.0,0.14605601983277308,0.5384052788698654,0.726011846524802,0.0,0.0,,M2,True,True,boundary (singular) fit: see help('isSingular'),0.1643,0.0849,0.0528,-0.002,0.3306,False,0.0643,True,0.0,1.0676e-07,NA,0.18,0.0,"[0.18, 0, 1.0676e-07]","[0, 0, 0]",model_slope_sd_zero,True,True,False,False
7,92623007,P6_C_HIGH_RHO0,M1,100,400,40000,0.0,0.1,0.02,0.03,0.03,a73ac88a96363426c873c9533cabfe951edb319f1da794cff4a243ffbd15c68f,6.465264988921895e-20,0.5,200,200,0.5,0.5,0.5,,100.0,100.0,10000.0,-0.09795059367887927,0.5261184166456884,0.7347283546628985,0.0,0.0,,M1,True,True,[],0.1301,0.0215,1.4926e-09,0.0879,0.1723,True,0.0301,True,0.0,0.0557,NaN,0.0,0.0,"[0, 0, 0.0557, 0.0015]","[0, 0, '-Inf', 0]",model_intercept_sd_zero,False,True,True,False
7,92623007,P6_C_HIGH_RHO0,M2,100,400,40000,0.0,0.1,0.02,0.03,0.03,a73ac88a96363426c873c9533cabfe951edb319f1da794cff4a243ffbd15c68f,6.465264988921895e-20,0.5,200,200,0.5,0.5,0.5,,100.0,100.0,10000.0,-0.09795059367887927,0.5261184166456884,0.7347283546628985,0.0,0.0,,M2,True,True,[],0.1301,0.0215,1.4924e-09,0.0879,0.1723,True,0.0301,True,0.0,0.0557,NA,0.0,0.0,"[0, 0, 0.0557]","[0, 0, 0]",model_intercept_sd_zero,False,True,True,False
7,92623007,P6_D_HIGH_RHO30,M1,100,400,40000,0.3,0.1,0.02,0.03,0.03,ec404a5a707c4f5ae9b3d5727c3083d2fc669d7d74e9b6ee2bf13dab6cc80166,6.465264988921895e-20,0.5,200,200,0.5,0.5,0.5,,100.0,100.0,10000.0,0.22220955737655862,0.5261184166456884,0.7360555850239416,0.0,0.0,,M1,True,True,[],0.1301,0.0218,2.2085e-09,0.0875,0.1727,True,0.0301,True,0.0,0.0637,NaN,0.0,0.0,"[0, 0, 0.0636, 0.0028]","[0, 0, '-Inf', 0]",model_intercept_sd_zero,False,True,True,False
7,92623007,P6_D_HIGH_RHO30,M2,100,400,40000,0.3,0.1,0.02,0.03,0.03,ec404a5a707c4f5ae9b3d5727c3083d2fc669d7d74e9b6ee2bf13dab6cc80166,6.465264988921895e-20,0.5,200,200,0.5,0.5,0.5,,100.0,100.0,10000.0,0.22220955737655862,0.5261184166456884,0.7360555850239416,0.0,0.0,,M2,True,True,[],0.1301,0.0218,2.2094e-09,0.0875,0.1727,True,0.0301,True,6.7871e-07,0.0637,NA,0.0,4.6065e-13,"[0, 6.7871e-07, 0.0637]","[0, 0, 0]",model_intercept_sd_zero,False,True,True,False
8,92623008,P6_A_LOW_RHO0,M1,24,100,2400,0.0,0.1,0.02,0.03,0.03,bfeea405bbe9feaac1608c489729f83221c3615c17ce0a5f19e33b44ab699069,-2.6373261413845797e-18,0.5,50,50,0.5,0.5,0.5,,25.0,25.0,600.0,0.12582825528320696,0.5358893929861449,0.7130472060715035,0.0,0.0,,M1,True,True,boundary (singular) fit: see help('isSingular'),0.209,0.0858,0.0149,0.0407,0.3772,True,0.109,True,0.0895,0.0446,-1,0.0,0.0,"[0, 0.0895, -0.0446, 0]","[0, 0, '-Inf', 0]",model_corr_boundary,False,False,True,True
8,92623008,P6_A_LOW_RHO0,M2,24,100,2400,0.0,0.1,0.02,0.03,0.03,bfeea405bbe9feaac1608c489729f83221c3615c17ce0a5f19e33b44ab699069,-2.6373261413845797e-18,0.5,50,50,0.5,0.5,0.5,,25.0,25.0,600.0,0.12582825528320696,0.5358893929861449,0.7130472060715035,0.0,0.0,,M2,True,True,boundary (singular) fit: see help('isSingular'),0.2096,0.0853,0.0141,0.0423,0.3768,True,0.1096,True,0.0495,0.0,NA,0.0,0.0,"[0, 0.0495, 0]","[0, 0, 0]",model_slope_sd_zero,True,False,True,False
8,92623008,P6_B_LOW_RHO30,M1,24,100,2400,0.3,0.1,0.02,0.03,0.03,30a30b8dc8f79fb8e219703d7fa25e519190b193955990d0376d03428b0f6ca2,-2.6373261413845797e-18,0.5,50,50,0.5,0.5,0.5,,25.0,25.0,600.0,0.40695066776367667,0.5358893929861449,0.7121920024482676,0.0,0.0,,M1,True,True,boundary (singular) fit: see help('isSingular'),0.2052,0.0858,0.0167,0.0371,0.3733,True,0.1052,True,0.0913,0.0432,-1,0.0,4.3368e-19,"[0, 0.0913, -0.0432, 0]","[0, 0, '-Inf', 0]",model_corr_boundary,False,False,True,True
8,92623008,P6_B_LOW_RHO30,M2,24,100,2400,0.3,0.1,0.02,0.03,0.03,30a30b8dc8f79fb8e219703d7fa25e519190b193955990d0376d03428b0f6ca2,-2.6373261413845797e-18,0.5,50,50,0.5,0.5,0.5,,25.0,25.0,600.0,0.40695066776367667,0.5358893929861449,0.7121920024482676,0.0,0.0,,M2,True,True,boundary (singular) fit: see help('isSingular'),0.2058,0.0853,0.0158,0.0386,0.373,True,0.1058,True,0.0559,0.0,NA,0.0,0.0,"[0, 0.0559, 0]","[0, 0, 0]",model_slope_sd_zero,True,False,True,False
8,92623008,P6_C_HIGH_RHO0,M1,100,400,40000,0.0,0.1,0.02,0.03,0.03,72b2460d4cb5c927a40cd7a855b18483368ee1e41cfdf1bcd5578c302743f46f,-3.5354041293357486e-19,0.5,200,200,0.5,0.5,0.5,,100.0,100.0,10000.0,0.31182820660759597,0.5230708573239965,0.7297914795946078,0.0,0.0,,M1,True,True,[],0.1334,0.0227,3.8401e-09,0.089,0.1778,True,0.0334,True,0.0681,0.0883,-1,0.0691,5.4205e-13,"[0.0691, 0.0681, -0.0883, 1.2059e-06]","[0, 0, '-Inf', 0]",model_corr_boundary,False,False,False,True
8,92623008,P6_C_HIGH_RHO0,M2,100,400,40000,0.0,0.1,0.02,0.03,0.03,72b2460d4cb5c927a40cd7a855b18483368ee1e41cfdf1bcd5578c302743f46f,-3.5354041293357486e-19,0.5,200,200,0.5,0.5,0.5,,100.0,100.0,10000.0,0.31182820660759597,0.5230708573239965,0.7297914795946078,0.0,0.0,,M2,True,True,[],0.1339,0.0209,1.3626e-10,0.093,0.1748,True,0.0339,True,0.0,0.0,NA,0.0694,0.0,"[0.0694, 0, 0]","[0, 0, 0]",model_slope_sd_zero,True,True,False,False
8,92623008,P6_D_HIGH_RHO30,M1,100,400,40000,0.3,0.1,0.02,0.03,0.03,8d10baf971ef859a5eb70482afb3d6db90c49d3d98bfe00c46530ded8f1a845f,-3.5354041293357486e-19,0.5,200,200,0.5,0.5,0.5,,100.0,100.0,10000.0,0.5613554121982777,0.5230708573239965,0.731305796104182,0.0,0.0,,M1,True,True,[],0.1345,0.0226,2.722e-09,0.0902,0.1789,True,0.0345,True,0.0676,0.0875,-1,0.0702,0.0,"[0.0702, 0.0676, -0.0875, 0]","[0, 0, '-Inf', 0]",model_corr_boundary,False,False,False,True
8,92623008,P6_D_HIGH_RHO30,M2,100,400,40000,0.3,0.1,0.02,0.03,0.03,8d10baf971ef859a5eb70482afb3d6db90c49d3d98bfe00c46530ded8f1a845f,-3.5354041293357486e-19,0.5,200,200,0.5,0.5,0.5,,100.0,100.0,10000.0,0.5613554121982777,0.5230708573239965,0.731305796104182,0.0,0.0,,M2,True,True,[],0.135,0.0209,9.6683e-11,0.0941,0.1759,True,0.035,True,0.0,0.0,NA,0.0705,0.0,"[0.0705, 0, 0]","[0, 0, 0]",model_slope_sd_zero,True,True,False,False
9,92623009,P6_A_LOW_RHO0,M1,24,100,2400,0.0,0.1,0.02,0.03,0.03,3a48fda84c5aad8b5bfaa8c19ebc3b95c030fa40f9f267689db619e6fc14708a,1.7100383345177529e-18,0.5,50,50,0.5,0.5,0.5,,25.0,25.0,600.0,-0.040286661429562845,0.5449097105690661,0.7298115843093691,0.0,0.0,,M1,True,True,boundary (singular) fit: see help('isSingular'),0.076,0.0947,0.4224,-0.1097,0.2617,False,-0.024,True,0.1519,0.1982,-1,0.0,0.0,"[0, 0.1519, -0.1982, 0]","[0, 0, '-Inf', 0]",model_corr_boundary,False,False,True,True
9,92623009,P6_A_LOW_RHO0,M2,24,100,2400,0.0,0.1,0.02,0.03,0.03,3a48fda84c5aad8b5bfaa8c19ebc3b95c030fa40f9f267689db619e6fc14708a,1.7100383345177529e-18,0.5,50,50,0.5,0.5,0.5,,25.0,25.0,600.0,-0.040286661429562845,0.5449097105690661,0.7298115843093691,0.0,0.0,,M2,True,True,boundary (singular) fit: see help('isSingular'),0.0774,0.0856,0.3657,-0.0904,0.2453,False,-0.0226,True,0.012,3.6862e-09,NA,1.731e-22,1.3588e-17,"[1.731e-22, 0.012, 3.6862e-09]","[0, 0, 0]",model_slope_sd_zero,True,False,True,False
9,92623009,P6_B_LOW_RHO30,M1,24,100,2400,0.3,0.1,0.02,0.03,0.03,f3f41cb0244df8e5dd8fc995862ecff7a61fd2495cee617921031fa522c6335a,1.7100383345177529e-18,0.5,50,50,0.5,0.5,0.5,,25.0,25.0,600.0,0.2692176389684003,0.5440066243059892,0.732127572920951,0.0,0.0,,M1,True,True,boundary (singular) fit: see help('isSingular'),0.0851,0.0858,0.3218,-0.0832,0.2533,False,-0.0149,True,0.0,0.026,NaN,0.0,0.0,"[0, 0, 0.0208, 0.0155]","[0, 0, '-Inf', 0]",model_intercept_sd_zero,False,True,True,False
9,92623009,P6_B_LOW_RHO30,M2,24,100,2400,0.3,0.1,0.02,0.03,0.03,f3f41cb0244df8e5dd8fc995862ecff7a61fd2495cee617921031fa522c6335a,1.7100383345177529e-18,0.5,50,50,0.5,0.5,0.5,,25.0,25.0,600.0,0.2692176389684003,0.5440066243059892,0.732127572920951,0.0,0.0,,M2,True,True,boundary (singular) fit: see help('isSingular'),0.0849,0.0857,0.3215,-0.083,0.2529,False,-0.0151,True,0.0385,0.0,NA,2.7898e-07,6.9927e-10,"[2.7898e-07, 0.0385, 0]","[0, 0, 0]",model_slope_sd_zero,True,False,True,False
9,92623009,P6_C_HIGH_RHO0,M1,100,400,40000,0.0,0.1,0.02,0.03,0.03,ecabe376d623cb562a0d8caf6b30099dab019e9bdddc276f294fd941fd418b07,5.47159665073863e-19,0.5,200,200,0.5,0.5,0.5,,100.0,100.0,10000.0,-0.08752955660036815,0.5149017993300334,0.7298115843093691,0.0,0.0,,M1,True,True,[],0.0946,0.0211,7.5833e-06,0.0532,0.136,True,-0.0054,True,0.0092,0.0382,-1,0.0,1.9667e-11,"[0, 0.0092, -0.0382, 0]","[0, 0, '-Inf', 0]",model_corr_boundary,False,False,True,True
9,92623009,P6_C_HIGH_RHO0,M2,100,400,40000,0.0,0.1,0.02,0.03,0.03,ecabe376d623cb562a0d8caf6b30099dab019e9bdddc276f294fd941fd418b07,5.47159665073863e-19,0.5,200,200,0.5,0.5,0.5,,100.0,100.0,10000.0,-0.08752955660036815,0.5149017993300334,0.7298115843093691,0.0,0.0,,M2,True,True,[],0.0946,0.021,6.3844e-06,0.0535,0.1356,True,-0.0054,True,3.2605e-07,0.0268,NA,0.0,1.0631e-13,"[0, 3.2605e-07, 0.0268]","[0, 0, 0]",model_intercept_sd_zero,False,True,True,False
9,92623009,P6_D_HIGH_RHO30,M1,100,400,40000,0.3,0.1,0.02,0.03,0.03,159c07989f34964d5905598fac976a1ce76b8b7907d542a3288beb1c84ad0901,5.47159665073863e-19,0.5,200,200,0.5,0.5,0.5,,100.0,100.0,10000.0,0.22023565429300765,0.5149017993300334,0.732127572920951,0.0,0.0,,M1,True,True,[],0.0976,0.0209,3.1111e-06,0.0566,0.1386,True,-0.0024,True,0.0007,0.0245,-0.9998,0.0,1.9356e-10,"[0, 0.0007, -0.0245, 0.0005]","[0, 0, '-Inf', 0]",model_corr_boundary,False,False,True,True
9,92623009,P6_D_HIGH_RHO30,M2,100,400,40000,0.3,0.1,0.02,0.03,0.03,159c07989f34964d5905598fac976a1ce76b8b7907d542a3288beb1c84ad0901,5.47159665073863e-19,0.5,200,200,0.5,0.5,0.5,,100.0,100.0,10000.0,0.22023565429300765,0.5149017993300334,0.732127572920951,0.0,0.0,,M2,True,True,[],0.0976,0.0209,3.0816e-06,0.0566,0.1386,True,-0.0024,True,0.0,0.0238,NA,0.0,0.0,"[0, 0, 0.0238]","[0, 0, 0]",model_intercept_sd_zero,False,True,True,False
10,92623010,P6_A_LOW_RHO0,M1,24,100,2400,0.0,0.1,0.02,0.03,0.03,849251fd469bdf68a3b05ac26ab5695cb92df23dd919fc1a087d7a74c3c70d72,-1.4956224596763573e-18,0.5,50,50,0.5,0.5,0.5,,25.0,25.0,600.0,-0.09601868479961516,0.535563944713398,0.7176765746697369,0.0,0.0,,M1,True,True,boundary (singular) fit: see help('isSingular'),0.0512,0.088,0.5604,-0.1212,0.2237,False,-0.0488,True,0.1511,0.1173,-1,0.1111,0.0,"[0.1111, 0.1511, -0.1173, 0]","[0, 0, '-Inf', 0]",model_corr_boundary,False,False,False,True
10,92623010,P6_A_LOW_RHO0,M2,24,100,2400,0.0,0.1,0.02,0.03,0.03,849251fd469bdf68a3b05ac26ab5695cb92df23dd919fc1a087d7a74c3c70d72,-1.4956224596763573e-18,0.5,50,50,0.5,0.5,0.5,,25.0,25.0,600.0,-0.09601868479961516,0.535563944713398,0.7176765746697369,0.0,0.0,,M2,True,True,boundary (singular) fit: see help('isSingular'),0.0539,0.0846,0.5243,-0.112,0.2198,False,-0.0461,True,0.0816,0.0,NA,0.1114,0.0,"[0.1114, 0.0816, 0]","[0, 0, 0]",model_slope_sd_zero,True,False,False,False
10,92623010,P6_B_LOW_RHO30,M1,24,100,2400,0.3,0.1,0.02,0.03,0.03,28c9e79dba2c9d87f7112ceaab7e8522be2fb784ce48446a43d023d5aabc3b3f,-1.4956224596763573e-18,0.5,50,50,0.5,0.5,0.5,,25.0,25.0,600.0,0.16986615139316483,0.535563944713398,0.7184159108769999,0.0,0.0,,M1,True,True,boundary (singular) fit: see help('isSingular'),0.0476,0.0876,0.5863,-0.124,0.2192,False,-0.0524,True,0.1521,0.1091,-1,0.1178,-3.4694e-18,"[0.1178, 0.1521, -0.1091, 0]","[0, 0, '-Inf', 0]",model_corr_boundary,False,False,False,True
10,92623010,P6_B_LOW_RHO30,M2,24,100,2400,0.3,0.1,0.02,0.03,0.03,28c9e79dba2c9d87f7112ceaab7e8522be2fb784ce48446a43d023d5aabc3b3f,-1.4956224596763573e-18,0.5,50,50,0.5,0.5,0.5,,25.0,25.0,600.0,0.16986615139316483,0.535563944713398,0.7184159108769999,0.0,0.0,,M2,True,True,boundary (singular) fit: see help('isSingular'),0.0503,0.0847,0.5527,-0.1157,0.2162,False,-0.0497,True,0.0888,0.0,NA,0.1179,0.0,"[0.1179, 0.0888, 0]","[0, 0, 0]",model_slope_sd_zero,True,False,False,False
10,92623010,P6_C_HIGH_RHO0,M1,100,400,40000,0.0,0.1,0.02,0.03,0.03,e98550b9a77bf45620df717f0b6cb1627458104eb8656009b9552a4af3af9d79,4.90117470518591e-19,0.5,200,200,0.5,0.5,0.5,,100.0,100.0,10000.0,0.11572594714837563,0.512916082075036,0.7340889260329462,0.0,0.0,,M1,True,True,[],0.0969,0.0219,9.2999e-06,0.0541,0.1398,True,-0.0031,True,0.0,0.069,NaN,0.0,0.0,"[0, 0, -0.0647, 0.0238]","[0, 0, '-Inf', 0]",model_intercept_sd_zero,False,True,True,False
10,92623010,P6_C_HIGH_RHO0,M2,100,400,40000,0.0,0.1,0.02,0.03,0.03,e98550b9a77bf45620df717f0b6cb1627458104eb8656009b9552a4af3af9d79,4.90117470518591e-19,0.5,200,200,0.5,0.5,0.5,,100.0,100.0,10000.0,0.11572594714837563,0.512916082075036,0.7340889260329462,0.0,0.0,,M2,True,True,[],0.0969,0.0219,9.2994e-06,0.0541,0.1398,True,-0.0031,True,0.0,0.069,NA,0.0,6.2461e-10,"[0, 0, 0.069]","[0, 0, 0]",model_intercept_sd_zero,False,True,True,False
10,92623010,P6_D_HIGH_RHO30,M1,100,400,40000,0.3,0.1,0.02,0.03,0.03,63dd1924ab5fad0b666e4feeb6e535c430640c0a0b244b2160256ff86359cfbd,4.90117470518591e-19,0.5,200,200,0.5,0.5,0.5,,100.0,100.0,10000.0,0.360921218074671,0.512916082075036,0.7348011644227059,0.0,0.0,,M1,True,True,[],0.0971,0.0219,8.9367e-06,0.0543,0.14,True,-0.0029,True,0.0,0.0692,NaN,0.0,0.0,"[0, 0, -0.0684, 0.0105]","[0, 0, '-Inf', 0]",model_intercept_sd_zero,False,True,True,False
10,92623010,P6_D_HIGH_RHO30,M2,100,400,40000,0.3,0.1,0.02,0.03,0.03,63dd1924ab5fad0b666e4feeb6e535c430640c0a0b244b2160256ff86359cfbd,4.90117470518591e-19,0.5,200,200,0.5,0.5,0.5,,100.0,100.0,10000.0,0.360921218074671,0.512916082075036,0.7348011644227059,0.0,0.0,,M2,True,True,[],0.0971,0.0219,8.9351e-06,0.0543,0.14,True,-0.0029,True,0.0,0.0692,NA,0.0,2.2699e-10,"[0, 0, 0.0692]","[0, 0, 0]",model_intercept_sd_zero,False,True,True,False
11,92623011,P6_A_LOW_RHO0,M1,24,100,2400,0.0,0.1,0.02,0.03,0.03,b5a50c3d84796203d58b79e5db2dda61e27d466391baaf300eadbe6586bf6314,-4.733411916576675e-18,0.5,50,50,0.5,0.5,0.5,,25.0,25.0,600.0,-0.287738826622632,0.5182752828403355,0.7131366727327895,0.0,0.0,,M1,True,True,boundary (singular) fit: see help('isSingular'),-0.0241,0.0896,0.7882,-0.1996,0.1515,False,-0.1241,True,0.0,0.1322,NaN,0.0,0.0,"[0, 0, -0.1313, 0.0153]","[0, 0, '-Inf', 0]",model_intercept_sd_zero,False,True,True,False
11,92623011,P6_A_LOW_RHO0,M2,24,100,2400,0.0,0.1,0.02,0.03,0.03,b5a50c3d84796203d58b79e5db2dda61e27d466391baaf300eadbe6586bf6314,-4.733411916576675e-18,0.5,50,50,0.5,0.5,0.5,,25.0,25.0,600.0,-0.287738826622632,0.5182752828403355,0.7131366727327895,0.0,0.0,,M2,True,True,boundary (singular) fit: see help('isSingular'),-0.0241,0.0896,0.7882,-0.1996,0.1515,False,-0.1241,True,5.8159e-07,0.1322,NA,0.0,3.3825e-13,"[0, 5.8159e-07, 0.1322]","[0, 0, 0]",model_intercept_sd_zero,False,True,True,False
11,92623011,P6_B_LOW_RHO30,M1,24,100,2400,0.3,0.1,0.02,0.03,0.03,23d77a642be9792db72ce18443702604699a67766ab02e5c08c6222efa49235f,-4.733411916576675e-18,0.5,50,50,0.5,0.5,0.5,,25.0,25.0,600.0,0.018196185911804028,0.5182752828403355,0.7139204557385296,0.0,0.0,,M1,True,True,boundary (singular) fit: see help('isSingular'),-0.0162,0.0888,0.8551,-0.1902,0.1578,False,-0.1162,True,0.0267,0.1183,1,0.0,0.0,"[0, 0.0267, 0.1183, 0]","[0, 0, '-Inf', 0]",model_corr_boundary,False,False,True,True
11,92623011,P6_B_LOW_RHO30,M2,24,100,2400,0.3,0.1,0.02,0.03,0.03,23d77a642be9792db72ce18443702604699a67766ab02e5c08c6222efa49235f,-4.733411916576675e-18,0.5,50,50,0.5,0.5,0.5,,25.0,25.0,600.0,0.018196185911804028,0.5182752828403355,0.7139204557385296,0.0,0.0,,M2,True,True,boundary (singular) fit: see help('isSingular'),-0.0162,0.0902,0.8575,-0.193,0.1606,False,-0.1162,True,0.0,0.1422,NA,0.0,0.0,"[0, 0, 0.1422]","[0, 0, 0]",model_intercept_sd_zero,False,True,True,False
11,92623011,P6_C_HIGH_RHO0,M1,100,400,40000,0.0,0.1,0.02,0.03,0.03,e78771bdcc0f835081fde6703cd2a8939359139f1bda618da71a2757854404ff,-1.550060178541301e-19,0.5,200,200,0.5,0.5,0.5,,100.0,100.0,10000.0,-0.10225399979513522,0.5066030621042027,0.7258922927008926,0.0,0.0,,M1,True,True,[],0.0744,0.021,0.0004,0.0331,0.1156,True,-0.0256,True,0.0,0.028,NaN,0.0,0.0,"[0, 0, 0.028, 0.0005]","[0, 0, '-Inf', 0]",model_intercept_sd_zero,False,True,True,False
11,92623011,P6_C_HIGH_RHO0,M2,100,400,40000,0.0,0.1,0.02,0.03,0.03,e78771bdcc0f835081fde6703cd2a8939359139f1bda618da71a2757854404ff,-1.550060178541301e-19,0.5,200,200,0.5,0.5,0.5,,100.0,100.0,10000.0,-0.10225399979513522,0.5066030621042027,0.7258922927008926,0.0,0.0,,M2,True,True,[],0.0744,0.021,0.0004,0.0331,0.1156,True,-0.0256,True,2.0703e-07,0.028,NA,2.9527e-07,4.2863e-14,"[2.9527e-07, 2.0703e-07, 0.028]","[0, 0, 0]",model_intercept_sd_zero,False,True,True,False
11,92623011,P6_D_HIGH_RHO30,M1,100,400,40000,0.3,0.1,0.02,0.03,0.03,12cd07493653ad9a837a9e6b7334f4c4120a8187299e31e6cda31f1df85c520c,-1.550060178541301e-19,0.5,200,200,0.5,0.5,0.5,,100.0,100.0,10000.0,0.24202300623810677,0.5066030621042027,0.7271562021908156,0.0,0.0,,M1,True,True,[],0.0769,0.0212,0.0003,0.0353,0.1184,True,-0.0231,True,0.0,0.038,NaN,0.0,0.0,"[0, 0, 0.0379, 0.0031]","[0, 0, '-Inf', 0]",model_intercept_sd_zero,False,True,True,False
11,92623011,P6_D_HIGH_RHO30,M2,100,400,40000,0.3,0.1,0.02,0.03,0.03,12cd07493653ad9a837a9e6b7334f4c4120a8187299e31e6cda31f1df85c520c,-1.550060178541301e-19,0.5,200,200,0.5,0.5,0.5,,100.0,100.0,10000.0,0.24202300623810677,0.5066030621042027,0.7271562021908156,0.0,0.0,,M2,True,True,[],0.0769,0.0212,0.0003,0.0353,0.1184,True,-0.0231,True,0.0,0.038,NA,0.0,0.0,"[0, 0, 0.038]","[0, 0, 0]",model_intercept_sd_zero,False,True,True,False
12,92623012,P6_A_LOW_RHO0,M1,24,100,2400,0.0,0.1,0.02,0.03,0.03,42e78e39df8af892750fe28a4203c3f8cfbbfdc99ef3fa5ef508fcfda8424d5c,-7.455404615196323e-19,0.5,50,50,0.5,0.5,0.5,,25.0,25.0,600.0,-0.7185128224274749,0.5510324426685316,0.7275011259953268,0.0,0.0,,M1,True,True,boundary (singular) fit: see help('isSingular'),-0.0326,0.0844,0.6996,-0.1981,0.1329,False,-0.1326,True,0.0435,0.0004,-1,0.0998,0.0,"[0.0998, 0.0435, -0.0004, 0]","[0, 0, '-Inf', 0]",model_corr_boundary,False,False,False,True
12,92623012,P6_A_LOW_RHO0,M2,24,100,2400,0.0,0.1,0.02,0.03,0.03,42e78e39df8af892750fe28a4203c3f8cfbbfdc99ef3fa5ef508fcfda8424d5c,-7.455404615196323e-19,0.5,50,50,0.5,0.5,0.5,,25.0,25.0,600.0,-0.7185128224274749,0.5510324426685316,0.7275011259953268,0.0,0.0,,M2,True,True,boundary (singular) fit: see help('isSingular'),-0.0326,0.0844,0.6996,-0.1981,0.1329,False,-0.1326,True,0.0433,0.0,NA,0.0998,0.0,"[0.0998, 0.0433, 0]","[0, 0, 0]",model_slope_sd_zero,True,False,False,False
12,92623012,P6_B_LOW_RHO30,M1,24,100,2400,0.3,0.1,0.02,0.03,0.03,1887aa628444104aa80d0408ff182e48c5bad7916a26bdbd88895370811fdf06,-7.455404615196323e-19,0.5,50,50,0.5,0.5,0.5,,25.0,25.0,600.0,-0.5499684767096741,0.5510324426685316,0.7261694672194074,0.0,0.0,,M1,True,True,boundary (singular) fit: see help('isSingular'),-0.0361,0.0844,0.6691,-0.2015,0.1294,False,-0.1361,True,0.0483,0.0014,1,0.0992,5.9006e-15,"[0.0992, 0.0483, 0.0014, 7.6849e-08]","[0, 0, '-Inf', 0]",model_corr_boundary,False,False,False,True
12,92623012,P6_B_LOW_RHO30,M2,24,100,2400,0.3,0.1,0.02,0.03,0.03,1887aa628444104aa80d0408ff182e48c5bad7916a26bdbd88895370811fdf06,-7.455404615196323e-19,0.5,50,50,0.5,0.5,0.5,,25.0,25.0,600.0,-0.5499684767096741,0.5510324426685316,0.7261694672194074,0.0,0.0,,M2,True,True,boundary (singular) fit: see help('isSingular'),-0.0361,0.0844,0.669,-0.2016,0.1294,False,-0.1361,True,0.049,0.0,NA,0.0992,0.0,"[0.0992, 0.049, 0]","[0, 0, 0]",model_slope_sd_zero,True,False,False,False
12,92623012,P6_C_HIGH_RHO0,M1,100,400,40000,0.0,0.1,0.02,0.03,0.03,3ab910616866dfe0270105666c934c0ac77353d4b1beaa1e26700430f9d67c3d,-6.403415376291418e-19,0.5,200,200,0.5,0.5,0.5,,100.0,100.0,10000.0,-0.12184649731540637,0.5172139654648321,0.72957818243912,0.0,0.0,,M1,True,True,[],0.1003,0.022,4.9004e-06,0.0573,0.1433,True,0.0003,True,0.0176,0.0708,-1,0.0,5.421e-20,"[0, 0.0176, -0.0708, 0]","[0, 0, '-Inf', 0]",model_corr_boundary,False,False,True,True
12,92623012,P6_C_HIGH_RHO0,M2,100,400,40000,0.0,0.1,0.02,0.03,0.03,3ab910616866dfe0270105666c934c0ac77353d4b1beaa1e26700430f9d67c3d,-6.403415376291418e-19,0.5,200,200,0.5,0.5,0.5,,100.0,100.0,10000.0,-0.12184649731540637,0.5172139654648321,0.72957818243912,0.0,0.0,,M2,True,True,[],0.1003,0.0213,2.5923e-06,0.0585,0.1421,True,0.0003,True,0.0,0.0483,NA,0.0,0.0,"[0, 0, 0.0483]","[0, 0, 0]",model_intercept_sd_zero,False,True,True,False
12,92623012,P6_D_HIGH_RHO30,M1,100,400,40000,0.3,0.1,0.02,0.03,0.03,dba3eb67413948ee633344325f972986525d9b98a3a3ac7e4b4020ede6229523,-6.403415376291418e-19,0.5,200,200,0.5,0.5,0.5,,100.0,100.0,10000.0,0.15076179162129943,0.5172139654648321,0.7310977077621846,0.0,0.0,,M1,True,True,[],0.0985,0.0218,6.4221e-06,0.0557,0.1413,True,-0.0015,True,0.0167,0.0671,-1,0.0,1.0842e-19,"[0, 0.0167, -0.0671, 0]","[0, 0, '-Inf', 0]",model_corr_boundary,False,False,True,True
12,92623012,P6_D_HIGH_RHO30,M2,100,400,40000,0.3,0.1,0.02,0.03,0.03,dba3eb67413948ee633344325f972986525d9b98a3a3ac7e4b4020ede6229523,-6.403415376291418e-19,0.5,200,200,0.5,0.5,0.5,,100.0,100.0,10000.0,0.15076179162129943,0.5172139654648321,0.7310977077621846,0.0,0.0,,M2,True,True,[],0.0985,0.0213,3.6249e-06,0.0568,0.1402,True,-0.0015,True,0.0,0.0453,NA,0.0,0.0,"[0, 0, 0.0453]","[0, 0, 0]",model_intercept_sd_zero,False,True,True,False
13,92623013,P6_A_LOW_RHO0,M1,24,100,2400,0.0,0.1,0.02,0.03,0.03,9503b9d46d18edc88fb6da35d387e8dc2bc655a38b00d5a8a84a9bf0f4649307,1.523036234429495e-18,0.5,50,50,0.5,0.5,0.5,,25.0,25.0,600.0,0.21820831603566668,0.5326133070059706,0.7166522099998357,0.0,0.0,,M1,True,False,[],0.2722,0.0974,0.0052,0.0812,0.4631,True,0.1722,True,0.1332,0.2214,-0.6125,0.1059,0.0095,"[0.1059, 0.1332, -0.1356, 0.175]","[0, 0, '-Inf', 0]",non_singular,False,False,False,False
13,92623013,P6_A_LOW_RHO0,M2,24,100,2400,0.0,0.1,0.02,0.03,0.03,9503b9d46d18edc88fb6da35d387e8dc2bc655a38b00d5a8a84a9bf0f4649307,1.523036234429495e-18,0.5,50,50,0.5,0.5,0.5,,25.0,25.0,600.0,0.21820831603566668,0.5326133070059706,0.7166522099998357,0.0,0.0,,M2,True,False,[],0.2733,0.0921,0.003,0.0928,0.4538,True,0.1733,True,0.082,0.1586,NA,0.109,0.0067,"[0.109, 0.082, 0.1586]","[0, 0, 0]",non_singular,False,False,False,False
13,92623013,P6_B_LOW_RHO30,M1,24,100,2400,0.3,0.1,0.02,0.03,0.03,c6e5547b7d1d9884263f2d101c73a8f70877d228564c88410b95974a2d19b744,1.523036234429495e-18,0.5,50,50,0.5,0.5,0.5,,25.0,25.0,600.0,0.4807007110098554,0.5326133070059706,0.7176414457894393,0.0,0.0,,M1,True,False,[],0.2714,0.0952,0.0043,0.0849,0.458,True,0.1714,True,0.1324,0.1972,-0.5429,0.0993,0.0105,"[0.0993, 0.1324, -0.1071, 0.1656]","[0, 0, '-Inf', 0]",non_singular,False,False,False,False
13,92623013,P6_B_LOW_RHO30,M2,24,100,2400,0.3,0.1,0.02,0.03,0.03,c6e5547b7d1d9884263f2d101c73a8f70877d228564c88410b95974a2d19b744,1.523036234429495e-18,0.5,50,50,0.5,0.5,0.5,,25.0,25.0,600.0,0.4807007110098554,0.5326133070059706,0.7176414457894393,0.0,0.0,,M2,True,False,[],0.2724,0.091,0.0028,0.094,0.4508,True,0.1724,True,0.0932,0.1434,NA,0.1019,0.0087,"[0.1019, 0.0932, 0.1434]","[0, 0, 0]",non_singular,False,False,False,False
13,92623013,P6_C_HIGH_RHO0,M1,100,400,40000,0.0,0.1,0.02,0.03,0.03,5fbcdeba77432534fe4d4c96071710b5b2a2dfa8d63ade959d156c4d3f8ec268,-4.58435762872612e-19,0.5,200,200,0.5,0.5,0.5,,100.0,100.0,10000.0,0.12990146382050405,0.5205464804518651,0.7332980313039837,0.0,0.0,,M1,True,True,[],0.1321,0.0223,2.9416e-09,0.0884,0.1757,True,0.0321,True,0.0525,0.0784,-1,0.0,2.1684e-19,"[0, 0.0525, -0.0784, 0]","[0, 0, '-Inf', 0]",model_corr_boundary,False,False,True,True
13,92623013,P6_C_HIGH_RHO0,M2,100,400,40000,0.0,0.1,0.02,0.03,0.03,5fbcdeba77432534fe4d4c96071710b5b2a2dfa8d63ade959d156c4d3f8ec268,-4.58435762872612e-19,0.5,200,200,0.5,0.5,0.5,,100.0,100.0,10000.0,0.12990146382050405,0.5205464804518651,0.7332980313039837,0.0,0.0,,M2,True,True,[],0.1322,0.0208,2.2124e-10,0.0913,0.173,True,0.0322,True,2.6995e-07,0.0,NA,0.0324,0.0,"[0.0324, 2.6995e-07, 0]","[0, 0, 0]",model_slope_sd_zero,True,True,False,False
13,92623013,P6_D_HIGH_RHO30,M1,100,400,40000,0.3,0.1,0.02,0.03,0.03,a5920fb6c56f8d12474c6408c1fc7e423a7191195c3552389c9272d1f4cdebab,-4.58435762872612e-19,0.5,200,200,0.5,0.5,0.5,,100.0,100.0,10000.0,0.3892488667497857,0.5205464804518651,0.7342030593156693,0.0,0.0,,M1,True,True,[],0.1303,0.0221,3.6125e-09,0.087,0.1736,True,0.0303,True,0.0504,0.0734,-1,0.0376,0.0,"[0.0376, 0.0504, -0.0734, 0]","[0, 0, '-Inf', 0]",model_corr_boundary,False,False,False,True
13,92623013,P6_D_HIGH_RHO30,M2,100,400,40000,0.3,0.1,0.02,0.03,0.03,a5920fb6c56f8d12474c6408c1fc7e423a7191195c3552389c9272d1f4cdebab,-4.58435762872612e-19,0.5,200,200,0.5,0.5,0.5,,100.0,100.0,10000.0,0.3892488667497857,0.5205464804518651,0.7342030593156693,0.0,0.0,,M2,True,True,[],0.1304,0.0208,3.7792e-10,0.0896,0.1712,True,0.0304,True,0.0,0.0,NA,0.0379,0.0,"[0.0379, 0, 0]","[0, 0, 0]",model_slope_sd_zero,True,True,False,False
14,92623014,P6_A_LOW_RHO0,M1,24,100,2400,0.0,0.1,0.02,0.03,0.03,d8cce9e7be3303784d841d12426a470671a05d2e62da0fa949351e6fa55d59d5,-4.924261537568161e-19,0.5,50,50,0.5,0.5,0.5,,25.0,25.0,600.0,0.1440583066939187,0.5428217157034025,0.7116917602770043,0.0,0.0,,M1,True,True,boundary (singular) fit: see help('isSingular'),0.1796,0.0859,0.0365,0.0112,0.348,True,0.0796,True,0.0229,0.0851,1,0.0,1.0428e-11,"[0, 0.0229, 0.0851, 0]","[0, 0, '-Inf', 0]",model_corr_boundary,False,False,True,True
14,92623014,P6_A_LOW_RHO0,M2,24,100,2400,0.0,0.1,0.02,0.03,0.03,d8cce9e7be3303784d841d12426a470671a05d2e62da0fa949351e6fa55d59d5,-4.924261537568161e-19,0.5,50,50,0.5,0.5,0.5,,25.0,25.0,600.0,0.1440583066939187,0.5428217157034025,0.7116917602770043,0.0,0.0,,M2,True,True,boundary (singular) fit: see help('isSingular'),0.1794,0.0865,0.038,0.0099,0.3488,True,0.0794,True,0.0,0.0976,NA,0.0,0.0,"[0, 0, 0.0976]","[0, 0, 0]",model_intercept_sd_zero,False,True,True,False
14,92623014,P6_B_LOW_RHO30,M1,24,100,2400,0.3,0.1,0.02,0.03,0.03,98ec99c94beacf745f1d9f434aebe312496dbf730a684abe1327b6ad79bf8f51,-4.924261537568161e-19,0.5,50,50,0.5,0.5,0.5,,25.0,25.0,600.0,0.4269660424202145,0.5428217157034025,0.7119630076453374,0.0,0.0,,M1,True,True,boundary (singular) fit: see help('isSingular'),0.1831,0.0857,0.0326,0.0151,0.3512,True,0.0831,True,0.0226,0.0802,1,0.0,-5.421e-20,"[0, 0.0226, 0.0802, 0]","[0, 0, '-Inf', 0]",model_corr_boundary,False,False,True,True
14,92623014,P6_B_LOW_RHO30,M2,24,100,2400,0.3,0.1,0.02,0.03,0.03,98ec99c94beacf745f1d9f434aebe312496dbf730a684abe1327b6ad79bf8f51,-4.924261537568161e-19,0.5,50,50,0.5,0.5,0.5,,25.0,25.0,600.0,0.4269660424202145,0.5428217157034025,0.7119630076453374,0.0,0.0,,M2,True,True,boundary (singular) fit: see help('isSingular'),0.1829,0.0862,0.0338,0.014,0.3518,True,0.0829,True,0.0,0.091,NA,0.0,0.0,"[0, 0, 0.091]","[0, 0, 0]",model_intercept_sd_zero,False,True,True,False
14,92623014,P6_C_HIGH_RHO0,M1,100,400,40000,0.0,0.1,0.02,0.03,0.03,89f7fc448008d0c2b5e4b18f1abca3681f6f989344a965d9edb2779f6da30e60,1.0361575950929454e-19,0.5,200,200,0.5,0.5,0.5,,100.0,100.0,10000.0,-0.06723462146936703,0.5110654632548871,0.7430748605351838,0.0,0.0,,M1,True,True,[],0.1251,0.0224,2.2561e-08,0.0813,0.169,True,0.0251,True,0.0136,0.0829,-1,0.0,6.017e-10,"[0, 0.0136, -0.0829, 0.0002]","[0, 0, '-Inf', 0]",model_corr_boundary,False,False,True,True
14,92623014,P6_C_HIGH_RHO0,M2,100,400,40000,0.0,0.1,0.02,0.03,0.03,89f7fc448008d0c2b5e4b18f1abca3681f6f989344a965d9edb2779f6da30e60,1.0361575950929454e-19,0.5,200,200,0.5,0.5,0.5,,100.0,100.0,10000.0,-0.06723462146936703,0.5110654632548871,0.7430748605351838,0.0,0.0,,M2,True,True,[],0.1252,0.0219,1.106e-08,0.0822,0.1681,True,0.0252,True,0.0,0.0691,NA,0.0,0.0,"[0, 0, 0.0691]","[0, 0, 0]",model_intercept_sd_zero,False,True,True,False
14,92623014,P6_D_HIGH_RHO30,M1,100,400,40000,0.3,0.1,0.02,0.03,0.03,0ae19c3ad571cc00e3b97c8785a0e5e112c3c96a88fe910fd6e10c06de96037a,1.0361575950929454e-19,0.5,200,200,0.5,0.5,0.5,,100.0,100.0,10000.0,0.2757655880842283,0.5110654632548871,0.746090383200313,0.0,0.0,,M1,True,True,[],0.1251,0.0223,1.9878e-08,0.0814,0.1688,True,0.0251,True,0.0123,0.0804,-1,6.7332e-07,7.8735e-10,"[6.7332e-07, 0.0123, -0.0804, 0.0002]","[0, 0, '-Inf', 0]",model_corr_boundary,False,False,True,True
14,92623014,P6_D_HIGH_RHO30,M2,100,400,40000,0.3,0.1,0.02,0.03,0.03,0ae19c3ad571cc00e3b97c8785a0e5e112c3c96a88fe910fd6e10c06de96037a,1.0361575950929454e-19,0.5,200,200,0.5,0.5,0.5,,100.0,100.0,10000.0,0.2757655880842283,0.5110654632548871,0.746090383200313,0.0,0.0,,M2,True,True,[],0.1251,0.0219,1.0535e-08,0.0823,0.168,True,0.0251,True,0.0,0.0679,NA,0.0,0.0,"[0, 0, 0.0679]","[0, 0, 0]",model_intercept_sd_zero,False,True,True,False
15,92623015,P6_A_LOW_RHO0,M1,24,100,2400,0.0,0.1,0.02,0.03,0.03,79a93dda1eb092d1100cbbe5f93cff143c470bbf4d1f9aa643c590da9ffc4a11,-2.265249893396513e-19,0.5,50,50,0.5,0.5,0.5,,25.0,25.0,600.0,0.08651342069506476,0.5444152974378331,0.7229636427315629,0.0,0.0,,M1,True,True,boundary (singular) fit: see help('isSingular'),0.0193,0.0876,0.8261,-0.1525,0.191,False,-0.0807,True,0.0,0.0972,NaN,0.0,0.0,"[0, 0, -0.0971, 0.0034]","[0, 0, '-Inf', 0]",model_intercept_sd_zero,False,True,True,False
15,92623015,P6_A_LOW_RHO0,M2,24,100,2400,0.0,0.1,0.02,0.03,0.03,79a93dda1eb092d1100cbbe5f93cff143c470bbf4d1f9aa643c590da9ffc4a11,-2.265249893396513e-19,0.5,50,50,0.5,0.5,0.5,,25.0,25.0,600.0,0.08651342069506476,0.5444152974378331,0.7229636427315629,0.0,0.0,,M2,True,True,boundary (singular) fit: see help('isSingular'),0.0178,0.0855,0.8347,-0.1497,0.1853,False,-0.0822,True,0.1591,0.0,NA,0.0,0.0,"[0, 0.1591, 0]","[0, 0, 0]",model_slope_sd_zero,True,False,True,False
15,92623015,P6_B_LOW_RHO30,M1,24,100,2400,0.3,0.1,0.02,0.03,0.03,0a04d1a46b10e07944ccfe5b22b978e7eae41df7275a5dd18c6ee339dce54b82,-2.265249893396513e-19,0.5,50,50,0.5,0.5,0.5,,25.0,25.0,600.0,0.3776312714209015,0.5444152974378331,0.7239818997711399,0.0,0.0,,M1,True,True,boundary (singular) fit: see help('isSingular'),0.0195,0.0881,0.8245,-0.1531,0.1922,False,-0.0805,True,0.0,0.1063,NaN,0.0,0.0,"[0, 0, -0.1063, 0.0022]","[0, 0, '-Inf', 0]",model_intercept_sd_zero,False,True,True,False
15,92623015,P6_B_LOW_RHO30,M2,24,100,2400,0.3,0.1,0.02,0.03,0.03,0a04d1a46b10e07944ccfe5b22b978e7eae41df7275a5dd18c6ee339dce54b82,-2.265249893396513e-19,0.5,50,50,0.5,0.5,0.5,,25.0,25.0,600.0,0.3776312714209015,0.5444152974378331,0.7239818997711399,0.0,0.0,,M2,True,True,boundary (singular) fit: see help('isSingular'),0.0178,0.0855,0.8348,-0.1497,0.1853,False,-0.0822,True,0.1605,0.0,NA,0.0,0.0,"[0, 0.1605, 0]","[0, 0, 0]",model_slope_sd_zero,True,False,True,False
15,92623015,P6_C_HIGH_RHO0,M1,100,400,40000,0.0,0.1,0.02,0.03,0.03,ad71059b211233ecc221068b7fb7a686f500548c03061471df1814fde37e58ee,-1.904662125317366e-19,0.5,200,200,0.5,0.5,0.5,,100.0,100.0,10000.0,-0.015222948028462874,0.5210103654720101,0.7332580974872707,0.0,0.0,,M1,True,False,[],0.0739,0.0232,0.0014,0.0285,0.1193,True,-0.0261,True,0.0833,0.1019,-0.7653,0.0295,0.0019,"[0.0295, 0.0833, -0.078, 0.0656]","[0, 0, '-Inf', 0]",non_singular,False,False,False,False
15,92623015,P6_C_HIGH_RHO0,M2,100,400,40000,0.0,0.1,0.02,0.03,0.03,ad71059b211233ecc221068b7fb7a686f500548c03061471df1814fde37e58ee,-1.904662125317366e-19,0.5,200,200,0.5,0.5,0.5,,100.0,100.0,10000.0,-0.015222948028462874,0.5210103654720101,0.7332580974872707,0.0,0.0,,M2,True,False,[],0.0743,0.0213,0.0005,0.0324,0.1161,True,-0.0257,True,0.0511,0.0479,NA,0.0288,0.0023,"[0.0288, 0.0511, 0.0479]","[0, 0, 0]",non_singular,False,False,False,False
15,92623015,P6_D_HIGH_RHO30,M1,100,400,40000,0.3,0.1,0.02,0.03,0.03,5a03d632572f28cb131abe28b79360ce00c93baf6bde0f360a6bd89fb3485e23,-1.904662125317366e-19,0.5,200,200,0.5,0.5,0.5,,100.0,100.0,10000.0,0.24444110230308538,0.5210103654720101,0.7342524252800269,0.0,0.0,,M1,True,False,[],0.0744,0.0231,0.0013,0.0291,0.1196,True,-0.0256,True,0.0833,0.1005,-0.7496,0.0367,0.002,"[0.0367, 0.0833, -0.0754, 0.0665]","[0, 0, '-Inf', 0]",non_singular,False,False,False,False
15,92623015,P6_D_HIGH_RHO30,M2,100,400,40000,0.3,0.1,0.02,0.03,0.03,5a03d632572f28cb131abe28b79360ce00c93baf6bde0f360a6bd89fb3485e23,-1.904662125317366e-19,0.5,200,200,0.5,0.5,0.5,,100.0,100.0,10000.0,0.24444110230308538,0.5210103654720101,0.7342524252800269,0.0,0.0,,M2,True,False,[],0.0748,0.0213,0.0005,0.0329,0.1166,True,-0.0252,True,0.0525,0.0482,NA,0.0361,0.0023,"[0.0361, 0.0525, 0.0482]","[0, 0, 0]",non_singular,False,False,False,False
16,92623016,P6_A_LOW_RHO0,M1,24,100,2400,0.0,0.1,0.02,0.03,0.03,8259c0beb95ef905398c8759da4b84cd5e39f98af6147f6af5b5711714012943,0.0,0.5,50,50,0.5,0.5,0.5,,25.0,25.0,600.0,-0.1548802408947502,0.5532728772910918,0.7138999092019802,0.0,0.0,,M1,True,True,boundary (singular) fit: see help('isSingular'),0.1433,0.0853,0.0929,-0.0238,0.3104,False,0.0433,True,0.0727,0.0432,-1,0.1583,0.0,"[0.1583, 0.0727, -0.0432, 0]","[0, 0, '-Inf', 0]",model_corr_boundary,False,False,False,True
16,92623016,P6_A_LOW_RHO0,M2,24,100,2400,0.0,0.1,0.02,0.03,0.03,8259c0beb95ef905398c8759da4b84cd5e39f98af6147f6af5b5711714012943,0.0,0.5,50,50,0.5,0.5,0.5,,25.0,25.0,600.0,-0.1548802408947502,0.5532728772910918,0.7138999092019802,0.0,0.0,,M2,True,True,boundary (singular) fit: see help('isSingular'),0.1438,0.0848,0.0899,-0.0224,0.31,False,0.0438,True,0.05,0.0,NA,0.1586,0.0,"[0.1586, 0.05, 0]","[0, 0, 0]",model_slope_sd_zero,True,False,False,False
16,92623016,P6_B_LOW_RHO30,M1,24,100,2400,0.3,0.1,0.02,0.03,0.03,cf11d81334b1dded8ec76da703d9eb33b5376ae883819007fa16bedb78f52d4c,0.0,0.5,50,50,0.5,0.5,0.5,,25.0,25.0,600.0,0.15697764807350006,0.5532728772910918,0.7122686133018193,0.0,0.0,,M1,True,True,boundary (singular) fit: see help('isSingular'),0.1356,0.0849,0.1102,-0.0308,0.3021,False,0.0356,True,0.0779,0.0201,-1,0.168,1.4193e-15,"[0.168, 0.0779, -0.0201, 3.891e-08]","[0, 0, '-Inf', 0]",model_corr_boundary,False,False,False,True
16,92623016,P6_B_LOW_RHO30,M2,24,100,2400,0.3,0.1,0.02,0.03,0.03,cf11d81334b1dded8ec76da703d9eb33b5376ae883819007fa16bedb78f52d4c,0.0,0.5,50,50,0.5,0.5,0.5,,25.0,25.0,600.0,0.15697764807350006,0.5532728772910918,0.7122686133018193,0.0,0.0,,M2,True,True,boundary (singular) fit: see help('isSingular'),0.136,0.0848,0.1089,-0.0303,0.3022,False,0.036,True,0.0678,0.0,NA,0.1681,0.0,"[0.1681, 0.0678, 0]","[0, 0, 0]",model_slope_sd_zero,True,False,False,False
16,92623016,P6_C_HIGH_RHO0,M1,100,400,40000,0.0,0.1,0.02,0.03,0.03,ca97ff7ad283b7ac967cf3bc2113b5c6f355acb076d3bb2d6538e26f592154e4,1.1127715174248118e-19,0.5,200,200,0.5,0.5,0.5,,100.0,100.0,10000.0,-0.026143484043749596,0.5229656649675732,0.739185702235437,0.0,0.0,,M1,True,True,[],0.0911,0.0211,0.0,0.0498,0.1324,True,-0.0089,True,0.0,0.0345,NaN,0.026,0.0,"[0.026, 0, -0.0343, 0.0033]","[0, 0, '-Inf', 0]",model_intercept_sd_zero,False,True,False,False
16,92623016,P6_C_HIGH_RHO0,M2,100,400,40000,0.0,0.1,0.02,0.03,0.03,ca97ff7ad283b7ac967cf3bc2113b5c6f355acb076d3bb2d6538e26f592154e4,1.1127715174248118e-19,0.5,200,200,0.5,0.5,0.5,,100.0,100.0,10000.0,-0.026143484043749596,0.5229656649675732,0.739185702235437,0.0,0.0,,M2,True,True,[],0.0911,0.0211,0.0,0.0498,0.1324,True,-0.0089,True,4.24e-07,0.0345,NA,0.026,1.7978e-13,"[0.026, 4.24e-07, 0.0345]","[0, 0, 0]",model_intercept_sd_zero,False,True,False,False
16,92623016,P6_D_HIGH_RHO30,M1,100,400,40000,0.3,0.1,0.02,0.03,0.03,082299a79df25b783ad67c240baec0e27cdebb726b4d25453a2a78f81d0401b1,1.1127715174248118e-19,0.5,200,200,0.5,0.5,0.5,,100.0,100.0,10000.0,0.2637390886426155,0.5229656649675732,0.740297817930154,0.0,0.0,,M1,True,True,[],0.0913,0.0211,0.0,0.05,0.1326,True,-0.0087,True,0.0,0.0332,NaN,0.0287,0.0,"[0.0287, 0, -0.0313, 0.011]","[0, 0, '-Inf', 0]",model_intercept_sd_zero,False,True,False,False
16,92623016,P6_D_HIGH_RHO30,M2,100,400,40000,0.3,0.1,0.02,0.03,0.03,082299a79df25b783ad67c240baec0e27cdebb726b4d25453a2a78f81d0401b1,1.1127715174248118e-19,0.5,200,200,0.5,0.5,0.5,,100.0,100.0,10000.0,0.2637390886426155,0.5229656649675732,0.740297817930154,0.0,0.0,,M2,True,True,[],0.0913,0.0211,0.0,0.05,0.1326,True,-0.0087,True,8.1616e-07,0.0332,NA,0.0287,6.6612e-13,"[0.0287, 8.1616e-07, 0.0332]","[0, 0, 0]",model_intercept_sd_zero,False,True,False,False
17,92623017,P6_A_LOW_RHO0,M1,24,100,2400,0.0,0.1,0.02,0.03,0.03,2c8be861033e38feb636e11550f117c6686077b15719fd7dcdb7d2015db4a480,5.863874828158781e-19,0.5,50,50,0.5,0.5,0.5,,25.0,25.0,600.0,0.02515404336679594,0.541392254058173,0.7474087555000276,0.0,0.0,,M1,True,True,boundary (singular) fit: see help('isSingular'),0.1948,0.085,0.022,0.0281,0.3614,True,0.0948,True,9.2033e-07,3.0835e-06,-1,0.0,0.0,"[0, 9.2033e-07, -3.0835e-06, 0]","[0, 0, '-Inf', 0]",model_slope_sd_zero,True,True,True,True
17,92623017,P6_A_LOW_RHO0,M2,24,100,2400,0.0,0.1,0.02,0.03,0.03,2c8be861033e38feb636e11550f117c6686077b15719fd7dcdb7d2015db4a480,5.863874828158781e-19,0.5,50,50,0.5,0.5,0.5,,25.0,25.0,600.0,0.02515404336679594,0.541392254058173,0.7474087555000276,0.0,0.0,,M2,True,True,boundary (singular) fit: see help('isSingular'),0.1948,0.085,0.022,0.0281,0.3614,True,0.0948,True,0.0,0.0,NA,0.0,0.0,"[0, 0, 0]","[0, 0, 0]",model_slope_sd_zero,True,True,True,False
17,92623017,P6_B_LOW_RHO30,M1,24,100,2400,0.3,0.1,0.02,0.03,0.03,2c8be861033e38feb636e11550f117c6686077b15719fd7dcdb7d2015db4a480,5.863874828158781e-19,0.5,50,50,0.5,0.5,0.5,,25.0,25.0,600.0,0.32025708010316234,0.541392254058173,0.7475399935322089,0.0,0.0,,M1,True,True,boundary (singular) fit: see help('isSingular'),0.1948,0.085,0.022,0.0281,0.3614,True,0.0948,True,9.2033e-07,3.0835e-06,-1,0.0,0.0,"[0, 9.2033e-07, -3.0835e-06, 0]","[0, 0, '-Inf', 0]",model_slope_sd_zero,True,True,True,True
17,92623017,P6_B_LOW_RHO30,M2,24,100,2400,0.3,0.1,0.02,0.03,0.03,2c8be861033e38feb636e11550f117c6686077b15719fd7dcdb7d2015db4a480,5.863874828158781e-19,0.5,50,50,0.5,0.5,0.5,,25.0,25.0,600.0,0.32025708010316234,0.541392254058173,0.7475399935322089,0.0,0.0,,M2,True,True,boundary (singular) fit: see help('isSingular'),0.1948,0.085,0.022,0.0281,0.3614,True,0.0948,True,0.0,0.0,NA,0.0,0.0,"[0, 0, 0]","[0, 0, 0]",model_slope_sd_zero,True,True,True,False
17,92623017,P6_C_HIGH_RHO0,M1,100,400,40000,0.0,0.1,0.02,0.03,0.03,b7242b6b15b8dc135a423d9b4bb88eccff9705fd9b022d6b813cd6fc6249dbf3,-3.038689732994338e-19,0.5,200,200,0.5,0.5,0.5,,100.0,100.0,10000.0,0.08396951443482464,0.5204452686786932,0.7539696134533495,0.0,0.0,,M1,True,True,[],0.1016,0.021,1.3122e-06,0.0604,0.1428,True,0.0016,True,0.0475,0.0287,-1,0.0112,0.0,"[0.0112, 0.0475, -0.0287, 0]","[0, 0, '-Inf', 0]",model_corr_boundary,False,False,False,True
17,92623017,P6_C_HIGH_RHO0,M2,100,400,40000,0.0,0.1,0.02,0.03,0.03,b7242b6b15b8dc135a423d9b4bb88eccff9705fd9b022d6b813cd6fc6249dbf3,-3.038689732994338e-19,0.5,200,200,0.5,0.5,0.5,,100.0,100.0,10000.0,0.08396951443482464,0.5204452686786932,0.7539696134533495,0.0,0.0,,M2,True,True,[],0.1018,0.0208,9.8314e-07,0.0611,0.1426,True,0.0018,True,0.0301,1.9676e-07,NA,0.0108,3.8713e-14,"[0.0108, 0.0301, 1.9676e-07]","[0, 0, 0]",model_slope_sd_zero,True,False,False,False
17,92623017,P6_D_HIGH_RHO30,M1,100,400,40000,0.3,0.1,0.02,0.03,0.03,ae22007ac0a4f7e477e0df0020ba7d6c1f6ca7e6445f70efe6ab22cbfbddad95,-3.038689732994338e-19,0.5,200,200,0.5,0.5,0.5,,100.0,100.0,10000.0,0.355453526454237,0.5204452686786932,0.7555556196392741,0.0,0.0,,M1,True,True,[],0.1012,0.021,1.4423e-06,0.06,0.1423,True,0.0012,True,0.0482,0.0282,-1,0.0057,2.1684e-19,"[0.0057, 0.0482, -0.0282, 0]","[0, 0, '-Inf', 0]",model_corr_boundary,False,False,False,True
17,92623017,P6_D_HIGH_RHO30,M2,100,400,40000,0.3,0.1,0.02,0.03,0.03,ae22007ac0a4f7e477e0df0020ba7d6c1f6ca7e6445f70efe6ab22cbfbddad95,-3.038689732994338e-19,0.5,200,200,0.5,0.5,0.5,,100.0,100.0,10000.0,0.355453526454237,0.5204452686786932,0.7555556196392741,0.0,0.0,,M2,True,True,[],0.1014,0.0208,1.0911e-06,0.0606,0.1422,True,0.0014,True,0.0311,0.0,NA,0.0045,0.0,"[0.0045, 0.0311, 0]","[0, 0, 0]",model_slope_sd_zero,True,False,False,False
18,92623018,P6_A_LOW_RHO0,M1,24,100,2400,0.0,0.1,0.02,0.03,0.03,10b1c8b32b23fb4e1a0c0c9845c6414eb9926ab2f73b32641d9ee1a04bf86e12,-1.936075737554416e-19,0.5,50,50,0.5,0.5,0.5,,25.0,25.0,600.0,0.2620915362562646,0.5364439882852287,0.7404799128789059,0.0,0.0,,M1,True,True,boundary (singular) fit: see help('isSingular'),0.2096,0.0851,0.0138,0.0428,0.3765,True,0.1096,True,0.0,1.213e-07,NaN,0.115,0.0,"[0.115, 0, -1.213e-07, 0]","[0, 0, '-Inf', 0]",model_slope_sd_zero,True,True,False,False
18,92623018,P6_A_LOW_RHO0,M2,24,100,2400,0.0,0.1,0.02,0.03,0.03,10b1c8b32b23fb4e1a0c0c9845c6414eb9926ab2f73b32641d9ee1a04bf86e12,-1.936075737554416e-19,0.5,50,50,0.5,0.5,0.5,,25.0,25.0,600.0,0.2620915362562646,0.5364439882852287,0.7404799128789059,0.0,0.0,,M2,True,True,boundary (singular) fit: see help('isSingular'),0.2096,0.0851,0.0138,0.0428,0.3765,True,0.1096,True,0.0,0.0,NA,0.115,0.0,"[0.115, 0, 0]","[0, 0, 0]",model_slope_sd_zero,True,True,False,False
18,92623018,P6_B_LOW_RHO30,M1,24,100,2400,0.3,0.1,0.02,0.03,0.03,10b1c8b32b23fb4e1a0c0c9845c6414eb9926ab2f73b32641d9ee1a04bf86e12,-1.936075737554416e-19,0.5,50,50,0.5,0.5,0.5,,25.0,25.0,600.0,0.501258121994928,0.5364439882852287,0.7418032256345004,0.0,0.0,,M1,True,True,boundary (singular) fit: see help('isSingular'),0.2096,0.0851,0.0138,0.0428,0.3765,True,0.1096,True,0.0,1.213e-07,NaN,0.115,0.0,"[0.115, 0, -1.213e-07, 0]","[0, 0, '-Inf', 0]",model_slope_sd_zero,True,True,False,False
18,92623018,P6_B_LOW_RHO30,M2,24,100,2400,0.3,0.1,0.02,0.03,0.03,10b1c8b32b23fb4e1a0c0c9845c6414eb9926ab2f73b32641d9ee1a04bf86e12,-1.936075737554416e-19,0.5,50,50,0.5,0.5,0.5,,25.0,25.0,600.0,0.501258121994928,0.5364439882852287,0.7418032256345004,0.0,0.0,,M2,True,True,boundary (singular) fit: see help('isSingular'),0.2096,0.0851,0.0138,0.0428,0.3765,True,0.1096,True,0.0,0.0,NA,0.115,0.0,"[0.115, 0, 0]","[0, 0, 0]",model_slope_sd_zero,True,True,False,False
18,92623018,P6_C_HIGH_RHO0,M1,100,400,40000,0.0,0.1,0.02,0.03,0.03,cf730de8a74f36a435033fc0f9a4d045456cbbc1321c75b0d17ec11ffdd556f9,0.0,0.5,200,200,0.5,0.5,0.5,,100.0,100.0,10000.0,0.09095170018337863,0.5238352897393941,0.7440270355210518,0.0,0.0,,M1,True,True,[],0.1232,0.0225,4.2958e-08,0.0791,0.1672,True,0.0232,True,0.1062,0.0847,-1,0.0449,1.7347e-18,"[0.0449, 0.1062, -0.0847, 0]","[0, 0, '-Inf', 0]",model_corr_boundary,False,False,False,True
18,92623018,P6_C_HIGH_RHO0,M2,100,400,40000,0.0,0.1,0.02,0.03,0.03,cf730de8a74f36a435033fc0f9a4d045456cbbc1321c75b0d17ec11ffdd556f9,0.0,0.5,200,200,0.5,0.5,0.5,,100.0,100.0,10000.0,0.09095170018337863,0.5238352897393941,0.7440270355210518,0.0,0.0,,M2,True,True,[],0.1245,0.0208,2.2147e-09,0.0837,0.1653,True,0.0245,True,0.064,1.9882e-07,NA,0.0455,3.9529e-14,"[0.0455, 0.064, 1.9882e-07]","[0, 0, 0]",model_slope_sd_zero,True,False,False,False
18,92623018,P6_D_HIGH_RHO30,M1,100,400,40000,0.3,0.1,0.02,0.03,0.03,be50912a5b89ebf9c91a13f031564abbaa496261978ec0474a630dbd985d3442,0.0,0.5,200,200,0.5,0.5,0.5,,100.0,100.0,10000.0,0.3321954181827555,0.5238352897393941,0.7453384816194264,0.0,0.0,,M1,True,False,[],0.1228,0.0224,4.1646e-08,0.0789,0.1666,True,0.0228,True,0.1061,0.0822,-0.9926,0.0459,0.0001,"[0.0459, 0.1061, -0.0815, 0.01]","[0, 0, '-Inf', 0]",non_singular,False,False,False,False
18,92623018,P6_D_HIGH_RHO30,M2,100,400,40000,0.3,0.1,0.02,0.03,0.03,be50912a5b89ebf9c91a13f031564abbaa496261978ec0474a630dbd985d3442,0.0,0.5,200,200,0.5,0.5,0.5,,100.0,100.0,10000.0,0.3321954181827555,0.5238352897393941,0.7453384816194264,0.0,0.0,,M2,True,True,[],0.1241,0.0208,2.5134e-09,0.0833,0.1649,True,0.0241,True,0.066,0.0,NA,0.0464,0.0,"[0.0464, 0.066, 0]","[0, 0, 0]",model_slope_sd_zero,True,False,False,False
19,92623019,P6_A_LOW_RHO0,M1,24,100,2400,0.0,0.1,0.02,0.03,0.03,4d7b208ad3f23ca20ab5d61a3f2b30ffef8419af816bfb4226c5debe6750ede8,4.992386722844886e-19,0.5,50,50,0.5,0.5,0.5,,25.0,25.0,600.0,-0.11185444362395727,0.548578282135436,0.711989679686363,0.0,0.0,,M1,True,True,boundary (singular) fit: see help('isSingular'),-0.0185,0.0861,0.8302,-0.1873,0.1504,False,-0.1185,True,0.1993,0.0681,-1,0.1152,8.6736e-19,"[0.1152, 0.1993, -0.0681, 0]","[0, 0, '-Inf', 0]",model_corr_boundary,False,False,False,True
19,92623019,P6_A_LOW_RHO0,M2,24,100,2400,0.0,0.1,0.02,0.03,0.03,4d7b208ad3f23ca20ab5d61a3f2b30ffef8419af816bfb4226c5debe6750ede8,4.992386722844886e-19,0.5,50,50,0.5,0.5,0.5,,25.0,25.0,600.0,-0.11185444362395727,0.548578282135436,0.711989679686363,0.0,0.0,,M2,True,True,boundary (singular) fit: see help('isSingular'),-0.0156,0.085,0.8548,-0.1822,0.1511,False,-0.1156,True,0.1637,0.0,NA,0.1161,0.0,"[0.1161, 0.1637, 0]","[0, 0, 0]",model_slope_sd_zero,True,False,False,False
19,92623019,P6_B_LOW_RHO30,M1,24,100,2400,0.3,0.1,0.02,0.03,0.03,4d7b208ad3f23ca20ab5d61a3f2b30ffef8419af816bfb4226c5debe6750ede8,4.992386722844886e-19,0.5,50,50,0.5,0.5,0.5,,25.0,25.0,600.0,0.1567123243765919,0.548578282135436,0.7130737697695522,0.0,0.0,,M1,True,True,boundary (singular) fit: see help('isSingular'),-0.0185,0.0861,0.8302,-0.1873,0.1504,False,-0.1185,True,0.1993,0.0681,-1,0.1152,8.6736e-19,"[0.1152, 0.1993, -0.0681, 0]","[0, 0, '-Inf', 0]",model_corr_boundary,False,False,False,True
19,92623019,P6_B_LOW_RHO30,M2,24,100,2400,0.3,0.1,0.02,0.03,0.03,4d7b208ad3f23ca20ab5d61a3f2b30ffef8419af816bfb4226c5debe6750ede8,4.992386722844886e-19,0.5,50,50,0.5,0.5,0.5,,25.0,25.0,600.0,0.1567123243765919,0.548578282135436,0.7130737697695522,0.0,0.0,,M2,True,True,boundary (singular) fit: see help('isSingular'),-0.0156,0.085,0.8548,-0.1822,0.1511,False,-0.1156,True,0.1637,0.0,NA,0.1161,0.0,"[0.1161, 0.1637, 0]","[0, 0, 0]",model_slope_sd_zero,True,False,False,False
19,92623019,P6_C_HIGH_RHO0,M1,100,400,40000,0.0,0.1,0.02,0.03,0.03,adb327c13b2e6373fd2e96ddc0497b9060579cbd2422173e587f7aba288fb51e,-6.371283769504943e-19,0.5,200,200,0.5,0.5,0.5,,100.0,100.0,10000.0,-0.03106346070806308,0.5143142429432076,0.7323413897441,0.0,0.0,,M1,True,True,[],0.1039,0.0209,6.5633e-07,0.0629,0.1448,True,0.0039,True,0.0358,0.015,1,0.0879,5.0293e-09,"[0.0879, 0.0358, 0.015, 0.0001]","[0, 0, '-Inf', 0]",model_corr_boundary,False,False,False,True
19,92623019,P6_C_HIGH_RHO0,M2,100,400,40000,0.0,0.1,0.02,0.03,0.03,adb327c13b2e6373fd2e96ddc0497b9060579cbd2422173e587f7aba288fb51e,-6.371283769504943e-19,0.5,200,200,0.5,0.5,0.5,,100.0,100.0,10000.0,-0.03106346070806308,0.5143142429432076,0.7323413897441,0.0,0.0,,M2,True,False,[],0.1038,0.021,7.7497e-07,0.0626,0.145,True,0.0038,True,0.0409,0.027,NA,0.0879,0.0007,"[0.0879, 0.0409, 0.027]","[0, 0, 0]",non_singular,False,False,False,False
19,92623019,P6_D_HIGH_RHO30,M1,100,400,40000,0.3,0.1,0.02,0.03,0.03,e8173cf60795d224659bf043acfbe12e4473c926d642bc65b8c04c279af18c0a,-6.371283769504943e-19,0.5,200,200,0.5,0.5,0.5,,100.0,100.0,10000.0,0.2375138105451849,0.5143142429432076,0.7340514753707346,0.0,0.0,,M1,True,True,[],0.1041,0.0209,6.278e-07,0.0631,0.1451,True,0.0041,True,0.0364,0.0163,1,0.0874,1.5756e-10,"[0.0874, 0.0364, 0.0163, 0]","[0, 0, '-Inf', 0]",model_corr_boundary,False,False,False,True
19,92623019,P6_D_HIGH_RHO30,M2,100,400,40000,0.3,0.1,0.02,0.03,0.03,e8173cf60795d224659bf043acfbe12e4473c926d642bc65b8c04c279af18c0a,-6.371283769504943e-19,0.5,200,200,0.5,0.5,0.5,,100.0,100.0,10000.0,0.2375138105451849,0.5143142429432076,0.7340514753707346,0.0,0.0,,M2,True,False,[],0.104,0.021,7.5344e-07,0.0628,0.1452,True,0.004,True,0.0419,0.0285,NA,0.0874,0.0008,"[0.0874, 0.0419, 0.0285]","[0, 0, 0]",non_singular,False,False,False,False
20,92623020,P6_A_LOW_RHO0,M1,24,100,2400,0.0,0.1,0.02,0.03,0.03,1c05f018aeccee6284551d442b676f9dc9a6348ca0f336f3c3583ef58e30ed95,-8.815649465692464e-19,0.5,50,50,0.5,0.5,0.5,,25.0,25.0,600.0,0.3143405628565625,0.5122031492062696,0.7203273474147088,0.0,0.0,,M1,True,True,boundary (singular) fit: see help('isSingular'),0.0751,0.0958,0.4333,-0.1127,0.2629,False,-0.0249,True,0.2402,0.2213,-0.3504,3.3635e-08,0.0342,"[3.3635e-08, 0.2402, -0.0776, 0.2073]","[0, 0, '-Inf', 0]",item_intercept_sd_zero,False,False,True,False
20,92623020,P6_A_LOW_RHO0,M2,24,100,2400,0.0,0.1,0.02,0.03,0.03,1c05f018aeccee6284551d442b676f9dc9a6348ca0f336f3c3583ef58e30ed95,-8.815649465692464e-19,0.5,50,50,0.5,0.5,0.5,,25.0,25.0,600.0,0.3143405628565625,0.5122031492062696,0.7203273474147088,0.0,0.0,,M2,True,True,boundary (singular) fit: see help('isSingular'),0.0767,0.0916,0.4027,-0.1029,0.2563,False,-0.0233,True,0.2126,0.1739,NA,0.0,0.0302,"[0, 0.2126, 0.1739]","[0, 0, 0]",item_intercept_sd_zero,False,False,True,False
20,92623020,P6_B_LOW_RHO30,M1,24,100,2400,0.3,0.1,0.02,0.03,0.03,b4a56662d850d888fdc1cf10c071effef1b5fe22c2d654b2d91a34ed7cfecbd4,-8.815649465692464e-19,0.5,50,50,0.5,0.5,0.5,,25.0,25.0,600.0,0.5825393654002405,0.5122031492062696,0.7220774482466206,0.0,0.0,,M1,True,True,boundary (singular) fit: see help('isSingular'),0.0718,0.0962,0.4554,-0.1167,0.2603,False,-0.0282,True,0.2407,0.2251,-0.3354,0.0,0.0358,"[0, 0.2407, -0.0755, 0.2121]","[0, 0, '-Inf', 0]",item_intercept_sd_zero,False,False,True,False
20,92623020,P6_B_LOW_RHO30,M2,24,100,2400,0.3,0.1,0.02,0.03,0.03,b4a56662d850d888fdc1cf10c071effef1b5fe22c2d654b2d91a34ed7cfecbd4,-8.815649465692464e-19,0.5,50,50,0.5,0.5,0.5,,25.0,25.0,600.0,0.5825393654002405,0.5122031492062696,0.7220774482466206,0.0,0.0,,M2,True,True,boundary (singular) fit: see help('isSingular'),0.0733,0.0921,0.4261,-0.1073,0.254,False,-0.0267,True,0.2141,0.1802,NA,1.1859e-07,0.0325,"[1.1859e-07, 0.2141, 0.1802]","[0, 0, 0]",item_intercept_sd_zero,False,False,True,False
20,92623020,P6_C_HIGH_RHO0,M1,100,400,40000,0.0,0.1,0.02,0.03,0.03,c9643b7ffb51ee92c346a334313733dc5511a3744dc0f63a5f1be98ef66929d7,1.5168393867460772e-19,0.5,200,200,0.5,0.5,0.5,,100.0,100.0,10000.0,0.12285190366649147,0.508562923943645,0.7281381593589412,0.0,0.0,,M1,True,True,[],0.0972,0.0208,2.8578e-06,0.0565,0.1379,True,-0.0028,True,0.0748,0.0026,1,0.0,8.4703e-22,"[0, 0.0748, 0.0026, 0]","[0, 0, '-Inf', 0]",model_corr_boundary,False,False,True,True
20,92623020,P6_C_HIGH_RHO0,M2,100,400,40000,0.0,0.1,0.02,0.03,0.03,c9643b7ffb51ee92c346a334313733dc5511a3744dc0f63a5f1be98ef66929d7,1.5168393867460772e-19,0.5,200,200,0.5,0.5,0.5,,100.0,100.0,10000.0,0.12285190366649147,0.508562923943645,0.7281381593589412,0.0,0.0,,M2,True,True,[],0.0972,0.0208,2.8855e-06,0.0565,0.1379,True,-0.0028,True,0.0761,0.0,NA,2.6098e-07,1.2145e-10,"[2.6098e-07, 0.0761, 0]","[0, 0, 0]",model_slope_sd_zero,True,False,True,False
20,92623020,P6_D_HIGH_RHO30,M1,100,400,40000,0.3,0.1,0.02,0.03,0.03,95fa5a2e664b88345d39f1bdc0aae19282f9c928a0258fe88f2a21995af27a34,1.5168393867460772e-19,0.5,200,200,0.5,0.5,0.5,,100.0,100.0,10000.0,0.4428173515009351,0.508562923943645,0.7298577130598837,0.0,0.0,,M1,True,True,[],0.0977,0.0208,2.5509e-06,0.057,0.1385,True,-0.0023,True,0.0762,0.0074,1,0.0,-1.3553e-20,"[0, 0.0762, 0.0074, 0]","[0, 0, '-Inf', 0]",model_corr_boundary,False,False,True,True
20,92623020,P6_D_HIGH_RHO30,M2,100,400,40000,0.3,0.1,0.02,0.03,0.03,95fa5a2e664b88345d39f1bdc0aae19282f9c928a0258fe88f2a21995af27a34,1.5168393867460772e-19,0.5,200,200,0.5,0.5,0.5,,100.0,100.0,10000.0,0.4428173515009351,0.508562923943645,0.7298577130598837,0.0,0.0,,M2,True,True,[],0.0976,0.0208,2.6045e-06,0.0569,0.1383,True,-0.0024,True,0.0798,0.0,NA,0.0,1.9044e-10,"[0, 0.0798, 0]","[0, 0, 0]",model_slope_sd_zero,True,False,True,False
21,92623021,P6_A_LOW_RHO0,M1,24,100,2400,0.0,0.1,0.02,0.03,0.03,94816bff5133727380d83f1916e70f4a7a2ef55cc01c3e7b9da18f938500ce1a,-4.770450524847451e-19,0.5,50,50,0.5,0.5,0.5,,25.0,25.0,600.0,-0.2204496913014184,0.5306782479527806,0.7195880156771113,0.0,0.0,,M1,True,True,boundary (singular) fit: see help('isSingular'),-0.0098,0.0926,0.9161,-0.1912,0.1717,False,-0.1098,True,0.1382,0.1647,-0.6601,0.0,0.0076,"[0, 0.1382, -0.1087, 0.1237]","[0, 0, '-Inf', 0]",item_intercept_sd_zero,False,False,True,False
21,92623021,P6_A_LOW_RHO0,M2,24,100,2400,0.0,0.1,0.02,0.03,0.03,94816bff5133727380d83f1916e70f4a7a2ef55cc01c3e7b9da18f938500ce1a,-4.770450524847451e-19,0.5,50,50,0.5,0.5,0.5,,25.0,25.0,600.0,-0.2204496913014184,0.5306782479527806,0.7195880156771113,0.0,0.0,,M2,True,True,boundary (singular) fit: see help('isSingular'),-0.0079,0.0882,0.9283,-0.1808,0.1649,False,-0.1079,True,0.0954,0.0905,NA,0.0,0.0082,"[0, 0.0954, 0.0905]","[0, 0, 0]",item_intercept_sd_zero,False,False,True,False
21,92623021,P6_B_LOW_RHO30,M1,24,100,2400,0.3,0.1,0.02,0.03,0.03,6132ed0f3cb2774014bac51df342907bddd96c588dd26c192bd4c078a7ce4b58,-4.770450524847451e-19,0.5,50,50,0.5,0.5,0.5,,25.0,25.0,600.0,0.11479530308597147,0.5306782479527806,0.7208226389186333,0.0,0.0,,M1,True,True,boundary (singular) fit: see help('isSingular'),-0.006,0.0925,0.9487,-0.1873,0.1754,False,-0.106,True,0.1384,0.1641,-0.6392,0.0,0.008,"[0, 0.1384, -0.1049, 0.1262]","[0, 0, '-Inf', 0]",item_intercept_sd_zero,False,False,True,False
21,92623021,P6_B_LOW_RHO30,M2,24,100,2400,0.3,0.1,0.02,0.03,0.03,6132ed0f3cb2774014bac51df342907bddd96c588dd26c192bd4c078a7ce4b58,-4.770450524847451e-19,0.5,50,50,0.5,0.5,0.5,,25.0,25.0,600.0,0.11479530308597147,0.5306782479527806,0.7208226389186333,0.0,0.0,,M2,True,True,boundary (singular) fit: see help('isSingular'),-0.0042,0.0883,0.9622,-0.1773,0.1689,False,-0.1042,True,0.0974,0.0931,NA,0.0,0.0087,"[0, 0.0974, 0.0931]","[0, 0, 0]",item_intercept_sd_zero,False,False,True,False
21,92623021,P6_C_HIGH_RHO0,M1,100,400,40000,0.0,0.1,0.02,0.03,0.03,9f465b27621188e2244219d4e6b317bbdcb187ef955918b53e121e6297fd688e,7.710589743426674e-19,0.5,200,200,0.5,0.5,0.5,,100.0,100.0,10000.0,0.07452085300285695,0.5264729723097401,0.7270460128960354,0.0,0.0,,M1,True,True,[],0.086,0.021,0.0,0.0449,0.127,True,-0.014,True,0.0633,0.0264,-1,0.0,1.2651e-12,"[0, 0.0633, -0.0264, 1.2183e-06]","[0, 0, '-Inf', 0]",model_corr_boundary,False,False,True,True
21,92623021,P6_C_HIGH_RHO0,M2,100,400,40000,0.0,0.1,0.02,0.03,0.03,9f465b27621188e2244219d4e6b317bbdcb187ef955918b53e121e6297fd688e,7.710589743426674e-19,0.5,200,200,0.5,0.5,0.5,,100.0,100.0,10000.0,0.07452085300285695,0.5264729723097401,0.7270460128960354,0.0,0.0,,M2,True,True,[],0.0863,0.0208,0.0,0.0456,0.127,True,-0.0137,True,0.0499,0.0,NA,0.0,0.0,"[0, 0.0499, 0]","[0, 0, 0]",model_slope_sd_zero,True,False,True,False
21,92623021,P6_D_HIGH_RHO30,M1,100,400,40000,0.3,0.1,0.02,0.03,0.03,6d09a6e3e55af0136bcf813200e1ed32a922a4051f20de50e040b8268317c8bb,7.710589743426674e-19,0.5,200,200,0.5,0.5,0.5,,100.0,100.0,10000.0,0.3526354398431631,0.5264729723097401,0.7281827097021494,0.0,0.0,,M1,True,True,[],0.0854,0.0209,0.0,0.0444,0.1263,True,-0.0146,True,0.063,0.0208,-1,0.0,-5.421e-20,"[0, 0.063, -0.0208, 0]","[0, 0, '-Inf', 0]",model_corr_boundary,False,False,True,True
21,92623021,P6_D_HIGH_RHO30,M2,100,400,40000,0.3,0.1,0.02,0.03,0.03,6d09a6e3e55af0136bcf813200e1ed32a922a4051f20de50e040b8268317c8bb,7.710589743426674e-19,0.5,200,200,0.5,0.5,0.5,,100.0,100.0,10000.0,0.3526354398431631,0.5264729723097401,0.7281827097021494,0.0,0.0,,M2,True,True,[],0.0857,0.0208,0.0,0.0449,0.1264,True,-0.0143,True,0.0526,3.1038e-07,NA,0.0,9.6335e-14,"[0, 0.0526, 3.1038e-07]","[0, 0, 0]",model_slope_sd_zero,True,False,True,False
22,92623022,P6_A_LOW_RHO0,M1,24,100,2400,0.0,0.1,0.02,0.03,0.03,393570a243072ab4b797cb2e200b535c67283ee12cfe0b368c1a9c6ec6c5d597,0.0,0.5,50,50,0.5,0.5,0.5,,25.0,25.0,600.0,-0.0754050062229344,0.5206375627269105,0.7350444516796303,0.0,0.0,,M1,True,True,boundary (singular) fit: see help('isSingular'),0.073,0.0929,0.432,-0.1091,0.2551,False,-0.027,True,0.0,0.1879,NaN,1.2656e-07,0.0,"[1.2656e-07, 0, -0.1692, 0.0817]","[0, 0, '-Inf', 0]",model_intercept_sd_zero,False,True,True,False
22,92623022,P6_A_LOW_RHO0,M2,24,100,2400,0.0,0.1,0.02,0.03,0.03,393570a243072ab4b797cb2e200b535c67283ee12cfe0b368c1a9c6ec6c5d597,0.0,0.5,50,50,0.5,0.5,0.5,,25.0,25.0,600.0,-0.0754050062229344,0.5206375627269105,0.7350444516796303,0.0,0.0,,M2,True,True,boundary (singular) fit: see help('isSingular'),0.0698,0.086,0.4171,-0.0988,0.2383,False,-0.0302,True,0.1757,0.0721,NA,0.0,0.0052,"[0, 0.1757, 0.0721]","[0, 0, 0]",item_intercept_sd_zero,False,False,True,False
22,92623022,P6_B_LOW_RHO30,M1,24,100,2400,0.3,0.1,0.02,0.03,0.03,393570a243072ab4b797cb2e200b535c67283ee12cfe0b368c1a9c6ec6c5d597,0.0,0.5,50,50,0.5,0.5,0.5,,25.0,25.0,600.0,0.27573830376756786,0.5206375627269105,0.7367460969894759,0.0,0.0,,M1,True,True,boundary (singular) fit: see help('isSingular'),0.073,0.0929,0.432,-0.1091,0.2551,False,-0.027,True,0.0,0.1879,NaN,1.2656e-07,0.0,"[1.2656e-07, 0, -0.1692, 0.0817]","[0, 0, '-Inf', 0]",model_intercept_sd_zero,False,True,True,False
22,92623022,P6_B_LOW_RHO30,M2,24,100,2400,0.3,0.1,0.02,0.03,0.03,393570a243072ab4b797cb2e200b535c67283ee12cfe0b368c1a9c6ec6c5d597,0.0,0.5,50,50,0.5,0.5,0.5,,25.0,25.0,600.0,0.27573830376756786,0.5206375627269105,0.7367460969894759,0.0,0.0,,M2,True,True,boundary (singular) fit: see help('isSingular'),0.0698,0.086,0.4171,-0.0988,0.2383,False,-0.0302,True,0.1757,0.0721,NA,0.0,0.0052,"[0, 0.1757, 0.0721]","[0, 0, 0]",item_intercept_sd_zero,False,False,True,False
22,92623022,P6_C_HIGH_RHO0,M1,100,400,40000,0.0,0.1,0.02,0.03,0.03,5eac5920b611ad5526034f0cd7f85981122500b416bf638bbb4c2f17b94770a5,4.1916722915790975e-19,0.5,200,200,0.5,0.5,0.5,,100.0,100.0,10000.0,-0.03249656104320999,0.5206019337153184,0.7440988726040442,0.0,0.0,,M1,True,True,[],0.1025,0.021,1.0172e-06,0.0614,0.1437,True,0.0025,True,0.0548,0.0265,-1,0.0231,1.0187e-13,"[0.0231, 0.0548, -0.0265, 3.5454e-07]","[0, 0, '-Inf', 0]",model_corr_boundary,False,False,False,True
22,92623022,P6_C_HIGH_RHO0,M2,100,400,40000,0.0,0.1,0.02,0.03,0.03,5eac5920b611ad5526034f0cd7f85981122500b416bf638bbb4c2f17b94770a5,4.1916722915790975e-19,0.5,200,200,0.5,0.5,0.5,,100.0,100.0,10000.0,-0.03249656104320999,0.5206019337153184,0.7440988726040442,0.0,0.0,,M2,True,True,[],0.1028,0.0208,7.7446e-07,0.062,0.1436,True,0.0028,True,0.0402,0.0,NA,0.0231,0.0,"[0.0231, 0.0402, 0]","[0, 0, 0]",model_slope_sd_zero,True,False,False,False
22,92623022,P6_D_HIGH_RHO30,M1,100,400,40000,0.3,0.1,0.02,0.03,0.03,7242cd274679817b2333143ebcdda4e9a8cccd878d8b8b92915be285e0079a00,4.1916722915790975e-19,0.5,200,200,0.5,0.5,0.5,,100.0,100.0,10000.0,0.27931604568108814,0.5206019337153184,0.7457624802514885,0.0,0.0,,M1,True,True,[],0.1034,0.021,7.9918e-07,0.0624,0.1445,True,0.0034,True,0.0553,0.0247,-1,0.0249,0.0,"[0.0249, 0.0553, -0.0247, 0]","[0, 0, '-Inf', 0]",model_corr_boundary,False,False,False,True
22,92623022,P6_D_HIGH_RHO30,M2,100,400,40000,0.3,0.1,0.02,0.03,0.03,7242cd274679817b2333143ebcdda4e9a8cccd878d8b8b92915be285e0079a00,4.1916722915790975e-19,0.5,200,200,0.5,0.5,0.5,,100.0,100.0,10000.0,0.27931604568108814,0.5206019337153184,0.7457624802514885,0.0,0.0,,M2,True,True,[],0.1037,0.0208,6.2346e-07,0.0629,0.1445,True,0.0037,True,0.0419,0.0,NA,0.0249,0.0,"[0.0249, 0.0419, 0]","[0, 0, 0]",model_slope_sd_zero,True,False,False,False
23,92623023,P6_A_LOW_RHO0,M1,24,100,2400,0.0,0.1,0.02,0.03,0.03,c6f7b639754f0441a47a487ba76506209c4f769c6f57d073371f60a35082562d,1.396303695390054e-18,0.5,50,50,0.5,0.5,0.5,,25.0,25.0,600.0,-0.11873165010442707,0.522778875717071,0.7303586672502145,0.0,0.0,,M1,True,True,boundary (singular) fit: see help('isSingular'),0.1479,0.0855,0.0835,-0.0196,0.3155,False,0.0479,True,0.0,1.146e-07,NaN,0.2098,0.0,"[0.2098, 0, -1.146e-07, 0]","[0, 0, '-Inf', 0]",model_slope_sd_zero,True,True,False,False
23,92623023,P6_A_LOW_RHO0,M2,24,100,2400,0.0,0.1,0.02,0.03,0.03,c6f7b639754f0441a47a487ba76506209c4f769c6f57d073371f60a35082562d,1.396303695390054e-18,0.5,50,50,0.5,0.5,0.5,,25.0,25.0,600.0,-0.11873165010442707,0.522778875717071,0.7303586672502145,0.0,0.0,,M2,True,True,boundary (singular) fit: see help('isSingular'),0.1479,0.0855,0.0835,-0.0196,0.3155,False,0.0479,True,0.0,0.0,NA,0.2098,0.0,"[0.2098, 0, 0]","[0, 0, 0]",model_slope_sd_zero,True,True,False,False
23,92623023,P6_B_LOW_RHO30,M1,24,100,2400,0.3,0.1,0.02,0.03,0.03,c6f7b639754f0441a47a487ba76506209c4f769c6f57d073371f60a35082562d,1.396303695390054e-18,0.5,50,50,0.5,0.5,0.5,,25.0,25.0,600.0,0.19436533146427995,0.522778875717071,0.7291264113454651,0.0,0.0,,M1,True,True,boundary (singular) fit: see help('isSingular'),0.1479,0.0855,0.0835,-0.0196,0.3155,False,0.0479,True,0.0,1.146e-07,NaN,0.2098,0.0,"[0.2098, 0, -1.146e-07, 0]","[0, 0, '-Inf', 0]",model_slope_sd_zero,True,True,False,False
23,92623023,P6_B_LOW_RHO30,M2,24,100,2400,0.3,0.1,0.02,0.03,0.03,c6f7b639754f0441a47a487ba76506209c4f769c6f57d073371f60a35082562d,1.396303695390054e-18,0.5,50,50,0.5,0.5,0.5,,25.0,25.0,600.0,0.19436533146427995,0.522778875717071,0.7291264113454651,0.0,0.0,,M2,True,True,boundary (singular) fit: see help('isSingular'),0.1479,0.0855,0.0835,-0.0196,0.3155,False,0.0479,True,0.0,0.0,NA,0.2098,0.0,"[0.2098, 0, 0]","[0, 0, 0]",model_slope_sd_zero,True,True,False,False
23,92623023,P6_C_HIGH_RHO0,M1,100,400,40000,0.0,0.1,0.02,0.03,0.03,bb48f8906f59679d19eb63da3bd422866882d58dbd9d06b16f476f2cc90101e3,3.676281114370849e-19,0.5,200,200,0.5,0.5,0.5,,100.0,100.0,10000.0,-0.028720455617608352,0.522778875717071,0.7448099754190705,0.0,0.0,,M1,True,True,[],0.1017,0.0209,1.1008e-06,0.0608,0.1427,True,0.0017,True,0.034,0.0167,-1,0.0,0.0,"[0, 0.034, -0.0167, 0]","[0, 0, '-Inf', 0]",model_corr_boundary,False,False,True,True
23,92623023,P6_C_HIGH_RHO0,M2,100,400,40000,0.0,0.1,0.02,0.03,0.03,bb48f8906f59679d19eb63da3bd422866882d58dbd9d06b16f476f2cc90101e3,3.676281114370849e-19,0.5,200,200,0.5,0.5,0.5,,100.0,100.0,10000.0,-0.028720455617608352,0.522778875717071,0.7448099754190705,0.0,0.0,,M2,True,True,[],0.1018,0.0208,9.9125e-07,0.061,0.1426,True,0.0018,True,0.0178,0.0,NA,2.6714e-07,0.0,"[2.6714e-07, 0.0178, 0]","[0, 0, 0]",model_slope_sd_zero,True,False,True,False
23,92623023,P6_D_HIGH_RHO30,M1,100,400,40000,0.3,0.1,0.02,0.03,0.03,e3bbc13590e5de560ca6c29ba3b1a753498c31f8e1a5b436cf6bee7948524239,3.676281114370849e-19,0.5,200,200,0.5,0.5,0.5,,100.0,100.0,10000.0,0.2179394738853745,0.522778875717071,0.7462131933848056,0.0,0.0,,M1,True,True,[],0.1026,0.0209,8.8994e-07,0.0617,0.1435,True,0.0026,True,0.0347,0.0166,-1,0.0,5.0651e-14,"[0, 0.0347, -0.0166, 2.4961e-07]","[0, 0, '-Inf', 0]",model_corr_boundary,False,False,True,True
23,92623023,P6_D_HIGH_RHO30,M2,100,400,40000,0.3,0.1,0.02,0.03,0.03,e3bbc13590e5de560ca6c29ba3b1a753498c31f8e1a5b436cf6bee7948524239,3.676281114370849e-19,0.5,200,200,0.5,0.5,0.5,,100.0,100.0,10000.0,0.2179394738853745,0.522778875717071,0.7462131933848056,0.0,0.0,,M2,True,True,[],0.1027,0.0208,8.0015e-07,0.0619,0.1435,True,0.0027,True,0.0194,0.0,NA,0.0,0.0,"[0, 0.0194, 0]","[0, 0, 0]",model_slope_sd_zero,True,False,True,False
24,92623024,P6_A_LOW_RHO0,M1,24,100,2400,0.0,0.1,0.02,0.03,0.03,e5a902b5e0aa3c77f8aee523b33b482b9063e5c61dae82c01284a04760d3b0b5,-2.0306508039447547e-18,0.5,50,50,0.5,0.5,0.5,,25.0,25.0,600.0,-0.16173846931384686,0.5356773824258486,0.7323540629248744,0.0,0.0,,M1,True,True,boundary (singular) fit: see help('isSingular'),0.1045,0.085,0.2188,-0.0621,0.271,False,0.0045,True,0.0,1.228e-07,NaN,0.0,0.0,"[0, 0, -1.228e-07, 0]","[0, 0, '-Inf', 0]",model_slope_sd_zero,True,True,True,False
24,92623024,P6_A_LOW_RHO0,M2,24,100,2400,0.0,0.1,0.02,0.03,0.03,e5a902b5e0aa3c77f8aee523b33b482b9063e5c61dae82c01284a04760d3b0b5,-2.0306508039447547e-18,0.5,50,50,0.5,0.5,0.5,,25.0,25.0,600.0,-0.16173846931384686,0.5356773824258486,0.7323540629248744,0.0,0.0,,M2,True,True,boundary (singular) fit: see help('isSingular'),0.1045,0.085,0.2188,-0.0621,0.271,False,0.0045,True,0.0,0.0,NA,0.0,0.0,"[0, 0, 0]","[0, 0, 0]",model_slope_sd_zero,True,True,True,False
24,92623024,P6_B_LOW_RHO30,M1,24,100,2400,0.3,0.1,0.02,0.03,0.03,7579d39f7ea257af65fee4c0a890b07ba56dd84feb2e53857792ddefc9159590,-2.0306508039447547e-18,0.5,50,50,0.5,0.5,0.5,,25.0,25.0,600.0,0.14599381739300865,0.5356773824258486,0.7327679986938962,0.0,0.0,,M1,True,True,boundary (singular) fit: see help('isSingular'),0.1008,0.0849,0.2353,-0.0657,0.2673,False,0.0008,True,0.0,5.4387e-08,NaN,0.0,0.0,"[0, 0, 5.4387e-08, 0]","[0, 0, '-Inf', 0]",model_slope_sd_zero,True,True,True,False
24,92623024,P6_B_LOW_RHO30,M2,24,100,2400,0.3,0.1,0.02,0.03,0.03,7579d39f7ea257af65fee4c0a890b07ba56dd84feb2e53857792ddefc9159590,-2.0306508039447547e-18,0.5,50,50,0.5,0.5,0.5,,25.0,25.0,600.0,0.14599381739300865,0.5356773824258486,0.7327679986938962,0.0,0.0,,M2,True,True,boundary (singular) fit: see help('isSingular'),0.1008,0.0849,0.2353,-0.0657,0.2673,False,0.0008,True,0.0,0.0,NA,0.0,0.0,"[0, 0, 0]","[0, 0, 0]",model_slope_sd_zero,True,True,True,False
24,92623024,P6_C_HIGH_RHO0,M1,100,400,40000,0.0,0.1,0.02,0.03,0.03,b88eb5696750988c43fe14932d436f8b5c7f71554cd7c14bb04b64eb40cd640a,-7.688006651814302e-20,0.5,200,200,0.5,0.5,0.5,,100.0,100.0,10000.0,-0.05720269377681306,0.5258984392454944,0.7342768916549343,0.0,0.0,,M1,True,True,[],0.0874,0.0207,0.0,0.0467,0.128,True,-0.0126,True,1.8022e-06,1.8977e-06,-1,0.0341,0.0,"[0.0341, 1.8022e-06, -1.8977e-06, 0]","[0, 0, '-Inf', 0]",model_slope_sd_zero,True,True,False,True
24,92623024,P6_C_HIGH_RHO0,M2,100,400,40000,0.0,0.1,0.02,0.03,0.03,b88eb5696750988c43fe14932d436f8b5c7f71554cd7c14bb04b64eb40cd640a,-7.688006651814302e-20,0.5,200,200,0.5,0.5,0.5,,100.0,100.0,10000.0,-0.05720269377681306,0.5258984392454944,0.7342768916549343,0.0,0.0,,M2,True,True,[],0.0874,0.0207,0.0,0.0467,0.128,True,-0.0126,True,0.0,4.8054e-07,NA,0.0341,0.0,"[0.0341, 0, 4.8054e-07]","[0, 0, 0]",model_slope_sd_zero,True,True,False,False
24,92623024,P6_D_HIGH_RHO30,M1,100,400,40000,0.3,0.1,0.02,0.03,0.03,c25ca29b258fba313b7bf953504cfcdb4b77564c621fa3fd3827864c3352b354,-7.688006651814302e-20,0.5,200,200,0.5,0.5,0.5,,100.0,100.0,10000.0,0.24503085288812396,0.5258984392454944,0.7362642908472733,0.0,0.0,,M1,True,True,[],0.0876,0.0207,0.0,0.0469,0.1282,True,-0.0124,True,4.1303e-06,5.9563e-06,-1,0.0297,-1.6156e-27,"[0.0297, 4.1303e-06, -5.9563e-06, 0]","[0, 0, '-Inf', 0]",model_slope_sd_zero,True,True,False,True
24,92623024,P6_D_HIGH_RHO30,M2,100,400,40000,0.3,0.1,0.02,0.03,0.03,c25ca29b258fba313b7bf953504cfcdb4b77564c621fa3fd3827864c3352b354,-7.688006651814302e-20,0.5,200,200,0.5,0.5,0.5,,100.0,100.0,10000.0,0.24503085288812396,0.5258984392454944,0.7362642908472733,0.0,0.0,,M2,True,True,[],0.0876,0.0207,0.0,0.0469,0.1282,True,-0.0124,True,0.0,0.0,NA,0.0297,0.0,"[0.0297, 0, 0]","[0, 0, 0]",model_slope_sd_zero,True,True,False,False
25,92623025,P6_A_LOW_RHO0,M1,24,100,2400,0.0,0.1,0.02,0.03,0.03,e5df6991368136b568b8a52d28117e0fcae6797c8bb99effcce8c4808534a256,2.154685557145958e-18,0.5,50,50,0.5,0.5,0.5,,25.0,25.0,600.0,0.04353040414915362,0.530141420417504,0.7272202707666369,0.0,0.0,,M1,True,True,boundary (singular) fit: see help('isSingular'),0.1247,0.0866,0.1499,-0.045,0.2943,False,0.0247,True,0.0,0.0694,NaN,0.0,0.0,"[0, 0, -0.0666, 0.0197]","[0, 0, '-Inf', 0]",model_intercept_sd_zero,False,True,True,False
25,92623025,P6_A_LOW_RHO0,M2,24,100,2400,0.0,0.1,0.02,0.03,0.03,e5df6991368136b568b8a52d28117e0fcae6797c8bb99effcce8c4808534a256,2.154685557145958e-18,0.5,50,50,0.5,0.5,0.5,,25.0,25.0,600.0,0.04353040414915362,0.530141420417504,0.7272202707666369,0.0,0.0,,M2,True,True,boundary (singular) fit: see help('isSingular'),0.1241,0.0854,0.1462,-0.0433,0.2916,False,0.0241,True,0.0985,2.1341e-07,NA,1.9057e-07,4.5543e-14,"[1.9057e-07, 0.0985, 2.1341e-07]","[0, 0, 0]",model_slope_sd_zero,True,False,True,False
25,92623025,P6_B_LOW_RHO30,M1,24,100,2400,0.3,0.1,0.02,0.03,0.03,adab62ff4f9a9e48e7674ad0ca53301b792dc2c849986286e5eea4125fd318b7,2.154685557145958e-18,0.5,50,50,0.5,0.5,0.5,,25.0,25.0,600.0,0.4296488714763231,0.530141420417504,0.7282666112063145,0.0,0.0,,M1,True,True,boundary (singular) fit: see help('isSingular'),0.1212,0.087,0.1638,-0.0494,0.2918,False,0.0212,True,0.0,0.0828,NaN,0.0,0.0,"[0, 0, -0.082, 0.0112]","[0, 0, '-Inf', 0]",model_intercept_sd_zero,False,True,True,False
25,92623025,P6_B_LOW_RHO30,M2,24,100,2400,0.3,0.1,0.02,0.03,0.03,adab62ff4f9a9e48e7674ad0ca53301b792dc2c849986286e5eea4125fd318b7,2.154685557145958e-18,0.5,50,50,0.5,0.5,0.5,,25.0,25.0,600.0,0.4296488714763231,0.530141420417504,0.7282666112063145,0.0,0.0,,M2,True,True,boundary (singular) fit: see help('isSingular'),0.1204,0.0854,0.1587,-0.047,0.2877,False,0.0204,True,0.1013,0.0,NA,0.0,0.0,"[0, 0.1013, 0]","[0, 0, 0]",model_slope_sd_zero,True,False,True,False
25,92623025,P6_C_HIGH_RHO0,M1,100,400,40000,0.0,0.1,0.02,0.03,0.03,953a60f97488f2f3a2a4abfa629b7ca299ff9d36ed3612d0e87911f3bce8d4c8,-4.343378334909613e-19,0.5,200,200,0.5,0.5,0.5,,100.0,100.0,10000.0,-0.17653992720301825,0.516271197722696,0.7276692794601513,0.0,0.0,,M1,True,True,[],0.102,0.021,1.2614e-06,0.0607,0.1432,True,0.002,True,0.0103,0.0324,1,0.0174,1.1619e-10,"[0.0174, 0.0103, 0.0324, 0]","[0, 0, '-Inf', 0]",model_corr_boundary,False,False,False,True
25,92623025,P6_C_HIGH_RHO0,M2,100,400,40000,0.0,0.1,0.02,0.03,0.03,953a60f97488f2f3a2a4abfa629b7ca299ff9d36ed3612d0e87911f3bce8d4c8,-4.343378334909613e-19,0.5,200,200,0.5,0.5,0.5,,100.0,100.0,10000.0,-0.17653992720301825,0.516271197722696,0.7276692794601513,0.0,0.0,,M2,True,True,[],0.102,0.0212,1.4973e-06,0.0604,0.1435,True,0.002,True,0.0,0.0408,NA,0.0172,0.0,"[0.0172, 0, 0.0408]","[0, 0, 0]",model_intercept_sd_zero,False,True,False,False
25,92623025,P6_D_HIGH_RHO30,M1,100,400,40000,0.3,0.1,0.02,0.03,0.03,3d261602b00cf65432b9a8e04f28f940c6cfb064f00456f4074bfbabae601c81,-4.343378334909613e-19,0.5,200,200,0.5,0.5,0.5,,100.0,100.0,10000.0,0.1534269303928873,0.516271197722696,0.7287145400771554,0.0,0.0,,M1,True,True,[],0.1016,0.0214,2.0658e-06,0.0597,0.1436,True,0.0016,True,0.0,0.0509,NaN,0.015,0.0,"[0.015, 0, -0.0344, 0.0374]","[0, 0, '-Inf', 0]",model_intercept_sd_zero,False,True,False,False
25,92623025,P6_D_HIGH_RHO30,M2,100,400,40000,0.3,0.1,0.02,0.03,0.03,3d261602b00cf65432b9a8e04f28f940c6cfb064f00456f4074bfbabae601c81,-4.343378334909613e-19,0.5,200,200,0.5,0.5,0.5,,100.0,100.0,10000.0,0.1534269303928873,0.516271197722696,0.7287145400771554,0.0,0.0,,M2,True,True,[],0.1016,0.0214,2.0659e-06,0.0597,0.1436,True,0.0016,True,0.0,0.0509,NA,0.015,1.9866e-10,"[0.015, 0, 0.0509]","[0, 0, 0]",model_intercept_sd_zero,False,True,False,False
26,92623026,P6_A_LOW_RHO0,M1,24,100,2400,0.0,0.1,0.02,0.03,0.03,613ee46659b34ef4956d24944c62d3ddf33a9fb92fa39ae93679b92c485330ec,-1.0421272095498727e-18,0.5,50,50,0.5,0.5,0.5,,25.0,25.0,600.0,-0.11411372866798937,0.5187670780585358,0.7262091429692897,0.0,0.0,,M1,True,True,boundary (singular) fit: see help('isSingular'),0.1257,0.0882,0.1544,-0.0473,0.2986,False,0.0257,True,0.0334,0.1034,-1,0.0,2.1684e-19,"[0, 0.0334, -0.1034, 0]","[0, 0, '-Inf', 0]",model_corr_boundary,False,False,True,True
26,92623026,P6_A_LOW_RHO0,M2,24,100,2400,0.0,0.1,0.02,0.03,0.03,613ee46659b34ef4956d24944c62d3ddf33a9fb92fa39ae93679b92c485330ec,-1.0421272095498727e-18,0.5,50,50,0.5,0.5,0.5,,25.0,25.0,600.0,-0.11411372866798937,0.5187670780585358,0.7262091429692897,0.0,0.0,,M2,True,True,boundary (singular) fit: see help('isSingular'),0.1252,0.086,0.1456,-0.0434,0.2938,False,0.0252,True,0.0,0.0399,NA,0.0,0.0,"[0, 0, 0.0399]","[0, 0, 0]",model_intercept_sd_zero,False,True,True,False
26,92623026,P6_B_LOW_RHO30,M1,24,100,2400,0.3,0.1,0.02,0.03,0.03,f55914dba661d3b08a1a599985aaed227c652e4905343326f9aa1a4f9efb42a2,-1.0421272095498727e-18,0.5,50,50,0.5,0.5,0.5,,25.0,25.0,600.0,0.21713845205594087,0.5187670780585358,0.7275659413461874,0.0,0.0,,M1,True,True,boundary (singular) fit: see help('isSingular'),0.126,0.0891,0.1572,-0.0486,0.3006,False,0.026,True,0.0387,0.1195,-1,0.0,0.0,"[0, 0.0387, -0.1195, 0]","[0, 0, '-Inf', 0]",model_corr_boundary,False,False,True,True
26,92623026,P6_B_LOW_RHO30,M2,24,100,2400,0.3,0.1,0.02,0.03,0.03,f55914dba661d3b08a1a599985aaed227c652e4905343326f9aa1a4f9efb42a2,-1.0421272095498727e-18,0.5,50,50,0.5,0.5,0.5,,25.0,25.0,600.0,0.21713845205594087,0.5187670780585358,0.7275659413461874,0.0,0.0,,M2,True,True,boundary (singular) fit: see help('isSingular'),0.1256,0.0864,0.1463,-0.0438,0.295,False,0.0256,True,0.0,0.056,NA,1.7417e-07,0.0,"[1.7417e-07, 0, 0.056]","[0, 0, 0]",model_intercept_sd_zero,False,True,True,False
26,92623026,P6_C_HIGH_RHO0,M1,100,400,40000,0.0,0.1,0.02,0.03,0.03,bc5132181c0dd272196842bbe3c9dca22f38979187a0c4d77ec3cf8b7ee96d51,2.95420183672833e-19,0.5,200,200,0.5,0.5,0.5,,100.0,100.0,10000.0,-0.021377289917739014,0.5086305212409252,0.7408222587328405,0.0,0.0,,M1,True,True,[],0.0784,0.0226,0.0005,0.0341,0.1228,True,-0.0216,True,0.0183,0.0884,-1,0.0713,0.0,"[0.0713, 0.0183, -0.0884, 0]","[0, 0, '-Inf', 0]",model_corr_boundary,False,False,False,True
26,92623026,P6_C_HIGH_RHO0,M2,100,400,40000,0.0,0.1,0.02,0.03,0.03,bc5132181c0dd272196842bbe3c9dca22f38979187a0c4d77ec3cf8b7ee96d51,2.95420183672833e-19,0.5,200,200,0.5,0.5,0.5,,100.0,100.0,10000.0,-0.021377289917739014,0.5086305212409252,0.7408222587328405,0.0,0.0,,M2,True,True,[],0.0784,0.0219,0.0003,0.0355,0.1214,True,-0.0216,True,0.0,0.0687,NA,0.0714,0.0,"[0.0714, 0, 0.0687]","[0, 0, 0]",model_intercept_sd_zero,False,True,False,False
26,92623026,P6_D_HIGH_RHO30,M1,100,400,40000,0.3,0.1,0.02,0.03,0.03,e7a609bc1768d9becb5c88bc0a7f80a2335cd5e09019de950b3826273c84fc5c,2.95420183672833e-19,0.5,200,200,0.5,0.5,0.5,,100.0,100.0,10000.0,0.2652848222625687,0.5086305212409252,0.7421675644267125,0.0,0.0,,M1,True,True,[],0.0783,0.0228,0.0006,0.0337,0.123,True,-0.0217,True,0.0169,0.0921,-1,0.0737,5.0578e-11,"[0.0737, 0.0169, -0.0921, 0]","[0, 0, '-Inf', 0]",model_corr_boundary,False,False,False,True
26,92623026,P6_D_HIGH_RHO30,M2,100,400,40000,0.3,0.1,0.02,0.03,0.03,e7a609bc1768d9becb5c88bc0a7f80a2335cd5e09019de950b3826273c84fc5c,2.95420183672833e-19,0.5,200,200,0.5,0.5,0.5,,100.0,100.0,10000.0,0.2652848222625687,0.5086305212409252,0.7421675644267125,0.0,0.0,,M2,True,True,[],0.0783,0.0221,0.0004,0.035,0.1217,True,-0.0217,True,0.0,0.0741,NA,0.0738,0.0,"[0.0738, 0, 0.0741]","[0, 0, 0]",model_intercept_sd_zero,False,True,False,False
27,92623027,P6_A_LOW_RHO0,M1,24,100,2400,0.0,0.1,0.02,0.03,0.03,6ce17e9414f64df4ec5fac7d867566226dce37c4148c12658e643187eb7b7f33,1.3969242011110847e-18,0.5,50,50,0.5,0.5,0.5,,25.0,25.0,600.0,-0.07194477179350788,0.5380477162755647,0.7147269181232964,0.0,0.0,,M1,True,True,boundary (singular) fit: see help('isSingular'),0.2996,0.0921,0.0011,0.119,0.4801,True,0.1996,False,0.2209,0.1585,-1,0.1053,-3.4694e-18,"[0.1053, 0.2209, -0.1585, 0]","[0, 0, '-Inf', 0]",model_corr_boundary,False,False,False,True
27,92623027,P6_A_LOW_RHO0,M2,24,100,2400,0.0,0.1,0.02,0.03,0.03,6ce17e9414f64df4ec5fac7d867566226dce37c4148c12658e643187eb7b7f33,1.3969242011110847e-18,0.5,50,50,0.5,0.5,0.5,,25.0,25.0,600.0,-0.07194477179350788,0.5380477162755647,0.7147269181232964,0.0,0.0,,M2,True,True,boundary (singular) fit: see help('isSingular'),0.3057,0.0862,0.0004,0.1367,0.4747,True,0.2057,False,0.1411,0.0,NA,0.1148,0.0,"[0.1148, 0.1411, 0]","[0, 0, 0]",model_slope_sd_zero,True,False,False,False
27,92623027,P6_B_LOW_RHO30,M1,24,100,2400,0.3,0.1,0.02,0.03,0.03,195ec5ba649cacd0f19f81760df073c164a289fcce093a505b1e18b316988971,1.3969242011110847e-18,0.5,50,50,0.5,0.5,0.5,,25.0,25.0,600.0,0.18560921196709818,0.5380477162755647,0.7136326304281808,0.0,0.0,,M1,True,True,boundary (singular) fit: see help('isSingular'),0.2959,0.0916,0.0012,0.1163,0.4755,True,0.1959,False,0.2218,0.1526,-1,0.0918,7.7022e-16,"[0.0918, 0.2218, -0.1526, 3.3717e-08]","[0, 0, '-Inf', 0]",model_corr_boundary,False,False,False,True
27,92623027,P6_B_LOW_RHO30,M2,24,100,2400,0.3,0.1,0.02,0.03,0.03,195ec5ba649cacd0f19f81760df073c164a289fcce093a505b1e18b316988971,1.3969242011110847e-18,0.5,50,50,0.5,0.5,0.5,,25.0,25.0,600.0,0.18560921196709818,0.5380477162755647,0.7136326304281808,0.0,0.0,,M2,True,True,boundary (singular) fit: see help('isSingular'),0.302,0.0862,0.0005,0.1331,0.4709,True,0.202,False,0.1447,0.0,NA,0.1025,0.0,"[0.1025, 0.1447, 0]","[0, 0, 0]",model_slope_sd_zero,True,False,False,False
27,92623027,P6_C_HIGH_RHO0,M1,100,400,40000,0.0,0.1,0.02,0.03,0.03,1d8b1b7395092456fa6f3d7dbe543cf9673f831416593efc0cdd008de21f4a30,3.900230719517327e-19,0.5,200,200,0.5,0.5,0.5,,100.0,100.0,10000.0,-0.1350038061384226,0.5157628405509104,0.7288117481724363,0.0,0.0,,M1,True,True,[],0.096,0.0231,0.0,0.0507,0.1414,True,-0.004,True,0.0656,0.1013,-1,0.0618,-4.3368e-19,"[0.0618, 0.0656, -0.1013, 0]","[0, 0, '-Inf', 0]",model_corr_boundary,False,False,False,True
27,92623027,P6_C_HIGH_RHO0,M2,100,400,40000,0.0,0.1,0.02,0.03,0.03,1d8b1b7395092456fa6f3d7dbe543cf9673f831416593efc0cdd008de21f4a30,3.900230719517327e-19,0.5,200,200,0.5,0.5,0.5,,100.0,100.0,10000.0,-0.1350038061384226,0.5157628405509104,0.7288117481724363,0.0,0.0,,M2,True,True,[],0.0963,0.0208,3.673e-06,0.0555,0.1371,True,-0.0037,True,0.0,0.0,NA,0.0621,0.0,"[0.0621, 0, 0]","[0, 0, 0]",model_slope_sd_zero,True,True,False,False
27,92623027,P6_D_HIGH_RHO30,M1,100,400,40000,0.3,0.1,0.02,0.03,0.03,b8e2b26643a6d4d46cec0e3c1bd236078c58bf01cffb9ed48f8bda9a593c7428,3.900230719517327e-19,0.5,200,200,0.5,0.5,0.5,,100.0,100.0,10000.0,0.18259181390199816,0.5157628405509104,0.7305254539429515,0.0,0.0,,M1,True,True,[],0.0956,0.0231,0.0,0.0502,0.1409,True,-0.0044,True,0.0647,0.1011,-1,0.062,-4.3368e-19,"[0.062, 0.0647, -0.1011, 0]","[0, 0, '-Inf', 0]",model_corr_boundary,False,False,False,True
27,92623027,P6_D_HIGH_RHO30,M2,100,400,40000,0.3,0.1,0.02,0.03,0.03,b8e2b26643a6d4d46cec0e3c1bd236078c58bf01cffb9ed48f8bda9a593c7428,3.900230719517327e-19,0.5,200,200,0.5,0.5,0.5,,100.0,100.0,10000.0,0.18259181390199816,0.5157628405509104,0.7305254539429515,0.0,0.0,,M2,True,True,[],0.0959,0.0208,4.0573e-06,0.0551,0.1367,True,-0.0041,True,0.0,1.9539e-07,NA,0.0622,0.0,"[0.0622, 0, 1.9539e-07]","[0, 0, 0]",model_slope_sd_zero,True,True,False,False
28,92623028,P6_A_LOW_RHO0,M1,24,100,2400,0.0,0.1,0.02,0.03,0.03,27e46080c86865674812555648a0a5f909396f60b5dded4b8c42eafa21f6fc10,-4.143835678269873e-19,0.5,50,50,0.5,0.5,0.5,,25.0,25.0,600.0,-0.14301537608276524,0.5431577446382488,0.716353756043369,0.0,0.0,,M1,True,True,boundary (singular) fit: see help('isSingular'),0.0702,0.0933,0.4519,-0.1126,0.2529,False,-0.0298,True,0.0,0.1934,NaN,0.0,0.0,"[0, 0, -0.1921, 0.0219]","[0, 0, '-Inf', 0]",model_intercept_sd_zero,False,True,True,False
28,92623028,P6_A_LOW_RHO0,M2,24,100,2400,0.0,0.1,0.02,0.03,0.03,27e46080c86865674812555648a0a5f909396f60b5dded4b8c42eafa21f6fc10,-4.143835678269873e-19,0.5,50,50,0.5,0.5,0.5,,25.0,25.0,600.0,-0.14301537608276524,0.5431577446382488,0.716353756043369,0.0,0.0,,M2,True,True,boundary (singular) fit: see help('isSingular'),0.0697,0.0923,0.4502,-0.1112,0.2505,False,-0.0303,True,0.0633,0.1814,NA,1.7135e-08,0.004,"[1.7135e-08, 0.0633, 0.1814]","[0, 0, 0]",item_intercept_sd_zero,False,False,True,False
28,92623028,P6_B_LOW_RHO30,M1,24,100,2400,0.3,0.1,0.02,0.03,0.03,ec8937196ec8bf268e26d9dc86c64de7f73c44d00bad943e24a0b3719629bfc5,-4.143835678269873e-19,0.5,50,50,0.5,0.5,0.5,,25.0,25.0,600.0,0.14179423832533086,0.5431577446382488,0.7151903449398701,0.0,0.0,,M1,True,True,boundary (singular) fit: see help('isSingular'),0.0697,0.0928,0.4522,-0.1121,0.2516,False,-0.0303,True,0.0,0.1881,NaN,0.0,0.0,"[0, 0, -0.1872, 0.0185]","[0, 0, '-Inf', 0]",model_intercept_sd_zero,False,True,True,False
28,92623028,P6_B_LOW_RHO30,M2,24,100,2400,0.3,0.1,0.02,0.03,0.03,ec8937196ec8bf268e26d9dc86c64de7f73c44d00bad943e24a0b3719629bfc5,-4.143835678269873e-19,0.5,50,50,0.5,0.5,0.5,,25.0,25.0,600.0,0.14179423832533086,0.5431577446382488,0.7151903449398701,0.0,0.0,,M2,True,True,boundary (singular) fit: see help('isSingular'),0.0691,0.0914,0.4499,-0.1101,0.2482,False,-0.0309,True,0.0739,0.1709,NA,0.0,0.0055,"[0, 0.0739, 0.1709]","[0, 0, 0]",item_intercept_sd_zero,False,False,True,False
28,92623028,P6_C_HIGH_RHO0,M1,100,400,40000,0.0,0.1,0.02,0.03,0.03,2ad2726029344da25574017a15bdd7ef7ea8ae286621e92d14b8c7eadce5444e,-7.780435711620479e-20,0.5,200,200,0.5,0.5,0.5,,100.0,100.0,10000.0,-0.05213261198008911,0.5053573627099679,0.7298768490915961,0.0,0.0,,M1,True,True,[],0.0882,0.0215,0.0,0.0461,0.1303,True,-0.0118,True,0.0,0.0538,NaN,5.4771e-07,0.0,"[5.4771e-07, 0, -0.0535, 0.0053]","[0, 0, '-Inf', 0]",model_intercept_sd_zero,False,True,True,False
28,92623028,P6_C_HIGH_RHO0,M2,100,400,40000,0.0,0.1,0.02,0.03,0.03,2ad2726029344da25574017a15bdd7ef7ea8ae286621e92d14b8c7eadce5444e,-7.780435711620479e-20,0.5,200,200,0.5,0.5,0.5,,100.0,100.0,10000.0,-0.05213261198008911,0.5053573627099679,0.7298768490915961,0.0,0.0,,M2,True,True,[],0.0881,0.0213,0.0,0.0463,0.1299,True,-0.0119,True,0.0231,0.0483,NA,0.0,0.0005,"[0, 0.0231, 0.0483]","[0, 0, 0]",item_intercept_sd_zero,False,False,True,False
28,92623028,P6_D_HIGH_RHO30,M1,100,400,40000,0.3,0.1,0.02,0.03,0.03,9749bbe6d495e8f97a38581624b15472842ba5f17f950ce96cf158c24634579d,-7.780435711620479e-20,0.5,200,200,0.5,0.5,0.5,,100.0,100.0,10000.0,0.2870902503348468,0.5053573627099679,0.7306026518719385,0.0,0.0,,M1,True,True,[],0.087,0.0216,0.0001,0.0447,0.1293,True,-0.013,True,0.0,0.0589,NaN,0.0,0.0,"[0, 0, -0.0568, 0.0156]","[0, 0, '-Inf', 0]",model_intercept_sd_zero,False,True,True,False
28,92623028,P6_D_HIGH_RHO30,M2,100,400,40000,0.3,0.1,0.02,0.03,0.03,9749bbe6d495e8f97a38581624b15472842ba5f17f950ce96cf158c24634579d,-7.780435711620479e-20,0.5,200,200,0.5,0.5,0.5,,100.0,100.0,10000.0,0.2870902503348468,0.5053573627099679,0.7306026518719385,0.0,0.0,,M2,True,True,[],0.0869,0.0214,0.0,0.0449,0.1289,True,-0.0131,True,0.0265,0.0523,NA,0.0,0.0007,"[0, 0.0265, 0.0523]","[0, 0, 0]",item_intercept_sd_zero,False,False,True,False
29,92623029,P6_A_LOW_RHO0,M1,24,100,2400,0.0,0.1,0.02,0.03,0.03,8cb96e436ccb3636f704539a1ba013bd519612471c56cedadf2a184f2e794c60,-2.412910046172977e-19,0.5,50,50,0.5,0.5,0.5,,25.0,25.0,600.0,-0.05787367866292566,0.5338524060374152,0.7284138197546385,0.0,0.0,,M1,True,True,boundary (singular) fit: see help('isSingular'),-0.037,0.0918,0.6869,-0.2169,0.1429,False,-0.137,True,0.1201,0.1796,-0.9997,0.0,5.1978e-06,"[0, 0.1201, -0.1796, 0.0041]","[0, 0, '-Inf', 0]",model_corr_boundary,False,False,True,True
29,92623029,P6_A_LOW_RHO0,M2,24,100,2400,0.0,0.1,0.02,0.03,0.03,8cb96e436ccb3636f704539a1ba013bd519612471c56cedadf2a184f2e794c60,-2.412910046172977e-19,0.5,50,50,0.5,0.5,0.5,,25.0,25.0,600.0,-0.05787367866292566,0.5338524060374152,0.7284138197546385,0.0,0.0,,M2,True,True,boundary (singular) fit: see help('isSingular'),-0.0349,0.0851,0.6819,-0.2017,0.132,False,-0.1349,True,0.0,0.0635,NA,0.0,1.3177e-10,"[0, 0, 0.0635]","[0, 0, 0]",model_intercept_sd_zero,False,True,True,False
29,92623029,P6_B_LOW_RHO30,M1,24,100,2400,0.3,0.1,0.02,0.03,0.03,6e8d202290927fe37b5c57d61230b1d5b63d99017cf35f8bf86bc9da6aec1881,-2.412910046172977e-19,0.5,50,50,0.5,0.5,0.5,,25.0,25.0,600.0,0.15061629576972077,0.5338524060374152,0.7273840492149137,0.0,0.0,,M1,True,True,boundary (singular) fit: see help('isSingular'),-0.0331,0.0922,0.7192,-0.2138,0.1475,False,-0.1331,True,0.1211,0.1843,-0.9452,0.0,0.0011,"[0, 0.1211, -0.1742, 0.0602]","[0, 0, '-Inf', 0]",item_intercept_sd_zero,False,False,True,False
29,92623029,P6_B_LOW_RHO30,M2,24,100,2400,0.3,0.1,0.02,0.03,0.03,6e8d202290927fe37b5c57d61230b1d5b63d99017cf35f8bf86bc9da6aec1881,-2.412910046172977e-19,0.5,50,50,0.5,0.5,0.5,,25.0,25.0,600.0,0.15061629576972077,0.5338524060374152,0.7273840492149137,0.0,0.0,,M2,True,True,boundary (singular) fit: see help('isSingular'),-0.0311,0.0857,0.7172,-0.1991,0.137,False,-0.1311,True,0.0227,0.0808,NA,0.0,0.0005,"[0, 0.0227, 0.0808]","[0, 0, 0]",item_intercept_sd_zero,False,False,True,False
29,92623029,P6_C_HIGH_RHO0,M1,100,400,40000,0.0,0.1,0.02,0.03,0.03,bc7377051b50c50411b398f862c4fa95830aeb5027f59b54386a4af57f9378e6,3.055199752111962e-19,0.5,200,200,0.5,0.5,0.5,,100.0,100.0,10000.0,-0.09861497070370674,0.531185336872884,0.7291155840495354,0.0,0.0,,M1,True,True,[],0.0858,0.0222,0.0001,0.0422,0.1294,True,-0.0142,True,0.0,0.0789,NaN,0.0,0.0,"[0, 0, 0.0788, 0.0027]","[0, 0, '-Inf', 0]",model_intercept_sd_zero,False,True,True,False
29,92623029,P6_C_HIGH_RHO0,M2,100,400,40000,0.0,0.1,0.02,0.03,0.03,bc7377051b50c50411b398f862c4fa95830aeb5027f59b54386a4af57f9378e6,3.055199752111962e-19,0.5,200,200,0.5,0.5,0.5,,100.0,100.0,10000.0,-0.09861497070370674,0.531185336872884,0.7291155840495354,0.0,0.0,,M2,True,True,[],0.0857,0.022,0.0001,0.0426,0.1289,True,-0.0143,True,0.0344,0.072,NA,0.0,0.0012,"[0, 0.0344, 0.072]","[0, 0, 0]",item_intercept_sd_zero,False,False,True,False
29,92623029,P6_D_HIGH_RHO30,M1,100,400,40000,0.3,0.1,0.02,0.03,0.03,a7af46cc4c27ab28cc164c65e75b417dfdde9bc84b725d3560a3a57076633e9e,3.055199752111962e-19,0.5,200,200,0.5,0.5,0.5,,100.0,100.0,10000.0,0.16301075753278646,0.531185336872884,0.7304346180257653,0.0,0.0,,M1,True,True,[],0.0854,0.0223,0.0001,0.0417,0.1291,True,-0.0146,True,0.0,0.08,NaN,0.0,0.0,"[0, 0, 0.08, 0.0011]","[0, 0, '-Inf', 0]",model_intercept_sd_zero,False,True,True,False
29,92623029,P6_D_HIGH_RHO30,M2,100,400,40000,0.3,0.1,0.02,0.03,0.03,a7af46cc4c27ab28cc164c65e75b417dfdde9bc84b725d3560a3a57076633e9e,3.055199752111962e-19,0.5,200,200,0.5,0.5,0.5,,100.0,100.0,10000.0,0.16301075753278646,0.531185336872884,0.7304346180257653,0.0,0.0,,M2,True,True,[],0.0853,0.0221,0.0001,0.0421,0.1286,True,-0.0147,True,0.0329,0.0739,NA,0.0,0.0011,"[0, 0.0329, 0.0739]","[0, 0, 0]",item_intercept_sd_zero,False,False,True,False
30,92623030,P6_A_LOW_RHO0,M1,24,100,2400,0.0,0.1,0.02,0.03,0.03,6ef39110d1384e9bd93ccd3678ea04b1b05d31fa19e1794bc70d59c8f278338b,1.5216193823074717e-18,0.5,50,50,0.5,0.5,0.5,,25.0,25.0,600.0,-0.16934026229916016,0.5454040388722213,0.7316904743248636,0.0,0.0,,M1,True,True,boundary (singular) fit: see help('isSingular'),0.1265,0.0881,0.1511,-0.0462,0.2992,False,0.0265,True,0.016,0.0842,-1,0.1382,5.421e-20,"[0.1382, 0.016, -0.0842, 0]","[0, 0, '-Inf', 0]",model_corr_boundary,False,False,False,True
30,92623030,P6_A_LOW_RHO0,M2,24,100,2400,0.0,0.1,0.02,0.03,0.03,6ef39110d1384e9bd93ccd3678ea04b1b05d31fa19e1794bc70d59c8f278338b,1.5216193823074717e-18,0.5,50,50,0.5,0.5,0.5,,25.0,25.0,600.0,-0.16934026229916016,0.5454040388722213,0.7316904743248636,0.0,0.0,,M2,True,True,boundary (singular) fit: see help('isSingular'),0.1261,0.0869,0.147,-0.0443,0.2965,False,0.0261,True,0.0,0.0466,NA,0.1389,0.0,"[0.1389, 0, 0.0466]","[0, 0, 0]",model_intercept_sd_zero,False,True,False,False
30,92623030,P6_B_LOW_RHO30,M1,24,100,2400,0.3,0.1,0.02,0.03,0.03,6ef39110d1384e9bd93ccd3678ea04b1b05d31fa19e1794bc70d59c8f278338b,1.5216193823074717e-18,0.5,50,50,0.5,0.5,0.5,,25.0,25.0,600.0,0.20264941641482917,0.5454040388722213,0.7313886978570705,0.0,0.0,,M1,True,True,boundary (singular) fit: see help('isSingular'),0.1265,0.0881,0.1511,-0.0462,0.2992,False,0.0265,True,0.016,0.0842,-1,0.1382,5.421e-20,"[0.1382, 0.016, -0.0842, 0]","[0, 0, '-Inf', 0]",model_corr_boundary,False,False,False,True
30,92623030,P6_B_LOW_RHO30,M2,24,100,2400,0.3,0.1,0.02,0.03,0.03,6ef39110d1384e9bd93ccd3678ea04b1b05d31fa19e1794bc70d59c8f278338b,1.5216193823074717e-18,0.5,50,50,0.5,0.5,0.5,,25.0,25.0,600.0,0.20264941641482917,0.5454040388722213,0.7313886978570705,0.0,0.0,,M2,True,True,boundary (singular) fit: see help('isSingular'),0.1261,0.0869,0.147,-0.0443,0.2965,False,0.0261,True,0.0,0.0466,NA,0.1389,0.0,"[0.1389, 0, 0.0466]","[0, 0, 0]",model_intercept_sd_zero,False,True,False,False
30,92623030,P6_C_HIGH_RHO0,M1,100,400,40000,0.0,0.1,0.02,0.03,0.03,0fe53d1d5b57c55ff327bc3ba455fbf1c831d01c006ac8b084dc2e923bf20ba0,3.617831882897134e-19,0.5,200,200,0.5,0.5,0.5,,100.0,100.0,10000.0,0.20605678664955124,0.5118495590404525,0.7348855915498047,0.0,0.0,,M1,True,True,[],0.1135,0.0213,1.0148e-07,0.0717,0.1553,True,0.0135,True,0.0,0.0466,NaN,0.0452,0.0,"[0.0452, 0, -0.0466, 0.0001]","[0, 0, '-Inf', 0]",model_intercept_sd_zero,False,True,False,False
30,92623030,P6_C_HIGH_RHO0,M2,100,400,40000,0.0,0.1,0.02,0.03,0.03,0fe53d1d5b57c55ff327bc3ba455fbf1c831d01c006ac8b084dc2e923bf20ba0,3.617831882897134e-19,0.5,200,200,0.5,0.5,0.5,,100.0,100.0,10000.0,0.20605678664955124,0.5118495590404525,0.7348855915498047,0.0,0.0,,M2,True,False,[],0.1134,0.0211,7.2092e-08,0.0721,0.1547,True,0.0134,True,0.0327,0.032,NA,0.0453,0.001,"[0.0453, 0.0327, 0.032]","[0, 0, 0]",non_singular,False,False,False,False
30,92623030,P6_D_HIGH_RHO30,M1,100,400,40000,0.3,0.1,0.02,0.03,0.03,d63645bea87877b21620b2a81858631928d8950cb9537f97a22e3214ddb52d65,3.617831882897134e-19,0.5,200,200,0.5,0.5,0.5,,100.0,100.0,10000.0,0.489708623737998,0.5118495590404525,0.7377300433902785,0.0,0.0,,M1,True,True,[],0.1142,0.0214,9.6725e-08,0.0723,0.1562,True,0.0142,True,0.0,0.0509,NaN,0.0452,0.0,"[0.0452, 0, -0.0509, 0.0003]","[0, 0, '-Inf', 0]",model_intercept_sd_zero,False,True,False,False
30,92623030,P6_D_HIGH_RHO30,M2,100,400,40000,0.3,0.1,0.02,0.03,0.03,d63645bea87877b21620b2a81858631928d8950cb9537f97a22e3214ddb52d65,3.617831882897134e-19,0.5,200,200,0.5,0.5,0.5,,100.0,100.0,10000.0,0.489708623737998,0.5118495590404525,0.7377300433902785,0.0,0.0,,M2,True,False,[],0.1141,0.0211,6.7145e-08,0.0727,0.1555,True,0.0141,True,0.0338,0.0369,NA,0.0453,0.0011,"[0.0453, 0.0338, 0.0369]","[0, 0, 0]",non_singular,False,False,False,False
