rep,cell,true_effect,true_rho,dataset_sha256,M1_evaluable,M2_evaluable,estimate_difference_M2_minus_M1,se_difference_M2_minus_M1,M1_rejected,M2_rejected,M1_covered,M2_covered,M1_singular,M2_singular
1,P7_A_NULL_RHO0,0.0,0.0,68b46f4d89e3d3d648e05cb1a39a70bae0f19b23a4494ce6725c8b92c8a34a65,True,True,0.0,0.0,1.0,1.0,0.0,0.0,True,True
1,P7_B_NULL_RHO30,0.0,0.3,3802ece49eec89815da7d229d21dda8176d481f39b2e09d129112c7812e6bdd9,True,True,-9.999999999999593e-05,-0.00030000000000000165,1.0,1.0,0.0,0.0,True,True
1,P7_C_EFFECT_RHO0,0.1,0.0,0705be8ea2a355a5f32a02683d66cd4ddcd5c98af72d0ce63cb971bf9883532b,True,True,-9.999999999998899e-05,-0.00020000000000000226,1.0,1.0,0.0,0.0,True,True
1,P7_D_EFFECT_RHO30,0.1,0.3,41920641dc7909609c6c28130a22a39ce17f8b82cf757a896b534a3dc3cbfa3e,True,True,0.0,-0.00030000000000000165,1.0,1.0,0.0,0.0,True,True
2,P7_A_NULL_RHO0,0.0,0.0,9bf9c1dc1ed993e0f9bbc5134197eee983158451fb163ad0cee7355c711cbd5f,True,True,0.0,-0.001299999999999999,0.0,0.0,1.0,1.0,True,True
2,P7_B_NULL_RHO30,0.0,0.3,261009883797e05236d7b2a1be744054229e048f27925018f5c5498b7741f0f1,True,True,-9.99999999999994e-05,-0.001400000000000002,0.0,0.0,1.0,1.0,True,True
2,P7_C_EFFECT_RHO0,0.1,0.0,c3dc7caca82f181fd55dccb80fb8b042827df87181da20e9e4c00ef47d7adbc8,True,True,-0.00010000000000000286,-0.0015000000000000013,1.0,1.0,1.0,1.0,True,True
2,P7_D_EFFECT_RHO30,0.1,0.3,d9d28ce983668b355ab524cb45629f3b696799c851f40698a8503946f61eb73f,True,True,-0.00010000000000000286,-0.0016000000000000007,1.0,1.0,1.0,1.0,True,True
3,P7_A_NULL_RHO0,0.0,0.0,a37d38b8930f64506cb6954be2aac745174bd9be7403021c3590f61d1df8807d,True,True,0.0,0.0,0.0,0.0,1.0,1.0,False,False
3,P7_B_NULL_RHO30,0.0,0.3,d9889122bcd96f6706b326ee961e7ae5c147a727b64bfec5b006e929b7d444cd,True,True,0.0,0.0,0.0,0.0,1.0,1.0,False,False
3,P7_C_EFFECT_RHO0,0.1,0.0,7b352e94740f5c41ab0e6d1636ab7d8e193b00b520a2ebb14e4844ff09529985,True,True,0.0,0.0,1.0,1.0,1.0,1.0,False,False
3,P7_D_EFFECT_RHO30,0.1,0.3,d29c574df5ab8cc7aca10fb24be4c9977cb83b98f6c2b05fb0a64d9a41c1d329,True,True,-9.999999999998899e-05,9.99999999999994e-05,1.0,1.0,1.0,1.0,False,False
4,P7_A_NULL_RHO0,0.0,0.0,b2f3938c36221f3a4e72e8b9e004377287a63b4237a3975d639926ae80567807,True,True,-9.99999999999994e-05,0.0,0.0,0.0,1.0,1.0,True,True
4,P7_B_NULL_RHO30,0.0,0.3,6883b2c6f94eacab283545d3f375ce4d8b3afe2f32e8eaf62d717e1ffe4b2035,True,True,0.0,-0.00030000000000000165,0.0,0.0,1.0,1.0,True,True
4,P7_C_EFFECT_RHO0,0.1,0.0,1fecd3fa440cd1cf8c0b57ec43979cd6f467b32b9bd35f5f330eb6823637c542,True,True,-0.00019999999999999185,-0.0002999999999999982,1.0,1.0,1.0,1.0,True,True
4,P7_D_EFFECT_RHO30,0.1,0.3,a6aa9b5df6f6ef69a284acee8a0ba3428bc278904eb5c0cf54f334f2aaa79a58,True,True,0.0,0.0,1.0,1.0,1.0,1.0,True,True
5,P7_A_NULL_RHO0,0.0,0.0,02e3816823939819ae24a8a950c18d342e17e0c2bebafa504f07f8ae3acc00ea,True,True,-0.0002999999999999999,-0.00040000000000000105,0.0,0.0,1.0,1.0,True,True
5,P7_B_NULL_RHO30,0.0,0.3,437ae0c7ff36b3b239b114f5590868a24e4303149213e2a534ae9279e58f18be,True,True,-0.0002999999999999999,-0.0005000000000000004,0.0,0.0,1.0,1.0,True,True
5,P7_C_EFFECT_RHO0,0.1,0.0,76ad33d40819a82b37834d3743fb0ff99b66dd8f7ce9f2daf53d5df48e02f4d5,True,True,-0.0003000000000000086,-0.0006999999999999992,1.0,1.0,1.0,1.0,True,True
5,P7_D_EFFECT_RHO30,0.1,0.3,05ebf84966af94d8612d63c5b8379e2dfe40b56219d224b061e6a336f740d228,True,True,-0.0003999999999999976,-0.0008000000000000021,1.0,1.0,1.0,1.0,True,True
6,P7_A_NULL_RHO0,0.0,0.0,bfe03cacc627af528bd4a35bab5816cdaaeb81d94caa3dbe798b309684050401,True,True,0.0,0.0,1.0,1.0,0.0,0.0,True,True
6,P7_B_NULL_RHO30,0.0,0.3,a45f21be12ce312a264b1abb757873d721e16df2a110212538e655d67ef10b07,True,True,0.0,0.0,1.0,1.0,0.0,0.0,True,True
6,P7_C_EFFECT_RHO0,0.1,0.0,e9fadc07c7e2b3a99747d858a5adba0435017ebb3cc866cb9374b0291cbfdc84,True,True,0.0,0.0,1.0,1.0,0.0,0.0,True,True
6,P7_D_EFFECT_RHO30,0.1,0.3,bf41058040b1ad3855a35801499d1284225332ee28ea99fb416f349c9d84f0f9,True,True,0.0,-9.99999999999994e-05,1.0,1.0,1.0,1.0,True,False
7,P7_A_NULL_RHO0,0.0,0.0,3c1e0dabdc5806a63448ded0f8963001125fc4b648036c39980e47af85029740,True,True,0.0005000000000000004,-0.0022000000000000006,0.0,0.0,1.0,1.0,False,False
7,P7_B_NULL_RHO30,0.0,0.3,037a5af815c5383b500ccc0ca58ff19755cf11792f373253a8e4498669f6c74c,True,True,0.00040000000000000105,-0.002100000000000001,0.0,0.0,1.0,1.0,False,False
7,P7_C_EFFECT_RHO0,0.1,0.0,14529517e38f80fcc0b24ec2e65ff80a71421c419ab2150cedb0d6d5775d70e6,True,True,0.00040000000000001146,-0.002400000000000003,1.0,1.0,1.0,1.0,False,False
7,P7_D_EFFECT_RHO30,0.1,0.3,bb9c08a6b11d777f1f4f1d2e0f99d3d9c47b738133bd13bc7f6a02d2f9e755f1,True,True,-9.999999999998899e-05,-9.99999999999994e-05,1.0,1.0,1.0,1.0,True,False
8,P7_A_NULL_RHO0,0.0,0.0,05571c0daee1a8afc7cccbb0fa5d51b656fce7bffa1b4a7d530ac75b12fe017d,True,True,0.0001999999999999988,-9.99999999999994e-05,0.0,0.0,1.0,1.0,True,True
8,P7_B_NULL_RHO30,0.0,0.3,dc97186a0a7d8bebdcfb9df0bec7e878b43a0677cafc24cc27a2ba700291ccb6,True,True,0.00020000000000000226,-9.99999999999994e-05,0.0,0.0,1.0,1.0,True,True
8,P7_C_EFFECT_RHO0,0.1,0.0,4f47e8ec42ea444fc65538022f6bdeca6bbb8d97e16583cdff04cad0d1623a36,True,True,0.00020000000000000573,-0.00020000000000000226,1.0,1.0,1.0,1.0,True,True
8,P7_D_EFFECT_RHO30,0.1,0.3,ab81d7d9a8d5302161ee5df5b5735cd34f93e0c062440a7fbebd3c9a72b0ed79,True,True,0.00020000000000000573,-0.00020000000000000226,1.0,1.0,1.0,1.0,True,True
9,P7_A_NULL_RHO0,0.0,0.0,251c225e1961b37f0ac2ff786307ee82038a86bda991694766eecfdfb7f31cfe,True,True,0.0,0.0,0.0,0.0,1.0,1.0,True,True
9,P7_B_NULL_RHO30,0.0,0.3,668a7a82712542be24f7e34d4ac501bf0460308bf877c0cfa96b8208c6d0e022,True,True,0.00020000000000000226,-0.0009000000000000015,0.0,0.0,1.0,1.0,False,True
9,P7_C_EFFECT_RHO0,0.1,0.0,6415a3bbbe0cd9222760dc3d65f3cac99e6330effe791c0c811d000a46f67d39,True,True,0.0,0.0,1.0,1.0,1.0,1.0,True,True
9,P7_D_EFFECT_RHO30,0.1,0.3,bba6c3b1a1319914001afc74c9753d7a17746a7121876aec9fb7fb3629285b7d,True,True,0.0,0.0,1.0,1.0,1.0,1.0,True,True
10,P7_A_NULL_RHO0,0.0,0.0,24984f1941c20e5095cc71e5b5206745d0ed3334c528179cf7de7d23e680ce4f,True,True,0.0,0.0,0.0,0.0,1.0,1.0,True,True
10,P7_B_NULL_RHO30,0.0,0.3,e861c71a967287477e7623be0d05b7841c5fed73da397fa9cfceaaeeb8073e4d,True,True,-9.99999999999994e-05,0.0,0.0,0.0,1.0,1.0,True,True
10,P7_C_EFFECT_RHO0,0.1,0.0,fdec27dac5cbaa67063f69fedf8ef9f3681a1174fda0a97f78fc663b36db71ca,True,True,0.0,0.0,1.0,1.0,1.0,1.0,True,True
10,P7_D_EFFECT_RHO30,0.1,0.3,ee2e841cea04823d21549eb38da6054d2157672630d9e626c2939aaa873f5cf3,True,True,0.0,0.0,1.0,1.0,1.0,1.0,True,True
11,P7_A_NULL_RHO0,0.0,0.0,f0b65a7aaf7f762ba590470eb019586c79a5175a9687f84c9978295b6572121f,True,True,0.0,-9.99999999999994e-05,0.0,0.0,1.0,1.0,True,True
11,P7_B_NULL_RHO30,0.0,0.3,b650b08215f4324e534ca467a83e17ad911c5e57009a053f5fb2eef6f29b88f2,True,True,0.0,-0.00010000000000000286,0.0,0.0,1.0,1.0,True,True
11,P7_C_EFFECT_RHO0,0.1,0.0,9bce230d8e36b2d543eebe185796946f92d7e1756519db5d7a79e6d2e2a52966,True,True,0.0,0.0,1.0,1.0,1.0,1.0,True,True
11,P7_D_EFFECT_RHO30,0.1,0.3,94e0ba0714c77e4d90fa60c67d352b6c455e4ec6148692fca9a7e844c739e53f,True,True,0.0,0.0,1.0,1.0,1.0,1.0,True,True
12,P7_A_NULL_RHO0,0.0,0.0,6261257ab2ce34b1c056eec1de44db6b2ae40cfd56d3da19b73e548cdabf7de6,True,True,0.0,0.0,0.0,0.0,1.0,1.0,True,True
12,P7_B_NULL_RHO30,0.0,0.3,6fd4937bd9d6cb43bffbe08d12da76e20c61cd17174296d2cb48e0225cc5d974,True,True,0.0,0.0,0.0,0.0,1.0,1.0,True,True
12,P7_C_EFFECT_RHO0,0.1,0.0,c3f0db9971fd3fcae9ebc96a2ab9dc485acefe3be45d99570fdd7271ac8d79d2,True,True,0.0,0.0001999999999999988,1.0,1.0,1.0,1.0,True,True
12,P7_D_EFFECT_RHO30,0.1,0.3,4ada95b996f55b8d2d8fe697840a6682ccaa864074f7029a06b132d91f10587c,True,True,0.0,9.99999999999994e-05,1.0,1.0,1.0,1.0,True,True
13,P7_A_NULL_RHO0,0.0,0.0,06f45610d4340f1994542c57aa01ea4c8ac51b007402ecf81a2caab46278a2c0,True,True,0.0005999999999999998,-0.00040000000000000105,0.0,0.0,1.0,1.0,True,True
13,P7_B_NULL_RHO30,0.0,0.3,e62487e851501121350f8dcee7dadd51fcaa5224497bf7923f40d67940312003,True,True,0.0005999999999999998,-0.00030000000000000165,0.0,0.0,1.0,1.0,True,True
13,P7_C_EFFECT_RHO0,0.1,0.0,00355b23a516834e6a2db0ab8e68e5292e598e86fe071414289c2c0f5b497808,True,True,0.0006999999999999923,-0.0008000000000000021,1.0,1.0,1.0,1.0,False,True
13,P7_D_EFFECT_RHO30,0.1,0.3,b32d6e6873033c45d22f2760d26ba363926207ea6bd450c21b90408550a68260,True,True,0.0006000000000000033,-0.0008000000000000021,1.0,1.0,1.0,1.0,False,True
14,P7_A_NULL_RHO0,0.0,0.0,82185012f2df0c9c08f322c9cf9adcfe7efeaa7514dc2ffe56df22dab8b7fc08,True,True,0.0,-9.99999999999994e-05,1.0,1.0,0.0,0.0,True,True
14,P7_B_NULL_RHO30,0.0,0.3,a1d90b3b9b01a15a80bc0c1caae673ba481c61eac2cfa1f8bba8873b7801ca6b,True,True,9.999999999999593e-05,0.0,1.0,1.0,0.0,0.0,True,True
14,P7_C_EFFECT_RHO0,0.1,0.0,b0da820c3c87de1d6f621da3d665f3345e2e28510f5450e7cdbfd9f1e3945509,True,True,0.00010000000000000286,0.0,1.0,1.0,0.0,0.0,True,True
14,P7_D_EFFECT_RHO30,0.1,0.3,96ae3871b5972d52604c3e0fd22dd7732273245246a3721d9d7808abc05a0f14,True,True,0.00010000000000000286,0.0,1.0,1.0,0.0,0.0,True,True
15,P7_A_NULL_RHO0,0.0,0.0,95b9cb5016c3140a20196df905b02f88e5cd50da9a5b84f2bf0f7b52d9cf50e4,True,True,-9.99999999999994e-05,-0.0001999999999999988,0.0,0.0,1.0,1.0,True,True
15,P7_B_NULL_RHO30,0.0,0.3,53890195e5e4eaaca20eed33acef312b4222b24f6cf2a0baf6ba1ee37375386f,True,True,-0.00020000000000000052,-0.00020000000000000226,0.0,0.0,1.0,1.0,True,True
15,P7_C_EFFECT_RHO0,0.1,0.0,5305009e5f0a47352686af651a1c45325b1ee83f9d7c41c1903b30f7fdfa481c,True,True,-0.00010000000000000286,-0.00020000000000000226,1.0,1.0,1.0,1.0,True,True
15,P7_D_EFFECT_RHO30,0.1,0.3,6730c8a523189008b9a2574f70616c7b2ec0c34741f5a2d8b02ee8b693665b83,True,True,-0.00010000000000000286,-0.00030000000000000165,1.0,1.0,1.0,1.0,True,True
16,P7_A_NULL_RHO0,0.0,0.0,cf23f615ad61ba03a591886d9c6a58b6306d096dfe61db8e99b8874eedf081f5,True,True,9.99999999999994e-05,0.0,0.0,0.0,1.0,1.0,True,True
16,P7_B_NULL_RHO30,0.0,0.3,7418a5f3534d5c800a23c176bc741c8a3d2c2b41b268ca4b3764d014ea417ba8,True,True,0.00010000000000000286,0.0,0.0,0.0,1.0,1.0,True,True
16,P7_C_EFFECT_RHO0,0.1,0.0,364e7f96f8d2c617bc6fd1f56e019607ce6d572d69fff1ccc3fea6819549aad8,True,True,9.999999999998899e-05,-9.99999999999994e-05,1.0,1.0,1.0,1.0,True,True
16,P7_D_EFFECT_RHO30,0.1,0.3,e711b41d15775a46cbf7ce5a4b6d71421840c3211863f97afa8e7b45f15620d7,True,True,0.00010000000000000286,-9.99999999999994e-05,1.0,1.0,1.0,1.0,True,True
17,P7_A_NULL_RHO0,0.0,0.0,adb5fa9ab551ff858907ba201cd8491088526abdb6a9b9e1909f38e322386e00,True,True,0.0,0.0,0.0,0.0,1.0,1.0,True,True
17,P7_B_NULL_RHO30,0.0,0.3,92d369fb98cabe347731daefde88f0840b1185d1ca524121cf96eaf7ffc226fc,True,True,-0.00010000000000000286,0.0,0.0,0.0,1.0,1.0,True,True
17,P7_C_EFFECT_RHO0,0.1,0.0,59988a003ff030c4e0d24e62d84be6a1e36eb2b37303c673f2c47156125cab66,True,True,0.0,0.0,1.0,1.0,1.0,1.0,True,True
17,P7_D_EFFECT_RHO30,0.1,0.3,1651fc94cdf94f2bcbbb81aa0f2ace3ba727bc8ccc0e791f066f4260fb4a1fbc,True,True,0.0,0.0,1.0,1.0,1.0,1.0,True,True
18,P7_A_NULL_RHO0,0.0,0.0,7ddf16211aab0f5966014dc9bed018377b9d472a5549a6f9caee256e7a9e2564,True,True,9.99999999999994e-05,-0.0001999999999999988,0.0,0.0,1.0,1.0,False,False
18,P7_B_NULL_RHO30,0.0,0.3,6393c2dbf4ff46b277f8629f2633a834bea25b4ed7241da146f99852810370cf,True,True,0.00010000000000000026,-9.99999999999994e-05,0.0,0.0,1.0,1.0,False,False
18,P7_C_EFFECT_RHO0,0.1,0.0,7d1a9b74f4a724aed54ea34779a76e9532111439791ae9bb871156ca4bbef75a,True,True,9.999999999998899e-05,-0.0002999999999999982,1.0,1.0,1.0,1.0,False,False
18,P7_D_EFFECT_RHO30,0.1,0.3,9d0ae6bd0e09301cd5c17f43b56ed9d7e8033dc981b36e776e96572ebad81817,True,True,0.00010000000000000286,-0.0001999999999999988,1.0,1.0,1.0,1.0,False,False
19,P7_A_NULL_RHO0,0.0,0.0,390fb28dabc8f4886658a35273991f40eff5e4cf49815cc12203dd88eb650baa,True,True,0.0,0.0,0.0,0.0,1.0,1.0,True,True
19,P7_B_NULL_RHO30,0.0,0.3,2209527cd5c8457d5226598047d72cca741455c8f3a170b8fd6fbdeff73d5b7f,True,True,0.0,0.0,0.0,0.0,1.0,1.0,True,True
19,P7_C_EFFECT_RHO0,0.1,0.0,1d9f2e69e4de196cbdc54a0d90f123d36e286ce2cdc5c2b0cf2149f24e4b9349,True,True,0.0,0.0,1.0,1.0,1.0,1.0,True,True
19,P7_D_EFFECT_RHO30,0.1,0.3,46c880bf73e8c5e0432c0b76a4983ef3d952dfd787bd5932f726c5132f461ef1,True,True,0.0,0.0,1.0,1.0,1.0,1.0,True,True
20,P7_A_NULL_RHO0,0.0,0.0,91b714b4ef8d02066631e03d0e7455984729dd8ee0b205f998063d37446c71d9,True,True,0.0,0.0,0.0,0.0,1.0,1.0,True,True
20,P7_B_NULL_RHO30,0.0,0.3,7e304adab30e9d84ade6cd3527d9c17f65987b527dc74b58e903eec06f0312ca,True,True,0.0,0.0,0.0,0.0,1.0,1.0,True,True
20,P7_C_EFFECT_RHO0,0.1,0.0,ff49b04e75e25ff4a23f61af6c2a78e4f89151b9b365f4f50cb2bf93a605bb47,True,True,0.0,0.0,1.0,1.0,1.0,1.0,True,True
20,P7_D_EFFECT_RHO30,0.1,0.3,baaaad6f56c607373b241068d37930b63a112f9d0aadb9749b5c6df3e038fb4e,True,True,0.0,0.0,1.0,1.0,1.0,1.0,True,True
21,P7_A_NULL_RHO0,0.0,0.0,8ce6f12e9566c7a2619ad414dc0ccdd4c7cf2379f9c4836df38dd711eb988f1d,True,True,0.0,0.00030000000000000165,0.0,0.0,1.0,1.0,True,True
21,P7_B_NULL_RHO30,0.0,0.3,6c75dd9b807afabb45c40ace39e541f0de9cc59164b9cc4a93c8a4158e8a09a5,True,True,-9.99999999999994e-05,-9.99999999999994e-05,0.0,0.0,1.0,1.0,True,True
21,P7_C_EFFECT_RHO0,0.1,0.0,eb34ae643f2ba62dbaee5a837628d87d9e58f79fe5bd56a7114f12e385962338,True,True,-0.00010000000000000286,-0.00020000000000000226,1.0,1.0,1.0,1.0,True,True
21,P7_D_EFFECT_RHO30,0.1,0.3,70ab8e2c249cb19be0f3ca6ef4bedab89008123a726ffb8fd55a2fe726e8913f,True,True,-0.00010000000000000286,-0.00020000000000000226,1.0,1.0,1.0,1.0,True,True
22,P7_A_NULL_RHO0,0.0,0.0,cf2d301d305595e8b0bf59085f740d15aa0a1b30c68890ba82b30185c11612eb,True,True,-0.00010000000000000286,0.0,1.0,1.0,0.0,0.0,True,True
22,P7_B_NULL_RHO30,0.0,0.3,440ae05bc98ce1373800d55638451902df9e930415ef46a509011c2517a5c44e,True,True,-0.00010000000000000286,0.0,1.0,1.0,0.0,0.0,True,True
22,P7_C_EFFECT_RHO0,0.1,0.0,5b56a821dd59aa584e57ca0c73a7538b059bd740cb5b8c3e1beb9db8d65c43e2,True,True,-0.00020000000000000573,-0.00030000000000000165,1.0,1.0,0.0,0.0,True,True
22,P7_D_EFFECT_RHO30,0.1,0.3,9740fd7161bddca26827b5340dc13cf36bef2dcf27729e90e6798d269adf623e,True,True,-0.00020000000000000573,-0.00030000000000000165,1.0,1.0,0.0,0.0,True,True
23,P7_A_NULL_RHO0,0.0,0.0,e82cb744df4183c3615149bfadfa55dfdff2e5aed5f2c5984d3cc0a33e66c955,True,True,0.0004999999999999996,-0.0006999999999999992,0.0,0.0,1.0,1.0,True,True
23,P7_B_NULL_RHO30,0.0,0.3,238a6f071b651ed5454042a7926eb494e3d2b9db0c370ad8fde77e75b4b6cb7b,True,True,0.0004999999999999998,-0.0005999999999999998,0.0,0.0,1.0,1.0,True,True
23,P7_C_EFFECT_RHO0,0.1,0.0,f8550f8c63e27005000fc1c0bc45cce1b84af3f3eb76f7dfb5d624363fac9f13,True,True,0.0006000000000000033,-0.0006999999999999992,1.0,1.0,1.0,1.0,True,True
23,P7_D_EFFECT_RHO30,0.1,0.3,356896fe298c443276b3844a215bd84f903047a96e9184fdc1e8dac551895537,True,True,0.0004999999999999866,-0.0005000000000000004,1.0,1.0,1.0,1.0,True,True
24,P7_A_NULL_RHO0,0.0,0.0,31f22ee834da2348ee584cb0c1ab81cd478e5f6611737eb25367c337b9ce30de,True,True,0.00040000000000000105,-0.0001999999999999988,0.0,0.0,1.0,1.0,True,True
24,P7_B_NULL_RHO30,0.0,0.3,ad32daaf92586061e2de57fa581ad16a0a43525266c7e667c97d0bf04c2e0830,True,True,0.00040000000000000105,-0.0001999999999999988,0.0,0.0,1.0,1.0,True,True
24,P7_C_EFFECT_RHO0,0.1,0.0,70ff47d011ee310735f4869f8924bc55fb9eb4a74c5836b6b3da8a6b102268ab,True,True,0.0002999999999999947,-0.00010000000000000286,1.0,1.0,1.0,1.0,True,True
24,P7_D_EFFECT_RHO30,0.1,0.3,27f771cb1c813d2824a014a06fa4c8b299c8e4f28c9674f999a91b45334adfe6,True,True,0.00020000000000000573,0.0,1.0,1.0,1.0,1.0,True,True
25,P7_A_NULL_RHO0,0.0,0.0,75e7158a970b7e3f30a4b7f8e5fdcc37066258fd738ff79cd10fd20d12cc61f7,True,True,0.00010000000000000113,0.0,0.0,0.0,1.0,1.0,True,True
25,P7_B_NULL_RHO30,0.0,0.3,0fdd4d1a1acf174975271556255fbe92e57f0e7a747018ff0e8f57424cfbf087,True,True,0.00010000000000000113,0.0,0.0,0.0,1.0,1.0,True,True
25,P7_C_EFFECT_RHO0,0.1,0.0,9769c2d4c7ccebb2aa4ef6f01d6e9b12388250bbbf4f9005638e06893299ba17,True,True,0.00010000000000000286,0.0,1.0,1.0,1.0,1.0,True,True
25,P7_D_EFFECT_RHO30,0.1,0.3,fd84f79db3ef0d56c985ddeede08ee0b71001a64e438cbfddccee8c82bd4daf5,True,True,0.00010000000000000286,0.0,1.0,1.0,1.0,1.0,True,True
26,P7_A_NULL_RHO0,0.0,0.0,a71b949a45f25eb260bdf6f3af0349f20c0cc99233ec09c304e731ccf84e59ea,True,True,0.0,-0.0007999999999999986,0.0,0.0,1.0,1.0,True,True
26,P7_B_NULL_RHO30,0.0,0.3,d76530ef2486cefaac28ea9d33b80ad171c00743c4982238e975df4d6f83c5ee,True,True,9.999999999999983e-05,-0.0005999999999999998,0.0,0.0,1.0,1.0,True,True
26,P7_C_EFFECT_RHO0,0.1,0.0,e897ec48dadde9fd706af347300e6020455502c2ff8bd464d5485d3f11f19db1,True,True,0.0,-0.0006999999999999992,1.0,1.0,1.0,1.0,True,True
26,P7_D_EFFECT_RHO30,0.1,0.3,2f34283f74f0d3b48ce996e54965ef6e214f089274b544b8bcd73cb076e684c1,True,True,0.0,-0.0006999999999999992,1.0,1.0,1.0,1.0,True,True
27,P7_A_NULL_RHO0,0.0,0.0,124109f7934e81d3ec36fa1dc70447665b958ad8a58e61de3a6766a4a30314d7,True,True,0.00040000000000000105,-0.0016000000000000007,0.0,0.0,1.0,1.0,True,True
27,P7_B_NULL_RHO30,0.0,0.3,043dd527473b036b2e687991e17fab5ee31e165781c4b3da19ae276137bc00a8,True,True,0.00040000000000000105,-0.0016000000000000007,0.0,0.0,1.0,1.0,True,True
27,P7_C_EFFECT_RHO0,0.1,0.0,faf961ff06827c412a8c6b45c4109f58e8b2d9e9553cf2a781c06e826f0ad2e2,True,True,0.0003999999999999976,-0.0017000000000000001,1.0,1.0,1.0,1.0,True,True
27,P7_D_EFFECT_RHO30,0.1,0.3,a4ddad12368cd130fb3a267f24d95aad53dce6c2eb99b077f275daece10710aa,True,True,0.0,0.0,1.0,1.0,1.0,1.0,True,True
28,P7_A_NULL_RHO0,0.0,0.0,dba6907cda5509211ffb6518f14693726e4dc26c1682cf3169c14fd0c9b944e0,True,True,0.0,-0.0002999999999999982,0.0,0.0,1.0,1.0,True,True
28,P7_B_NULL_RHO30,0.0,0.3,71e8648558b50945468f2a9c03242d3be97f128d6542729e43a63ae313c8a13e,True,True,0.0,0.0,0.0,0.0,1.0,1.0,True,True
28,P7_C_EFFECT_RHO0,0.1,0.0,de0f70ce79e491a6369d631d3a57bd224769756189a6ba7fce36d4171af6ef4b,True,True,0.0,0.0,1.0,1.0,1.0,1.0,True,True
28,P7_D_EFFECT_RHO30,0.1,0.3,4e4677d6d992a42d214c36ef54f4737f71db91b819ad1535c12b399956301e33,True,True,0.0,-9.99999999999994e-05,1.0,1.0,1.0,1.0,False,True
29,P7_A_NULL_RHO0,0.0,0.0,2dbed3bb18bd35c77bcde46f10d1502ace95353e72c94a362a99721fd07584e1,True,True,-0.0001999999999999988,-0.00040000000000000105,0.0,0.0,1.0,1.0,True,False
29,P7_B_NULL_RHO30,0.0,0.3,a886ac2efbc5dcc7db0e56a65b6eca36bbd8e8159a09d83e41e1d654dcba6654,True,True,9.99999999999994e-05,-0.0001999999999999988,0.0,0.0,1.0,1.0,False,False
29,P7_C_EFFECT_RHO0,0.1,0.0,c739acb1841a30eb1765b93dd6d3a2336aec9409e27e77bfc9cc4e12ae54df63,True,True,-0.00019999999999999185,-0.0003999999999999976,1.0,1.0,1.0,1.0,True,False
29,P7_D_EFFECT_RHO30,0.1,0.3,d78673386602657c2d586fca62044e1ab3c189d2354de658d7507d05383b1b66,True,True,-0.00020000000000000573,-0.00040000000000000105,1.0,1.0,1.0,1.0,True,False
30,P7_A_NULL_RHO0,0.0,0.0,6797ce8d6a6b09ff2aafd43a5386d2e16f775e56b8079340db25f9f0f209f7e9,True,True,0.0,-9.99999999999994e-05,0.0,0.0,1.0,1.0,True,False
30,P7_B_NULL_RHO30,0.0,0.3,2257c1d394ca7a696bc5790a1e4925549e2a56b87214f6269d9b84a5e7ab5787,True,True,0.0,-9.99999999999994e-05,0.0,0.0,1.0,1.0,True,False
30,P7_C_EFFECT_RHO0,0.1,0.0,bd20aac57c5206426122fb285d6057050170dc141abaa61500cd8de51be5ee46,True,True,0.0,0.0,1.0,1.0,1.0,1.0,True,False
30,P7_D_EFFECT_RHO30,0.1,0.3,9b374ebf33569e6a82dd74150fc7905e350a46637459870826f9df0608248d6d,True,True,0.0,0.0,1.0,1.0,1.0,1.0,True,False
31,P7_A_NULL_RHO0,0.0,0.0,7e77b5cee7919711497876fff846cfa24f1d59d34a5384b567eeb8f0dcca815e,True,True,9.99999999999994e-05,0.0,0.0,0.0,1.0,1.0,True,True
31,P7_B_NULL_RHO30,0.0,0.3,c2a9ebf6394cad23b4261a8acf339920a8a616a775461360642f8762c3209936,True,True,9.99999999999994e-05,0.0,0.0,0.0,1.0,1.0,True,True
31,P7_C_EFFECT_RHO0,0.1,0.0,98c4efbce0aed6e3bd0a99aed73b7b94fd6940b10af9edf6a21361ebf225f645,True,True,-0.00020000000000000573,-0.0002999999999999982,1.0,1.0,1.0,1.0,True,False
31,P7_D_EFFECT_RHO30,0.1,0.3,0f4b8050965f870a983fd238f693eeb6bc5cfb4f78b355a10273db805fe60a40,True,True,0.00010000000000000286,-0.00030000000000000165,1.0,1.0,1.0,1.0,False,False
32,P7_A_NULL_RHO0,0.0,0.0,b667ea6904e379f418183259f0c8a847107d6f3106c517348f9ab0121508e42d,True,True,0.0,0.0,1.0,1.0,0.0,0.0,True,True
32,P7_B_NULL_RHO30,0.0,0.3,3d930b4dae3dd118de87626d0fbaa1f31396270629d508e0111f8c624756fc19,True,True,0.0,0.0,1.0,1.0,0.0,0.0,True,False
32,P7_C_EFFECT_RHO0,0.1,0.0,5dac96454a7ab40fefff775cdd236946a9052ee61ffbceaefec9c72ab9eb535c,True,True,-9.999999999998899e-05,-9.99999999999994e-05,1.0,1.0,0.0,0.0,True,False
32,P7_D_EFFECT_RHO30,0.1,0.3,2d885837a1a7a58fe1cb582e479f7633a300055a4b7a30229d7f3007cc51dcb8,True,True,-9.999999999998899e-05,0.00020000000000000226,1.0,1.0,0.0,0.0,False,False
33,P7_A_NULL_RHO0,0.0,0.0,14b5302a3fd6333c41acca711bc6fb3512186d9a393c629018207ce311d8cc0e,True,True,0.0001999999999999988,-0.000899999999999998,0.0,0.0,1.0,1.0,True,True
33,P7_B_NULL_RHO30,0.0,0.3,5066f8fc890abf979b7f9e510593a0af8b1eabc7d97f0faa7502e07d1ddb2afe,True,True,0.0001999999999999988,-0.0006999999999999992,0.0,0.0,1.0,1.0,False,True
33,P7_C_EFFECT_RHO0,0.1,0.0,4883126d2c2e10edd892ac82cc8adeef8a47d265bafd28383cd0736986d8e4d4,True,True,0.0,0.0,1.0,1.0,1.0,1.0,True,True
33,P7_D_EFFECT_RHO30,0.1,0.3,ad3c86e2cf0a6fa1cb263111f673e0e82cce5b4be326d32bb9a73dbdf5e51ddd,True,True,0.00019999999999997797,-0.0006000000000000033,1.0,1.0,1.0,1.0,False,False
34,P7_A_NULL_RHO0,0.0,0.0,34303285eb71d69e9c067ee26beb179c8c6776d7a12ecb44dcb51a673496afa6,True,True,-0.00010000000000000026,-0.0001999999999999988,0.0,0.0,1.0,1.0,True,True
34,P7_B_NULL_RHO30,0.0,0.3,c9b6f713b73871ec4154eddb7240ae7fa956a40ccbbda4bea547394629c669cd,True,True,0.0,-0.0001999999999999988,0.0,0.0,1.0,1.0,True,True
34,P7_C_EFFECT_RHO0,0.1,0.0,4116a8c77447ee4ae21ee69c53dbba9982577bb1b6a2e4ad3e5aeabeed9a6422,True,True,-0.00010000000000000286,-0.0001999999999999988,1.0,1.0,1.0,1.0,False,False
34,P7_D_EFFECT_RHO30,0.1,0.3,c90b9d9d52211320c14cf9a9c525b19d539b163a8f9d9d0023f4567f6a3d338c,True,True,-9.999999999998899e-05,0.0,1.0,1.0,1.0,1.0,True,False
35,P7_A_NULL_RHO0,0.0,0.0,c02d0fcf877c19898cbabb87775de40e16acc1a9c4101ed6794154041344c231,True,True,0.0005000000000000004,-0.0022000000000000006,0.0,0.0,1.0,1.0,False,True
35,P7_B_NULL_RHO30,0.0,0.3,2234ac7870942151227deffc745cc1d3a3cdb7fb2d62855b6887958316a949aa,True,True,0.000499999999999997,-0.002100000000000001,0.0,0.0,1.0,1.0,False,True
35,P7_C_EFFECT_RHO0,0.1,0.0,56156262528df20bb66daedc15448f12f34490afd36e359ee4db460e7e5c68f5,True,True,0.0006000000000000033,-0.0023,1.0,1.0,1.0,1.0,False,True
35,P7_D_EFFECT_RHO30,0.1,0.3,fc49d92d3f154538c13cf535e47b346b839ba696f921c178f73687391b570719,True,True,0.0005000000000000004,-0.0023000000000000034,1.0,1.0,1.0,1.0,False,True
36,P7_A_NULL_RHO0,0.0,0.0,79b07b3192e7b4bcf4b950029c24f183b301a89e3a5635962a70bf0c5d096135,True,True,0.0,0.0,0.0,0.0,1.0,1.0,True,True
36,P7_B_NULL_RHO30,0.0,0.3,b73a2cb6a5916db72ae7c5466d425423ab24d9564c14800d4f9c0d7734cee719,True,True,0.0,-9.99999999999994e-05,0.0,0.0,1.0,1.0,True,True
36,P7_C_EFFECT_RHO0,0.1,0.0,5834f0797e44b7543dc4ed6cd922db9bdd15fc9279ad3a6339d7482310d9b392,True,True,-0.00020000000000000573,-0.00020000000000000226,1.0,1.0,1.0,1.0,True,True
36,P7_D_EFFECT_RHO30,0.1,0.3,cf57df389f6713fea426fe0ee1365bc0d5c7a711701cd3e136c70685c5ee9077,True,True,-0.00020000000000000573,-0.00040000000000000105,1.0,1.0,1.0,1.0,True,True
37,P7_A_NULL_RHO0,0.0,0.0,9c78294a1cc420d81db6921aef982ac26ae5252c8cbd68afa1880cd6067205c7,True,True,0.0008999999999999998,-0.001899999999999999,0.0,0.0,1.0,1.0,False,True
37,P7_B_NULL_RHO30,0.0,0.3,743ff06473c5bd8e52bbaf52a672bb31af9c9df8e4caf498a999c01f7f436f0b,True,True,0.0007999999999999986,-0.001899999999999999,0.0,0.0,1.0,1.0,False,True
37,P7_C_EFFECT_RHO0,0.1,0.0,6bcc6197518634466e162be7517ce8598d1cfeeb56b452a98bf3c2901c1897bb,True,True,0.0011000000000000038,-0.0016000000000000007,1.0,1.0,1.0,1.0,True,True
37,P7_D_EFFECT_RHO30,0.1,0.3,6af127128f32b41028fedd8c4fa963cbeebae40349a2bf122e7646a2d99532f6,True,True,0.0010000000000000009,-0.0015000000000000013,1.0,1.0,1.0,1.0,True,True
38,P7_A_NULL_RHO0,0.0,0.0,58e45939d2b7702458e2c865011c07201a48f5c65e2ffd930e24a3744018f318,True,True,-0.0002999999999999999,-9.99999999999994e-05,0.0,0.0,1.0,1.0,True,True
38,P7_B_NULL_RHO30,0.0,0.3,ea8b8abb86cb2d36e92dbccf02cd89054a6c5e35b11756b05e5d1b4c4349eb6d,True,True,-0.0002999999999999999,0.0,0.0,0.0,1.0,1.0,True,False
38,P7_C_EFFECT_RHO0,0.1,0.0,c95f24712fe13477044856a1ee93b6943bd4acd4c0d182d76df165f823966640,True,True,-0.00019999999999999185,0.0,1.0,1.0,1.0,1.0,True,True
38,P7_D_EFFECT_RHO30,0.1,0.3,344570088c1c02fd19147458cf4b37109412c7cead5b5ed78c908d0e2c265cdd,True,True,-0.0002999999999999947,0.0,1.0,1.0,1.0,1.0,True,True
39,P7_A_NULL_RHO0,0.0,0.0,4ae383929b44e548290ed9cdc639cbf74621ddda6f6f616fd58a0179791ee108,True,True,-0.0002999999999999982,-0.0002999999999999982,0.0,0.0,1.0,1.0,True,False
39,P7_B_NULL_RHO30,0.0,0.3,4ea8e16701892e503878af996eac26a81530084094b2c718062ec4dcb7777a9c,True,True,-0.0001999999999999988,-0.0003999999999999976,0.0,0.0,1.0,1.0,True,False
39,P7_C_EFFECT_RHO0,0.1,0.0,320fa98cdea1ac22247ed7970872b2d2c607a4c2da36104c09e9deaba3263fe4,True,True,-0.0002999999999999947,-0.0005000000000000004,1.0,1.0,1.0,1.0,True,True
39,P7_D_EFFECT_RHO30,0.1,0.3,8ba44725c1cfa1592a95d690a8bf5b73de14e280cf7140642801e2a097b28c00,True,True,-0.0002999999999999947,-0.0005000000000000004,1.0,1.0,1.0,1.0,True,True
40,P7_A_NULL_RHO0,0.0,0.0,f776d89309b4a586c28710bc7e95b52f89e2947309257603c9cfbcdbd9cc4a8e,True,True,0.0,0.0,0.0,0.0,1.0,1.0,True,True
40,P7_B_NULL_RHO30,0.0,0.3,151786961adff2678db07a91b54093a1e5436856eeeacb5b2c7aa46bd93149d9,True,True,0.00030000000000000014,-0.0005999999999999998,0.0,0.0,1.0,1.0,True,True
40,P7_C_EFFECT_RHO0,0.1,0.0,79c75c3c8425f2924615dc996916e635dec70ee4f1f35b8d89bcf99b7c004bd6,True,True,0.0,0.0,1.0,1.0,1.0,1.0,True,True
40,P7_D_EFFECT_RHO30,0.1,0.3,953503c34a409fba717e4d4fec4d6b23ea68953079ef7436bbf79f06093db560,True,True,0.0003999999999999976,-0.0008000000000000021,1.0,1.0,1.0,1.0,True,True
41,P7_A_NULL_RHO0,0.0,0.0,eed4dc85a23e5a4d273b3869cb957e1888b9eb0ac4bee490e6a0cfb0ec34eddd,True,True,-0.0001999999999999988,-0.00040000000000000105,1.0,1.0,0.0,0.0,True,False
41,P7_B_NULL_RHO30,0.0,0.3,fd0c7b4b65759cad727736f27e253b24f443c370ff2f3c8d34fc07478f1009af,True,True,-0.0001999999999999988,-0.00040000000000000105,1.0,1.0,0.0,0.0,True,False
41,P7_C_EFFECT_RHO0,0.1,0.0,f2132971c540af248e50c9328db90f753d1b1ed50b74ba1fda4d07e13db339de,True,True,-0.00019999999999997797,-0.00030000000000000165,1.0,1.0,0.0,0.0,True,False
41,P7_D_EFFECT_RHO30,0.1,0.3,3e3698aebab1fb1c43da1d8a5c295dd463ef64910caa2364058353877c83cb93,True,True,-0.00020000000000000573,-0.00030000000000000165,1.0,1.0,0.0,0.0,True,False
42,P7_A_NULL_RHO0,0.0,0.0,31a7c9e5b8f15f5e262e93241f64a9e977573b45d4c820ebcfba8f211029f919,True,True,0.0,0.0,0.0,0.0,1.0,1.0,True,True
42,P7_B_NULL_RHO30,0.0,0.3,0d0c25cdccf7386467d7bf12dc36c14b06a370bbc077f3a094694bab6c1c9b26,True,True,0.0,0.0,0.0,0.0,1.0,1.0,True,True
42,P7_C_EFFECT_RHO0,0.1,0.0,c37a4a516d093b4693625cb1ed37d81f313970a4a69799e434973e4fc279e759,True,True,0.0,0.0,1.0,1.0,1.0,1.0,True,True
42,P7_D_EFFECT_RHO30,0.1,0.3,da16a67f0d91b81282fd0bcd7e0cfb28d174557ca1cc983cb94ef8cd7a3d4f9b,True,True,0.0,0.0,1.0,1.0,1.0,1.0,True,True
43,P7_A_NULL_RHO0,0.0,0.0,4c8a2fd1f0cf00372d334759a1a8843724a95e3ab8b2ce66a3c1e5775e369a13,True,True,0.00010000000000000026,-9.99999999999994e-05,0.0,0.0,1.0,1.0,True,True
43,P7_B_NULL_RHO30,0.0,0.3,497ab65805b0627e8ffc3c2e927ae223774a0b5847515ea5c36a52e3a7105fde,True,True,0.0,-9.99999999999994e-05,0.0,0.0,1.0,1.0,True,True
43,P7_C_EFFECT_RHO0,0.1,0.0,060838f64fa7c4b878cfdd6c25b53c2c29d1fc2e11e9ab5adfbf5321c130015e,True,True,0.00010000000000000286,0.0,1.0,1.0,1.0,1.0,True,True
43,P7_D_EFFECT_RHO30,0.1,0.3,e3b3afb45869771f712776473ee72161e69a7f33601fabe5e38c7d0827f012db,True,True,0.00010000000000000286,0.0,1.0,1.0,1.0,1.0,True,True
44,P7_A_NULL_RHO0,0.0,0.0,0a7436dd5460d9fb0f0384d1b5d963eaf74ebddead7e33b60071e98d6844e34c,True,True,0.0001999999999999988,-0.0007000000000000027,0.0,0.0,1.0,1.0,False,False
44,P7_B_NULL_RHO30,0.0,0.3,a3ab33001fcea639fd54f888e29234787d6c6f2a041e20a89ecdc6f49a0a8dd2,True,True,0.0001999999999999988,-0.0006000000000000033,0.0,0.0,1.0,1.0,False,False
44,P7_C_EFFECT_RHO0,0.1,0.0,8bf0b1c76b0d64caead7356ca711300bd811808ffa77ff6a28709fec05816dd6,True,True,0.00019999999999999185,-0.0007999999999999986,1.0,1.0,1.0,1.0,False,False
44,P7_D_EFFECT_RHO30,0.1,0.3,5855c88ac85c2e4e735eb38fa0e765d0ad566b3fe609dd493f1c9e78b82b7458,True,True,0.00020000000000000573,-0.0005999999999999998,1.0,1.0,1.0,1.0,False,False
45,P7_A_NULL_RHO0,0.0,0.0,4794ad016e7b149d6beade262783cef29c979b793445f7beb61c484fe4486fdb,True,True,0.0001999999999999988,-0.001299999999999999,0.0,0.0,1.0,1.0,False,False
45,P7_B_NULL_RHO30,0.0,0.3,6b52cdb74972937b4e4507ca15007ea40418647ff7a8106d2feaac488f5599ce,True,True,0.0001999999999999988,-0.001299999999999999,0.0,0.0,1.0,1.0,False,False
45,P7_C_EFFECT_RHO0,0.1,0.0,83c4ae20ebddd1b6d2d6131fb2debe4ee4c542ff83ba552899f39824641bee4c,True,True,0.0002999999999999947,-0.0016000000000000007,1.0,1.0,1.0,1.0,False,False
45,P7_D_EFFECT_RHO30,0.1,0.3,1140113ecce0b17aa86602730ad9cc4d0db7d5d74475415569717b283a569e44,True,True,0.00019999999999999185,-0.0015000000000000013,1.0,1.0,1.0,1.0,False,False
46,P7_A_NULL_RHO0,0.0,0.0,2dbccb37448cd7e298110cdd9735643b08a046e89a7becd227bb30a12a7ac70e,True,True,0.0008000000000000004,-0.002599999999999998,0.0,0.0,1.0,1.0,False,False
46,P7_B_NULL_RHO30,0.0,0.3,d68d182b2da73550a760ed9be80edbdb45133b646d049a59bf49a398dd6d4cf9,True,True,0.0007999999999999995,-0.002599999999999998,0.0,0.0,1.0,1.0,False,False
46,P7_C_EFFECT_RHO0,0.1,0.0,0be50419d0d486d6100747cfe251f9196a995854a9c9510c63248b1427cdcafa,True,True,0.0007999999999999952,-0.002700000000000001,1.0,1.0,1.0,1.0,False,False
46,P7_D_EFFECT_RHO30,0.1,0.3,d77eb678473ad6df1e528be47d3a1314fa858f70f41b33c49fd2f8c1218a4fda,True,True,0.0007999999999999952,-0.002700000000000001,1.0,1.0,1.0,1.0,False,False
47,P7_A_NULL_RHO0,0.0,0.0,55e886238d10a1afdd61b369f38ba8155db749b87018292511fe33948ce52894,True,True,0.0001999999999999988,-0.0006999999999999992,0.0,0.0,1.0,1.0,False,False
47,P7_B_NULL_RHO30,0.0,0.3,94e096b462c158fc15e85091e6e0e83d40d5b9c66e0b590aae124578c75913cf,True,True,0.00020000000000000573,-0.0006999999999999992,0.0,0.0,1.0,1.0,False,False
47,P7_C_EFFECT_RHO0,0.1,0.0,f06967be70fac27ceb9849ac2ee63d420092415c95319dd706c7058b7b226d98,True,True,0.0002999999999999947,-0.0011000000000000003,1.0,1.0,1.0,1.0,False,False
47,P7_D_EFFECT_RHO30,0.1,0.3,2f479da7497b9ed7b3ba0f83cdd52500b6a782cc56cb2c9565312e6fa9d453b9,True,True,0.0002999999999999947,-0.0010000000000000009,1.0,1.0,1.0,1.0,False,False
48,P7_A_NULL_RHO0,0.0,0.0,9cad3fb443441d9f3f0e08b9a72b16a6abf1adc40fdfc9268aa693d8914f3ab0,True,True,0.0,0.0,0.0,0.0,1.0,1.0,True,True
48,P7_B_NULL_RHO30,0.0,0.3,6fc1ff47bac7fb68ad171d9d99bc7a4534e13eb769b113be0b2948ec4b775954,True,True,-0.00010000000000000113,-0.0005999999999999998,0.0,0.0,1.0,1.0,True,True
48,P7_C_EFFECT_RHO0,0.1,0.0,2fa23cc7e15f809a591d64602c06e3e7ab3e76bccf4ff25df4a47ecfc643fecb,True,True,-0.00010000000000000286,-0.0008000000000000021,1.0,1.0,1.0,1.0,True,True
48,P7_D_EFFECT_RHO30,0.1,0.3,0a30c16b48106979f0be96c366557c0da62abd047cabd8e5728a5927184ed327,True,True,0.0,0.0,1.0,1.0,1.0,1.0,True,True
49,P7_A_NULL_RHO0,0.0,0.0,036ae110a02c473051c86c1a7a895b7b01fc1c402f932bcf88c4cc75d67354d1,True,True,0.0,-9.99999999999994e-05,0.0,0.0,1.0,1.0,True,True
49,P7_B_NULL_RHO30,0.0,0.3,42ce02761e5eed0f78d06f0580db112688141fb5e2b4613c5574bb3267bc9faa,True,True,0.0,-9.99999999999994e-05,0.0,0.0,1.0,1.0,True,True
49,P7_C_EFFECT_RHO0,0.1,0.0,5d9947908d1ac5f0a88d936817efed228dae42f822c3ec64b6af1d49dbd13870,True,True,0.00010000000000000286,0.0,1.0,1.0,1.0,1.0,True,True
49,P7_D_EFFECT_RHO30,0.1,0.3,958b1fdae0fb9cbf60473142936333331547ec876daad144bdddeba287b267c8,True,True,0.0,0.0,1.0,1.0,1.0,1.0,True,True
50,P7_A_NULL_RHO0,0.0,0.0,3507dc920710635ff218069bde55b90078fcf893daf0c2ed7243db41544861ae,True,True,0.00020000000000000052,-0.0001999999999999988,0.0,0.0,1.0,1.0,True,True
50,P7_B_NULL_RHO30,0.0,0.3,db4dedf5b3ed773a87432f029fc21efb427f7a812db17e8f46bbe891b11faf8f,True,True,0.00020000000000000052,-0.0001999999999999988,0.0,0.0,1.0,1.0,True,True
50,P7_C_EFFECT_RHO0,0.1,0.0,f5a2321008e4dcf6040f91f7ffba3cae156d52bc8a1d3d84dcc56230830e4f98,True,True,0.00019999999999999185,-0.00030000000000000165,1.0,1.0,1.0,1.0,True,True
50,P7_D_EFFECT_RHO30,0.1,0.3,3249ef216897c54e9bf59487da6e130f1a49236b70e3554a9328b7fc17a4f9a5,True,True,0.0003000000000000086,-0.00020000000000000226,1.0,1.0,1.0,1.0,True,True
51,P7_A_NULL_RHO0,0.0,0.0,50e2947483480b5d86daf1b47f0f949f9badd4292e5d8e6c35bc6ed2eb7bb0a5,True,True,0.0,-0.0001999999999999988,0.0,0.0,1.0,1.0,False,False
51,P7_B_NULL_RHO30,0.0,0.3,65b6bded771643fd5637d2b84d4f29e1e2ae134d43edcb6dee7da1eade49514b,True,True,0.0,0.0,0.0,0.0,1.0,1.0,True,False
51,P7_C_EFFECT_RHO0,0.1,0.0,148da272be3d67e189be88292a892438cd0d0ec4316fd5b92b5559d30de5384f,True,True,-9.999999999998899e-05,-9.99999999999994e-05,1.0,1.0,1.0,1.0,True,False
51,P7_D_EFFECT_RHO30,0.1,0.3,aaa6a024378dbaf8580075858aca9a6525d8b006dec0733eafc0642891234298,True,True,0.0,-0.0001999999999999988,1.0,1.0,1.0,1.0,True,False
52,P7_A_NULL_RHO0,0.0,0.0,0eb1d0e5f6dcc3517d819bd543f07a715ae8fc39d75345a95ca75c0fcb2cfaa4,True,True,-0.00030000000000000165,-0.0005000000000000004,0.0,0.0,1.0,1.0,True,True
52,P7_B_NULL_RHO30,0.0,0.3,c29aac6511298eb004d102736190d6ee9d39912c38166583d953dbe652944c54,True,True,-0.00030000000000000165,-0.0005999999999999998,0.0,0.0,1.0,1.0,True,True
52,P7_C_EFFECT_RHO0,0.1,0.0,273d2b58b4578be0e082bf72627e34d7d2aacc013034096518d30204a3d8e8c8,True,True,0.0,-9.99999999999994e-05,1.0,1.0,1.0,1.0,True,True
52,P7_D_EFFECT_RHO30,0.1,0.3,be33126e8494aa7ded161a6a706fb2139f69d135cc1113484759dc8ba3121d03,True,True,-0.00010000000000000286,-9.99999999999994e-05,1.0,1.0,1.0,1.0,True,True
53,P7_A_NULL_RHO0,0.0,0.0,02fcde012ed6e3afadaccfc7bd4195933771a1f3209552c2a0c6437fcc8676fb,True,True,-0.0004000000000000045,-0.0006999999999999992,1.0,1.0,0.0,0.0,True,True
53,P7_B_NULL_RHO30,0.0,0.3,e2131adecdfa8b4959bc5e0fec3b61030e3db50ab61272aeefa1d9d12ce96f1b,True,True,0.00010000000000000286,-0.00010000000000000286,1.0,1.0,0.0,0.0,True,True
53,P7_C_EFFECT_RHO0,0.1,0.0,a853b9cdf0729575e96cde7cbacee0de6dd365934a66a2c9a91421b1b46064be,True,True,0.0,0.0,1.0,1.0,0.0,0.0,True,True
53,P7_D_EFFECT_RHO30,0.1,0.3,a76c75b09e1d1ca5b715e7a4dfd699ec30994a7c56513618875fb9943d4de2d2,True,True,-0.0005000000000000004,-0.0009000000000000015,1.0,1.0,0.0,0.0,True,False
54,P7_A_NULL_RHO0,0.0,0.0,1525874af5c76c175d4961f39bdfe89a2445c45e7434b1ec1838934ee57841ce,True,True,0.0,-9.99999999999994e-05,0.0,0.0,1.0,1.0,True,True
54,P7_B_NULL_RHO30,0.0,0.3,4f3f6791d9588b7971452d0297ff9133e2f97e684caf830c7e60590a2708b22a,True,True,-9.99999999999994e-05,-9.99999999999994e-05,0.0,0.0,1.0,1.0,True,True
54,P7_C_EFFECT_RHO0,0.1,0.0,b5a9eefe5765ae57498c8803a97d526631dfb364ed5676b9820962c2a982c117,True,True,0.0,0.0,1.0,1.0,1.0,1.0,True,True
54,P7_D_EFFECT_RHO30,0.1,0.3,e225ade447904b891fb656c97c9683cb224f67f1511d61d5c39a1abf120579f9,True,True,-0.00010000000000000286,0.0,1.0,1.0,1.0,1.0,True,True
55,P7_A_NULL_RHO0,0.0,0.0,6d6b1311effde89290af1fb24a7de18a22712e1e5159ac571f5c2ed759c19ef6,True,True,0.0,0.0,0.0,0.0,1.0,1.0,True,True
55,P7_B_NULL_RHO30,0.0,0.3,e091f1b52dd8e1a75422cc320320917bfa8a52684508ef5e3295d585fe65c0c0,True,True,0.0,0.0,0.0,0.0,1.0,1.0,True,True
55,P7_C_EFFECT_RHO0,0.1,0.0,236c73d51cdc509e76020f5f8a4d79b1faee99ddcd33de80bd15744d5efd1b1c,True,True,0.0,0.0,1.0,1.0,1.0,1.0,True,True
55,P7_D_EFFECT_RHO30,0.1,0.3,9b52fc953e9fe47920155831aa1b6f10d15fb6dd67d6510cc17bac4e17ac634f,True,True,0.0,0.0,1.0,1.0,1.0,1.0,True,True
56,P7_A_NULL_RHO0,0.0,0.0,b51a9d4222698728aab4a9721d6c4addf9617665617a789c403dbd48aaf0467b,True,True,-0.0001999999999999988,-0.0002999999999999982,0.0,0.0,1.0,1.0,True,False
56,P7_B_NULL_RHO30,0.0,0.3,d744073061350b58d814fa229c1cb330a355a043822d0c0cc8273910356384b4,True,True,-0.0001999999999999988,-0.00030000000000000165,0.0,0.0,1.0,1.0,True,False
56,P7_C_EFFECT_RHO0,0.1,0.0,15c93d5b91122e7c168138b5d5dde5b9b3927a7dc8e5ba4fcd53ce91681e60f9,True,True,0.0002999999999999947,-0.0010000000000000009,1.0,1.0,1.0,1.0,False,False
56,P7_D_EFFECT_RHO30,0.1,0.3,4f90bb367f04733ae3f3e07f663e0b8574949784bcd09101fe97eb592b47afd8,True,True,0.0002999999999999947,-0.0009999999999999974,1.0,1.0,1.0,1.0,False,False
57,P7_A_NULL_RHO0,0.0,0.0,e9eb05c5c4517cdc2a761f13b6da0b2860be5630eea13648514d20de08549d07,True,True,9.99999999999994e-05,-0.00040000000000000105,0.0,0.0,1.0,1.0,False,False
57,P7_B_NULL_RHO30,0.0,0.3,4eb7c29a786125c97304ff8c226ecbadeb1ed5743c4dde9c5942bfcdcdd86702,True,True,0.0,-0.00030000000000000165,0.0,0.0,1.0,1.0,False,False
57,P7_C_EFFECT_RHO0,0.1,0.0,927ce0d1552955cf0987f7ef543ecac5d59dfa4c788cc3848dd7b9d16becdea1,True,True,0.00010000000000000286,-0.00040000000000000105,1.0,1.0,1.0,1.0,False,False
57,P7_D_EFFECT_RHO30,0.1,0.3,474f12842eac489b780be09026d8724b832b91861e2452dfa9ea8a79ebf6a1f6,True,True,9.999999999998899e-05,-0.0003999999999999976,1.0,1.0,1.0,1.0,False,False
58,P7_A_NULL_RHO0,0.0,0.0,5eed67f7c0da89e8eddd273e1284d0c89277bf6e7320de698a14be4d341b7ec4,True,True,0.0,0.0,0.0,0.0,1.0,1.0,True,True
58,P7_B_NULL_RHO30,0.0,0.3,9fd57fbe96d437664b4056c472a66baa761788c601f2144faae8c2d6ab7e9158,True,True,0.0,0.0,0.0,0.0,1.0,1.0,False,True
58,P7_C_EFFECT_RHO0,0.1,0.0,210b838455650fae190a3f0fc16389f30070eeb5aed29df2af7a4179a1fd52b2,True,True,0.0,0.0,1.0,1.0,1.0,1.0,True,True
58,P7_D_EFFECT_RHO30,0.1,0.3,44f90d0be6dcf4ebe3c5aa1f3c381df8024119fdc0c01f82dc5b467bced29d6d,True,True,0.0,0.0,1.0,1.0,1.0,1.0,True,True
59,P7_A_NULL_RHO0,0.0,0.0,6cfe7d0771c1c8e1e0ca4238b8570cd550e2103ad224014f778140c0ee8508fe,True,True,-9.99999999999994e-05,-0.00020000000000000226,0.0,0.0,1.0,1.0,True,False
59,P7_B_NULL_RHO30,0.0,0.3,c1a7a8b23ab863009eedf366887f2f41869f11a4696cdead8abd77e995cdf10e,True,True,-9.99999999999994e-05,-0.00020000000000000226,0.0,0.0,1.0,1.0,True,False
59,P7_C_EFFECT_RHO0,0.1,0.0,e2f2b97d454e7e26f2b4be91e7d2abbd6ffc6de3238760954c3c511c1d595be4,True,True,0.0,-9.99999999999994e-05,1.0,1.0,1.0,1.0,True,False
59,P7_D_EFFECT_RHO30,0.1,0.3,10331802819fbe0ba997ca9418bab1be45eb95933d138279b7f49272cc802be9,True,True,-9.999999999998899e-05,-9.99999999999994e-05,1.0,1.0,1.0,1.0,True,False
60,P7_A_NULL_RHO0,0.0,0.0,eb6420b08ec51f47543205a3c88e07ee2dba9574ba6185537dec72c0b49876c4,True,True,0.0,0.0,0.0,0.0,1.0,1.0,True,True
60,P7_B_NULL_RHO30,0.0,0.3,8a830104a948be213256dc3d3e26f584789f1b0db7205a7d60e77eb2df725554,True,True,0.0,0.0,0.0,0.0,1.0,1.0,True,True
60,P7_C_EFFECT_RHO0,0.1,0.0,25dc68b2c052d46bf3612d8a80fa3bf3f57f3e04eb4ffd2c87910d359ea78067,True,True,0.0,0.0,1.0,1.0,1.0,1.0,True,True
60,P7_D_EFFECT_RHO30,0.1,0.3,636e1724755dc5bef8373a83c55a41c9e3f6cbccfb8a26425ce85038b6397464,True,True,0.0,0.0,1.0,1.0,1.0,1.0,True,True
61,P7_A_NULL_RHO0,0.0,0.0,a35998c922b0437834ca884fc92cae6a43f329fd45d601248fa1d573853b6444,True,True,0.0,-0.00040000000000000105,0.0,0.0,1.0,1.0,True,True
61,P7_B_NULL_RHO30,0.0,0.3,6835441a94b9e784cdfb3e3b918dbd727c19d53bd7681eaf0f3b8172504acb9d,True,True,0.0,-0.00040000000000000105,0.0,0.0,1.0,1.0,True,True
61,P7_C_EFFECT_RHO0,0.1,0.0,03f1f59708dce9802d61f452e9d8acc08c5db65c3f8563d985c758d32d641233,True,True,0.00010000000000000286,-0.0005000000000000004,1.0,1.0,1.0,1.0,True,True
61,P7_D_EFFECT_RHO30,0.1,0.3,69ebaa4d241815200821d9b116bcfe7a0c735951cf3671080c0b63a701091bc3,True,True,0.00010000000000000286,-0.0005000000000000004,1.0,1.0,1.0,1.0,True,True
62,P7_A_NULL_RHO0,0.0,0.0,ff7ae10390ec5f8ac74f6e5cc956321419ee84e4b5acf0a4ac6efde5929884cb,True,True,-9.99999999999994e-05,0.00030000000000000165,0.0,0.0,1.0,1.0,True,True
62,P7_B_NULL_RHO30,0.0,0.3,5cca92b9eeb104b5c4e0b40f8b7af5329239fde4a2421b8901edfcdca7a1b5e8,True,True,0.0,0.00030000000000000165,0.0,0.0,1.0,1.0,True,True
62,P7_C_EFFECT_RHO0,0.1,0.0,fcfc6cd84515b24bc0baffb5ef753848a02f99767e6b48b6b0f7185456957f79,True,True,0.0,0.0,1.0,1.0,1.0,1.0,True,True
62,P7_D_EFFECT_RHO30,0.1,0.3,fd62204f33bfbf5e6b8e0048d85c596c97155654dafc31dbb7e2ef44a8b2cadc,True,True,0.0,0.0,1.0,1.0,1.0,1.0,True,True
63,P7_A_NULL_RHO0,0.0,0.0,e7d3f5170d91fe833008ca34ce41f93c0d7d86066bbf8e7130a246d2b31e142b,True,True,0.0,0.0,0.0,0.0,1.0,1.0,True,True
63,P7_B_NULL_RHO30,0.0,0.3,95ee1c0455537509c7120c76baa782347d23bc95cf6a4a3b9f3d5685371f0a34,True,True,0.0,0.0,0.0,0.0,1.0,1.0,True,True
63,P7_C_EFFECT_RHO0,0.1,0.0,a482889d332b473cd4a3e0d8a8ac74a43abe0737afe2ff585a3d249a4336312b,True,True,0.0,-0.0015000000000000013,1.0,1.0,1.0,1.0,True,True
63,P7_D_EFFECT_RHO30,0.1,0.3,57a05b4c47d2a82d213de6344515fd0e92ddf1bbc5c0dbb9ba35f393f2749b6e,True,True,0.0,0.0,1.0,1.0,1.0,1.0,True,True
64,P7_A_NULL_RHO0,0.0,0.0,79abefed7481f887530a4e51bd5587a218918cd314d9dad148287fdf938eeabb,True,True,0.0,0.0,0.0,0.0,1.0,1.0,True,True
64,P7_B_NULL_RHO30,0.0,0.3,d4a68c6ca7675f026c89f86b2e3ec1f8477b322242ed2f14aebc5a3b5ae59889,True,True,0.0,0.0,0.0,0.0,1.0,1.0,True,True
64,P7_C_EFFECT_RHO0,0.1,0.0,81ade28417c40ec4f77478b65e19c18447c892f595a2166c6b2a30d3c3d6692a,True,True,0.0,0.0,1.0,1.0,1.0,1.0,True,True
64,P7_D_EFFECT_RHO30,0.1,0.3,9152ba55c430c1bdfd62688af994f8496e5a5978b3ed702e6b8ed9257c3a561f,True,True,0.0,-9.99999999999994e-05,1.0,1.0,1.0,1.0,True,True
65,P7_A_NULL_RHO0,0.0,0.0,59026787540314da4cd10321a5b875e630e7c69eddfa2dd626f857b339887d60,True,True,-0.0002999999999999999,-0.0005000000000000004,0.0,0.0,1.0,1.0,True,True
65,P7_B_NULL_RHO30,0.0,0.3,4a6f22b5f93c17cb72ef6fc8b9d14c29f7cdb1acaf1941e3910353d8cfebdee6,True,True,-0.00020000000000000052,-0.0005000000000000004,0.0,0.0,1.0,1.0,True,True
65,P7_C_EFFECT_RHO0,0.1,0.0,be36478791d2ef9b3b6f8a05d5bdcb35e0c231162be721bfd49b32da0d7ed5f6,True,True,-0.00020000000000000573,-0.00040000000000000105,1.0,1.0,1.0,1.0,True,True
65,P7_D_EFFECT_RHO30,0.1,0.3,22cbbb695ef6df4a3815a86287958d852804e88c4173ccc75cda6d4cc481e33e,True,True,-0.00020000000000000573,-0.0005000000000000004,1.0,1.0,1.0,1.0,True,True
66,P7_A_NULL_RHO0,0.0,0.0,4542d8bd33ec9b6a239b8da451df3cf122fc5de423abc5583acb90646844b8e0,True,True,0.0,0.0,1.0,1.0,0.0,0.0,True,True
66,P7_B_NULL_RHO30,0.0,0.3,da75a6bed60350bfbee4e71184e5fad71f80f233664f7486fe341380ddfc35d9,True,True,0.0,0.0,1.0,1.0,0.0,0.0,True,True
66,P7_C_EFFECT_RHO0,0.1,0.0,5a9921842cd2ccab4391891ecdd1635588af2bc79f241401b39528b0911d653c,True,True,0.0,0.0,1.0,1.0,0.0,0.0,True,True
66,P7_D_EFFECT_RHO30,0.1,0.3,c93ad6a8f324a210e30eb52606fe400b311b19b3c0065e7ee776e7b9c9c0a0e9,True,True,0.0,0.0,1.0,1.0,0.0,0.0,True,True
67,P7_A_NULL_RHO0,0.0,0.0,32d2f8371bfa4a2e71a8f43f322fe8c2325abd00488beae29eef65400a0101b5,True,True,0.0,0.0,0.0,0.0,1.0,1.0,True,True
67,P7_B_NULL_RHO30,0.0,0.3,2e40188728c67212a35f6b86c476a3608d68c070e30877d45e3322e32d955223,True,True,0.0,0.0,0.0,0.0,1.0,1.0,True,True
67,P7_C_EFFECT_RHO0,0.1,0.0,ddaaa8f3d3ad6c77b28e97b43ffd523f555fad1183d2df1a002e190b4c3f45ef,True,True,0.0,0.0,1.0,1.0,1.0,1.0,True,True
67,P7_D_EFFECT_RHO30,0.1,0.3,28570ae25caae12fe3ec44d0d806baadca05211a87e76703fcf8ed0a678e5445,True,True,0.0,0.0,1.0,1.0,1.0,1.0,True,True
68,P7_A_NULL_RHO0,0.0,0.0,8f2ae3d15772e55d87d18fbd467740c5722a7408d39301d05aa4eb60d4a4c627,True,True,0.00010000000000000005,0.0,0.0,0.0,1.0,1.0,True,True
68,P7_B_NULL_RHO30,0.0,0.3,6444094d74cffb52ff9ca1f8fc6cfc8540e38f6b9a94ed46acc84dbe32749382,True,True,9.999999999999999e-05,0.0,0.0,0.0,1.0,1.0,True,True
68,P7_C_EFFECT_RHO0,0.1,0.0,5ab64674b7f58610e46ed7a0f1bd15bedd2b3e7fae8627bed2824df360ff724f,True,True,0.0,-0.00020000000000000226,1.0,1.0,1.0,1.0,True,True
68,P7_D_EFFECT_RHO30,0.1,0.3,21ac769417daaf0c0a3315b518e0c0c28a3f0e3bfeded725b277648f090a24fe,True,True,0.0,-0.00020000000000000226,1.0,1.0,1.0,1.0,True,True
69,P7_A_NULL_RHO0,0.0,0.0,f8c2be1f40d1ecc7130df3a32e4fd278525783fc822bfdc85fc48c3f63ceffe4,True,True,0.0,0.0,0.0,0.0,1.0,1.0,True,True
69,P7_B_NULL_RHO30,0.0,0.3,2082eec4058ceec30671af3c5901e3882fe32bc58bb71dfb82d3e98cf958a936,True,True,-0.0001999999999999988,0.0,0.0,0.0,1.0,1.0,True,True
69,P7_C_EFFECT_RHO0,0.1,0.0,9e8a6fa734588cd607fa7757b71482421f57e112c2f1dfd19436be59385ce20a,True,True,0.0,-9.99999999999994e-05,1.0,1.0,1.0,1.0,True,True
69,P7_D_EFFECT_RHO30,0.1,0.3,d29e8ce48de27f04734854b5ddddc230c139da702280cb50669d27e492becda1,True,True,0.0,-9.99999999999994e-05,1.0,1.0,1.0,1.0,True,True
70,P7_A_NULL_RHO0,0.0,0.0,c040a5f5f73a07db8193a322fb43490d3ba1631180c9c7aec719b5ef5ec62dfc,True,True,0.0,0.0,0.0,0.0,1.0,1.0,True,True
70,P7_B_NULL_RHO30,0.0,0.3,a860d68f24a3d9d34eb97533967b26c68597b61a7797b0461d26b0a16473c702,True,True,0.0,9.99999999999994e-05,0.0,0.0,1.0,1.0,True,True
70,P7_C_EFFECT_RHO0,0.1,0.0,e60fcd2e4a3f9dea038fb24cf44b23726c1d8f0b95b654998913030fb5ea6206,True,True,-0.00010000000000000286,0.00020000000000000226,1.0,1.0,1.0,1.0,True,True
70,P7_D_EFFECT_RHO30,0.1,0.3,2f1e89f1d1c70ac204984ddc69475c00c71a6b356831a6fc0a03332c514a838f,True,True,-0.00010000000000000286,0.00030000000000000165,1.0,1.0,1.0,1.0,True,True
71,P7_A_NULL_RHO0,0.0,0.0,4d94b4b0cbe7226b0c0c50de8afecf0e342b97507986bdacb0efedc87683ef98,True,True,0.0,0.0,0.0,0.0,1.0,1.0,True,False
71,P7_B_NULL_RHO30,0.0,0.3,226b68f883effb721c12c0c055daf47485dab88f7cf6cf873b1eb5e6a4009a04,True,True,0.0,0.0,0.0,0.0,1.0,1.0,True,True
71,P7_C_EFFECT_RHO0,0.1,0.0,374d89d0f14affbd04c488fe6311f75b93499d4c131ff078235b70173f70e22d,True,True,0.0,0.0001999999999999988,1.0,1.0,1.0,1.0,False,False
71,P7_D_EFFECT_RHO30,0.1,0.3,f9272adb8828e88f5241001019822e05a143f636c0070c003cd0c99bc87d01ba,True,True,0.0,0.0002999999999999982,1.0,1.0,1.0,1.0,True,False
72,P7_A_NULL_RHO0,0.0,0.0,5111660a70768cf1cf9a2053b2985f39efa005cc44344a0f48254734fb4e5f8f,True,True,0.0,0.0,0.0,0.0,1.0,1.0,True,True
72,P7_B_NULL_RHO30,0.0,0.3,2d55c63601d1c569062faa14b9ae091b3f1e788644c8e1b2ddd0c9092d3dfef4,True,True,0.0,-9.99999999999994e-05,0.0,0.0,1.0,1.0,True,False
72,P7_C_EFFECT_RHO0,0.1,0.0,fef7abcd5e96639b5ba1cdbbba2ea20bcff447487cfdd8f527fd67515a50680c,True,True,0.0,0.0,1.0,1.0,1.0,1.0,True,True
72,P7_D_EFFECT_RHO30,0.1,0.3,0043b199415eb096627beaeae3628e845148c63e0cf068d80aeff9a6cb0a1294,True,True,0.0,0.0,1.0,1.0,1.0,1.0,True,True
73,P7_A_NULL_RHO0,0.0,0.0,8a4d56111b3ad46b2efe997d1d12838aafefb9c9c336511151e2abfc35b491de,True,True,0.0006999999999999992,-0.0015000000000000013,0.0,0.0,1.0,1.0,True,True
73,P7_B_NULL_RHO30,0.0,0.3,8b8179f546d24337a4d4dd6c5f4452b992f913f30b5168804302fa0b68addd0d,True,True,0.0006999999999999992,-0.001400000000000002,0.0,0.0,1.0,1.0,True,True
73,P7_C_EFFECT_RHO0,0.1,0.0,40355775b8a7a3f2a873a8268d073743e37e020a3d6d14df9ef8adcef0d4af8f,True,True,-0.00020000000000000573,-0.0005000000000000004,1.0,1.0,1.0,1.0,True,True
73,P7_D_EFFECT_RHO30,0.1,0.3,de94acddbf0371016bb0874d4c7dac1714f039ea191d6de6e8fde7f42e9f882f,True,True,0.0009000000000000119,-0.0011999999999999997,1.0,1.0,1.0,1.0,True,True
74,P7_A_NULL_RHO0,0.0,0.0,cda61bf9bf7323b47ad1bfeacbd89d27c26a328bccba63c1bc9f05ad6e433d3c,True,True,0.0,0.0,0.0,0.0,1.0,1.0,True,True
74,P7_B_NULL_RHO30,0.0,0.3,542f781b63be98b4bbd41df7e3976dfdaff5a9de4f223e62f5883d53671797fe,True,True,0.0,0.0,0.0,0.0,1.0,1.0,True,True
74,P7_C_EFFECT_RHO0,0.1,0.0,f42125d498bed91e9879feac2fc0956c6f34742ca8a79296dcb9adf05997a2de,True,True,-9.999999999998899e-05,-9.99999999999994e-05,1.0,1.0,1.0,1.0,True,True
74,P7_D_EFFECT_RHO30,0.1,0.3,69e3ba6c738580581d29b01ad7d1c7e3081cac46afb141ef95f02cd411feef4c,True,True,-0.00010000000000000286,-9.99999999999994e-05,1.0,1.0,1.0,1.0,True,True
75,P7_A_NULL_RHO0,0.0,0.0,e04e2358bc7dfead70bf028d7dbac5171d999b35f811b3b7a5b170f3d702303b,True,True,0.0,-0.0005000000000000004,0.0,0.0,1.0,1.0,True,True
75,P7_B_NULL_RHO30,0.0,0.3,56827c9e8176a5b495de6a5b2364e35df1c4ab1422b8ea025b2baa658b936638,True,True,0.0,0.0,0.0,0.0,1.0,1.0,True,True
75,P7_C_EFFECT_RHO0,0.1,0.0,41a21ace06406421631df0725a9a06e3c80c299cae2e5bcd26cf808b354697f1,True,True,0.0,0.0,1.0,1.0,1.0,1.0,True,True
75,P7_D_EFFECT_RHO30,0.1,0.3,7c80ae9ad834ec967f533fa94820b5e0405c4e77f8d06dd680d6d269303cf619,True,True,0.0,-0.00030000000000000165,1.0,1.0,1.0,1.0,True,True
76,P7_A_NULL_RHO0,0.0,0.0,2caa4aa4cc664b920880bd66282b8f9614196ac4069f52421c2c0b1225717be5,True,True,-9.99999999999994e-05,-0.00030000000000000165,0.0,0.0,1.0,1.0,True,False
76,P7_B_NULL_RHO30,0.0,0.3,02b2b9cf6b275f522c6cb3f8c80e2e46bca74e469dc166301b80113542ce346c,True,True,-0.00019999999999999966,-0.00020000000000000226,0.0,0.0,1.0,1.0,True,False
76,P7_C_EFFECT_RHO0,0.1,0.0,1dd92b057be42742725bd01ad9f280b64276f826a399f97fa455f4351615b3ba,True,True,-0.00010000000000000286,-0.00020000000000000226,1.0,1.0,1.0,1.0,True,True
76,P7_D_EFFECT_RHO30,0.1,0.3,9cec143f3f66da46057ea276ef95ded1845a5e8b8c2a073dcb9d81482b18c207,True,True,-0.00020000000000000573,-9.99999999999994e-05,1.0,1.0,1.0,1.0,True,True
77,P7_A_NULL_RHO0,0.0,0.0,e78c2e8d7365d9827290bfebe0770a086d65eeb21a0ff0a1c887db8a25c227d3,True,True,0.0,0.0,0.0,0.0,1.0,1.0,True,True
77,P7_B_NULL_RHO30,0.0,0.3,08eb03c5fdf573184297907f90754ffaeb57c77ce16b3807c368aed7f65b35dc,True,True,-0.00010000000000000286,0.0,0.0,0.0,1.0,1.0,True,True
77,P7_C_EFFECT_RHO0,0.1,0.0,c1be0bdb4e91dbdf9ff507ffd62c0005828695613007bd9adf87cd617c61ebed,True,True,0.0,9.99999999999994e-05,1.0,1.0,1.0,1.0,True,True
77,P7_D_EFFECT_RHO30,0.1,0.3,a00ecb0d4d3c5d40fa5f04327863654f0c58e1692578087f2b4060463a009069,True,True,0.0,9.99999999999994e-05,1.0,1.0,1.0,1.0,True,True
78,P7_A_NULL_RHO0,0.0,0.0,e0b7373a26291ec8b0715c97a102aa047ba44433d5899826d66f54b60c02f458,True,True,0.0,0.0,0.0,0.0,1.0,1.0,True,True
78,P7_B_NULL_RHO30,0.0,0.3,8d1341d82261b09d909badaa201a136d82d5ee4e8491ae2cdad06730615d0816,True,True,0.0,0.0,0.0,0.0,1.0,1.0,True,True
78,P7_C_EFFECT_RHO0,0.1,0.0,75de0f8f2f8a132733c168267fa2fdb0a5f521e4e1daaf6cb670c168f6bde106,True,True,0.0,0.0,1.0,1.0,1.0,1.0,True,True
78,P7_D_EFFECT_RHO30,0.1,0.3,34d8530ac89c42ab4788d133c5f84c843d7793b9ae2ab06f5782ea8757d5c1a6,True,True,0.0,0.0,1.0,1.0,1.0,1.0,True,True
79,P7_A_NULL_RHO0,0.0,0.0,1069d0ab22ef7003524308dd46dad38d52cb9bf2240f5485a7b2ec2b99793d19,True,True,-0.0004000000000000002,-9.99999999999994e-05,0.0,0.0,1.0,1.0,True,True
79,P7_B_NULL_RHO30,0.0,0.3,bc60513a8e59ac8cc06054444cd9e3c19f45cc4b1c96dfb6fdf6546c1b392796,True,True,-0.0004000000000000002,-9.99999999999994e-05,0.0,0.0,1.0,1.0,True,False
79,P7_C_EFFECT_RHO0,0.1,0.0,600ffd80d3ab04b6195527ed1251050c60bd126f217fe2b3a2401ce60d39ee8a,True,True,-0.00019999999999999185,-9.99999999999994e-05,1.0,1.0,1.0,1.0,True,True
79,P7_D_EFFECT_RHO30,0.1,0.3,d13ee7ff54cbefe50b5b9072554bd5c44ccc4a528546a86c5b869937e443fec7,True,True,-0.0003999999999999976,-9.99999999999994e-05,1.0,1.0,1.0,1.0,True,False
80,P7_A_NULL_RHO0,0.0,0.0,ff8c95686f6e2204bb458827f56cb89bff262ab87b659e3dd6e922dfe7557302,True,True,0.0,-9.99999999999994e-05,0.0,0.0,1.0,1.0,True,True
80,P7_B_NULL_RHO30,0.0,0.3,059b37670a55a6b80d55e4fc8ed1a06e52da083d899c60b41fa6a0bcac6ae0f6,True,True,0.0,-0.00010000000000000286,0.0,0.0,1.0,1.0,True,True
80,P7_C_EFFECT_RHO0,0.1,0.0,0d96e7e8996ec4b72741836cba98d736336699d3962189b5bfcf8dd7f972f3fd,True,True,0.0,-9.99999999999994e-05,1.0,1.0,1.0,1.0,True,True
80,P7_D_EFFECT_RHO30,0.1,0.3,8e46bad2d80f59b6c8b5efafb16539aab72641d7daef11c753433a442614043b,True,True,0.0,-9.99999999999994e-05,1.0,1.0,1.0,1.0,True,True
81,P7_A_NULL_RHO0,0.0,0.0,aa45ee68daed3300f229b35bb0cbb3ce819f4bcdde1ade585441ef87241eebf0,True,True,0.00020000000000000052,-0.0007999999999999986,0.0,0.0,1.0,1.0,False,False
81,P7_B_NULL_RHO30,0.0,0.3,160688c4cabb109e949083a66e2fd26139702329542cd512fa74be10c4784f20,True,True,0.00020000000000000052,-0.0006999999999999992,0.0,0.0,1.0,1.0,False,False
81,P7_C_EFFECT_RHO0,0.1,0.0,08977217a1d4196cee9966edc4847f5e99693707c3291e03b6eeba3ce15759d0,True,True,0.00020000000000000573,-0.0005000000000000004,1.0,1.0,1.0,1.0,False,False
81,P7_D_EFFECT_RHO30,0.1,0.3,e9271b279d5889535c345013e220ee49946051b01127007d237fe31981253544,True,True,0.00010000000000000286,-0.00040000000000000105,1.0,1.0,1.0,1.0,False,False
82,P7_A_NULL_RHO0,0.0,0.0,2c8268000185f28e2041b07f6fe4981e2a4bfe5d862bcd718e5c808fd14591c5,True,True,0.00010000000000000113,0.0,0.0,0.0,1.0,1.0,True,True
82,P7_B_NULL_RHO30,0.0,0.3,1ea26470a0aff4a8bdcc1af4f21ff23b9373440e8bd2a3cd69072ef78f011e9c,True,True,-0.0002999999999999999,-0.00040000000000000105,0.0,0.0,1.0,1.0,True,True
82,P7_C_EFFECT_RHO0,0.1,0.0,2b265a26c0a3df667122cf1a713ee77c95ed7ec557e0d5eeb2f877976e86b6a7,True,True,-0.0003000000000000086,-0.0005999999999999998,1.0,1.0,1.0,1.0,True,True
82,P7_D_EFFECT_RHO30,0.1,0.3,a6443fd9d1006910414227b7c6a74778619bb0c069e047f02d7595c8bca7d9f8,True,True,-0.0002999999999999947,-0.0006999999999999992,1.0,1.0,1.0,1.0,True,True
83,P7_A_NULL_RHO0,0.0,0.0,26aeea1d06e1b1f229d10a138746ea4903dc84d1233996e85fe38157e498c1df,True,True,-0.00010000000000000113,-0.0001999999999999988,0.0,0.0,1.0,1.0,True,True
83,P7_B_NULL_RHO30,0.0,0.3,87923c9ff17317ff36dc7e83b83c57c1ae6a413eacc50d4a5dbfdbf3468c0bb7,True,True,-9.99999999999994e-05,-0.0001999999999999988,0.0,0.0,1.0,1.0,True,True
83,P7_C_EFFECT_RHO0,0.1,0.0,07bd0bba216b0f70d76dade9edf2a543908fbec3c5e477f7188f36dc56b09c73,True,True,-0.0003000000000000086,-0.0009000000000000015,1.0,1.0,1.0,1.0,True,True
83,P7_D_EFFECT_RHO30,0.1,0.3,e4b19e09df00729fd81076d47e64ca39505efdf12019354209ec5607714aa48c,True,True,-0.0002999999999999947,-0.0009000000000000015,1.0,1.0,1.0,1.0,True,True
84,P7_A_NULL_RHO0,0.0,0.0,054a824df71182fe2d8d23e4b21e45897efc6b74d06bdd4d234880cfbaf48f23,True,True,-0.00020000000000000226,0.0002999999999999982,0.0,0.0,1.0,1.0,True,False
84,P7_B_NULL_RHO30,0.0,0.3,f2bfd005731793f7f79517390a9e81d5940c65df9cf90ecdf12548974d65ddc6,True,True,-0.00020000000000000052,0.0005000000000000004,0.0,0.0,1.0,1.0,True,False
84,P7_C_EFFECT_RHO0,0.1,0.0,565c16cdcf8077ea1bdedf4f4549bf1542e7cb97a856bbe2999af0080b587dd7,True,True,-0.00019999999999999185,0.00040000000000000105,1.0,1.0,1.0,1.0,True,False
84,P7_D_EFFECT_RHO30,0.1,0.3,98c42ee2113751def60ce446f9d6f40477e929ada81bca71ed3248819945ea91,True,True,-0.00020000000000000573,0.0005000000000000004,1.0,1.0,1.0,1.0,True,False
85,P7_A_NULL_RHO0,0.0,0.0,e43fdee0ddec99732e78dceedb895a8e2a3a9c1de2ae5257f6828e68c752bd09,True,True,-0.00020000000000000052,-9.99999999999994e-05,0.0,0.0,1.0,1.0,True,True
85,P7_B_NULL_RHO30,0.0,0.3,efc08d3a299469ae65566566c5dd0811d22828f1270be75fd9a5c2442dcf1a31,True,True,-9.99999999999994e-05,-9.99999999999994e-05,0.0,0.0,1.0,1.0,True,True
85,P7_C_EFFECT_RHO0,0.1,0.0,9b3caadb22f80ac8a970d80cffe48a42a0ef3df2623acefa26b56cade593f51a,True,True,-0.00019999999999999185,-0.00020000000000000226,1.0,1.0,1.0,1.0,True,True
85,P7_D_EFFECT_RHO30,0.1,0.3,b1444cca3cf8eaa044bc7faf014a09ca385608ab058a22379397ec6af696ee1b,True,True,-0.0003000000000000086,-0.00020000000000000226,1.0,1.0,1.0,1.0,True,True
86,P7_A_NULL_RHO0,0.0,0.0,e3c0887adee7b2291476fff52a07aaa767e27c97fc552441d2e90d50e7a8cb22,True,True,0.0,0.0,0.0,0.0,1.0,1.0,True,True
86,P7_B_NULL_RHO30,0.0,0.3,0e2e77b1d5d684f0886b039ce1da8ecfa7483a5435c6c1b3411b523e3f237f46,True,True,0.0,0.0,0.0,0.0,1.0,1.0,True,True
86,P7_C_EFFECT_RHO0,0.1,0.0,4fe822e58e4b6f7bc8b2840a1576da207a57d85b67d837f7e4308e14b4a1b5f4,True,True,0.0,0.0,1.0,1.0,1.0,1.0,True,True
86,P7_D_EFFECT_RHO30,0.1,0.3,bc2c7eb2b686be1d6d3646d1a296c4b61b086eaaaa23aa97df073f62d5b3f58e,True,True,0.0,0.0,1.0,1.0,1.0,1.0,True,True
87,P7_A_NULL_RHO0,0.0,0.0,ecf2645943ccb59afff06bec4e1b84c86764b8657edbf6bc479fbfa08df4ac07,True,True,0.0,0.0,0.0,0.0,1.0,1.0,True,True
87,P7_B_NULL_RHO30,0.0,0.3,e04c31003b2e1cf9d65c012dfcc3877f18e7f7eae5a985a9704200f01c5e55c4,True,True,0.0,0.0,0.0,0.0,1.0,1.0,True,True
87,P7_C_EFFECT_RHO0,0.1,0.0,7082297bf1391208cc509eb938ce28332d7baca765b32ba53688122008055448,True,True,0.0,0.0,1.0,1.0,1.0,1.0,True,True
87,P7_D_EFFECT_RHO30,0.1,0.3,903c24b2b6be6113406943b3d04e19af6d1191b3b6dc312fe8c6872c07c85fdf,True,True,0.0,0.0,1.0,1.0,1.0,1.0,True,True
88,P7_A_NULL_RHO0,0.0,0.0,3bc978965ed99cd1fa8850760f0e815b1d7a6515e4c2187fcb8e44043ba8ed4b,True,True,0.0,-0.00020000000000000226,1.0,1.0,0.0,0.0,False,True
88,P7_B_NULL_RHO30,0.0,0.3,d9ec49cc0966574c1d8670dbc060f07c28c4d4ec3f4c7b4008fa76eb8efbfd7c,True,True,0.0,-0.00010000000000000286,1.0,1.0,0.0,0.0,False,True
88,P7_C_EFFECT_RHO0,0.1,0.0,5ff6555c855ab52621dfb7885b6a0c5b66a9a27eea9ad7e358f1a977c8453054,True,True,0.0,-0.0005000000000000004,0.0,1.0,0.0,0.0,False,True
88,P7_D_EFFECT_RHO30,0.1,0.3,af0df6b037206e7a83990f01cdda7e8d26a3a67c7eaddcd33556daaba5c7ebc6,True,True,0.0,-0.00030000000000000165,0.0,0.0,0.0,0.0,False,True
89,P7_A_NULL_RHO0,0.0,0.0,ba8ca5a6727724d714cb5f1b4e44b1b2607e4a210d809c5a0501565dd007723e,True,True,0.0,0.0,0.0,0.0,1.0,1.0,True,True
89,P7_B_NULL_RHO30,0.0,0.3,18f78dc4ca74684eacdeac715f5190aa3727a518212dc618d96c672b8f7b64dc,True,True,0.0,0.0,0.0,0.0,1.0,1.0,True,True
89,P7_C_EFFECT_RHO0,0.1,0.0,2f53c0c10d49a383ef426c5c250a72e18aadec48d1b7fe235378e191aeb19737,True,True,0.00010000000000000286,-0.0005000000000000004,1.0,1.0,1.0,1.0,True,True
89,P7_D_EFFECT_RHO30,0.1,0.3,bc54ae9334f0895d600fb8d8a9ccbca6ab44afffe1431fffe41c0fd786686a71,True,True,0.00010000000000000286,-0.0005999999999999998,1.0,1.0,1.0,1.0,True,True
90,P7_A_NULL_RHO0,0.0,0.0,8d5323ae88dd177bedcbc1f8b4c13db1ea338eff077823474956ffbfc87a6b1c,True,True,0.0,0.0,0.0,0.0,1.0,1.0,True,True
90,P7_B_NULL_RHO30,0.0,0.3,3d9ecaaad49a0e76ecf42ea5fcb01ffb303036725907fd8d2c7358001a0483b1,True,True,0.0,0.0,0.0,0.0,1.0,1.0,True,True
90,P7_C_EFFECT_RHO0,0.1,0.0,c544eaddf242ff11033150fe4696375143963c90a0e876898c2ddbfdee4b1c18,True,True,0.0,0.0,1.0,1.0,1.0,1.0,True,True
90,P7_D_EFFECT_RHO30,0.1,0.3,80f3d35d72925a1f4a0c17f3715f59e493c5e4f45cfca37d0fe6502c099086f6,True,True,0.0,0.0,1.0,1.0,1.0,1.0,True,True
91,P7_A_NULL_RHO0,0.0,0.0,1755fd94c8f2c23c852b23db5937355bd8fc83530c0e7ea6f4a895e31fa02603,True,True,0.0005999999999999998,-0.0014999999999999979,0.0,0.0,1.0,1.0,True,True
91,P7_B_NULL_RHO30,0.0,0.3,a57449cd83c87802be65b7c1b85381d82f3cd451866d5fe57e6be8830af58b92,True,True,0.0005999999999999998,-0.0016000000000000007,0.0,0.0,1.0,1.0,True,True
91,P7_C_EFFECT_RHO0,0.1,0.0,7f99d8ca2ca135c52391ee9eb323bd71a25f90b1be2f9d6de71e1b03b301f523,True,True,-0.00010000000000000286,-0.00020000000000000226,1.0,1.0,1.0,1.0,True,True
91,P7_D_EFFECT_RHO30,0.1,0.3,4232e76aeb7975b7345336df702337ea0996f8b5823da28b245e5d01cb2a08c1,True,True,-0.00010000000000000286,-0.00020000000000000226,1.0,1.0,1.0,1.0,True,True
92,P7_A_NULL_RHO0,0.0,0.0,e3d783a2be411db25e1570beb39bad33e29f0156d9af5bb7f34c69283724cb8e,True,True,0.0,0.0,0.0,0.0,1.0,1.0,True,True
92,P7_B_NULL_RHO30,0.0,0.3,31437fe99387e77215a77b02831c5d1d5648cc6769d73cbb8ff08ea1e4832bda,True,True,0.0003000000000000008,-0.0011000000000000003,0.0,0.0,1.0,1.0,True,True
92,P7_C_EFFECT_RHO0,0.1,0.0,a324c50c89348990c4c6f794b8f74b0a3869b2697b633967f5050c872eb66fe1,True,True,0.0002999999999999947,-0.0011999999999999997,1.0,1.0,1.0,1.0,True,True
92,P7_D_EFFECT_RHO30,0.1,0.3,61d1618b277388c6f4758b35776c6951609660705dc90af800566d8fbda4b4d3,True,True,0.00019999999999999185,-0.0011999999999999997,1.0,1.0,1.0,1.0,False,True
93,P7_A_NULL_RHO0,0.0,0.0,a1537056c002a9d9c98986fb3b70da8453314a196505af5ec453eba9957eea30,True,True,0.0,0.0,0.0,0.0,1.0,1.0,True,True
93,P7_B_NULL_RHO30,0.0,0.3,71f10529c36646dd0b0a6610e119aee4fb665e8c9c5f2e1dd1293dc693dd5668,True,True,0.0,0.00020000000000000226,0.0,0.0,1.0,1.0,True,True
93,P7_C_EFFECT_RHO0,0.1,0.0,acd03dae1f05c038b5b76fa61fd1b14fb7f622540b4e71c932caa3038f26c843,True,True,0.0,0.0,1.0,1.0,1.0,1.0,True,True
93,P7_D_EFFECT_RHO30,0.1,0.3,784a237d34cea22d187576cac83e2f9ed2caae849743f9c49c0d449ec77ab93d,True,True,0.0,0.0,1.0,1.0,1.0,1.0,True,True
94,P7_A_NULL_RHO0,0.0,0.0,afb1e8ded488bde279850a0fd289802fd4c70c5a095e301c31c7f461b8a5880a,True,True,0.0,0.0,0.0,0.0,1.0,1.0,True,True
94,P7_B_NULL_RHO30,0.0,0.3,18bbcd86e7b1b212eb8c656c09754868c8e2c104165cda9c5369d6ee874d4eaa,True,True,0.0,0.0,0.0,0.0,1.0,1.0,True,True
94,P7_C_EFFECT_RHO0,0.1,0.0,e642d01bd45a7fdf8539e9c197d4c83ca3ebdb9897209011d75befb68b4b9bb2,True,True,0.0,0.0,1.0,1.0,1.0,1.0,True,True
94,P7_D_EFFECT_RHO30,0.1,0.3,ca365abd0e0fe821c5b2efdce1058ec2d7703f8ecf03d888d4b03b3cb84935cc,True,True,0.0,0.0,1.0,1.0,1.0,1.0,True,True
95,P7_A_NULL_RHO0,0.0,0.0,7094f4d22296874858bf55ba4f1c6a9dea06e3117838aa7ed777af084f6f82c5,True,True,0.0,0.0,0.0,0.0,1.0,1.0,True,True
95,P7_B_NULL_RHO30,0.0,0.3,69165dd5ce98f2fb0061df04176ac494d8689d8c204ac0811ce0cae1f6b68fed,True,True,0.0,0.0,0.0,0.0,1.0,1.0,True,True
95,P7_C_EFFECT_RHO0,0.1,0.0,084e8153e9ead26868447966933ae1b1bd0be17c419263fc6db2cebb3148974c,True,True,-9.999999999998899e-05,0.0,1.0,1.0,1.0,1.0,True,False
95,P7_D_EFFECT_RHO30,0.1,0.3,08f8ab36d6e08b32ce77de844dfeead644db863dc93f30bda691db218dd1ff7f,True,True,-0.00010000000000001674,0.0,1.0,1.0,1.0,1.0,True,False
96,P7_A_NULL_RHO0,0.0,0.0,972f93ce306e6dfa3f1fc40062a408670ac6fdebbc50e6b091ef17eefe124c92,True,True,0.000499999999999997,-0.00040000000000000105,0.0,0.0,1.0,1.0,True,True
96,P7_B_NULL_RHO30,0.0,0.3,ec5c62e5e1580d2b083ac7864acfa99193bf9e7bc22c54f2ad7bd057d603547f,True,True,0.0003999999999999976,-0.00040000000000000105,0.0,0.0,1.0,1.0,True,True
96,P7_C_EFFECT_RHO0,0.1,0.0,65a84006d8d850689985052b8773f39d2e22bdaac548b5120ab64c0193348007,True,True,0.0005000000000000004,-0.00040000000000000105,1.0,1.0,1.0,1.0,True,True
96,P7_D_EFFECT_RHO30,0.1,0.3,9f1fd1399cbb2133a6439bafa7d16ec68dbc359ec4078a623cffd9686afa8b14,True,True,0.0005000000000000004,-0.00040000000000000105,1.0,1.0,1.0,1.0,True,True
97,P7_A_NULL_RHO0,0.0,0.0,523653481afad56bece3b06bac95b7df41fd6600ec27af501336f7ccfa878242,True,True,0.0,-0.00030000000000000165,0.0,0.0,1.0,1.0,True,True
97,P7_B_NULL_RHO30,0.0,0.3,057ae774a5ca6b8933d85072b875cd99eb6a57ff40d4f81b5eb8a667bed102d5,True,True,-9.99999999999994e-05,-0.0001999999999999988,0.0,0.0,1.0,1.0,True,True
97,P7_C_EFFECT_RHO0,0.1,0.0,04317ac56159ebef858c85d440e6d33ec9e80c01f51f470604321fb9647e8543,True,True,0.0,-0.0001999999999999988,1.0,1.0,1.0,1.0,True,True
97,P7_D_EFFECT_RHO30,0.1,0.3,2edafd67622cd234d14a94426a800aa3189fbd910c59e05bc0870f0c75fb17cf,True,True,0.0,0.0,1.0,1.0,1.0,1.0,True,True
98,P7_A_NULL_RHO0,0.0,0.0,f7bb470f59d19a2aa42e7771a9e1183cf8eb3f57eddf64338effda41320f451b,True,True,0.0002999999999999982,-0.0001999999999999988,0.0,0.0,1.0,1.0,True,True
98,P7_B_NULL_RHO30,0.0,0.3,c351b091cb7c8d0eaa040a2b8b6e26da296898c8321ee8090736c3924454ff64,True,True,0.00030000000000000165,-0.0001999999999999988,0.0,0.0,1.0,1.0,True,True
98,P7_C_EFFECT_RHO0,0.1,0.0,22c238ec881ed2fe6aee2c544676d079d1504dba518f7ad735bac84a8457cc27,True,True,0.00020000000000000573,-9.99999999999994e-05,1.0,1.0,1.0,1.0,True,True
98,P7_D_EFFECT_RHO30,0.1,0.3,cbedf0b3f1111a40e3f3f831189258a866de01bea89756596fe63e61f598301b,True,True,0.0002999999999999947,-9.99999999999994e-05,1.0,1.0,1.0,1.0,True,True
99,P7_A_NULL_RHO0,0.0,0.0,d34166c0a1ac30e24939d36a16244dd7197075350a0cb8af5b5d79517bf2d520,True,True,0.00010000000000000026,-0.0015000000000000013,0.0,0.0,1.0,1.0,True,True
99,P7_B_NULL_RHO30,0.0,0.3,c7b5af88397cb2280f3462b3de03fcdec797b10b0412e7af8e2f22fa24f9b79d,True,True,0.0,-0.0015000000000000013,0.0,0.0,1.0,1.0,True,True
99,P7_C_EFFECT_RHO0,0.1,0.0,996dda44147a7c5f0233a23721b4895bf938b534f1b4720aa2ffca8911dc1e5b,True,True,-0.00010000000000000286,-0.0013000000000000025,1.0,1.0,1.0,1.0,True,True
99,P7_D_EFFECT_RHO30,0.1,0.3,6b4780fb1efd966eb82866c528366c7a5d9be58f5111739ab324602b51580a28,True,True,-0.00010000000000000286,-0.0013000000000000025,1.0,1.0,1.0,1.0,True,True
100,P7_A_NULL_RHO0,0.0,0.0,c997e61495b4c4e8d246386c4f60a8a1d05ef3f72cbc7aebf856e5a4461de6d2,True,True,0.0,0.0,0.0,0.0,1.0,1.0,True,True
100,P7_B_NULL_RHO30,0.0,0.3,2ec2e055b960b6ce131df852bbc3da8863f8a188b11b25c068c66ef9c90b97eb,True,True,0.0,0.0,0.0,0.0,1.0,1.0,True,True
100,P7_C_EFFECT_RHO0,0.1,0.0,0efd04ba4e728665a54a16c1c240f9d4c0e1d7a442202a2dc80bcefedea6c608,True,True,0.0,0.0,1.0,1.0,1.0,1.0,True,True
100,P7_D_EFFECT_RHO30,0.1,0.3,dd43002ff22f5e0e349b54d33b462ba19c36c0c51a9be2993199f2cdc8648d82,True,True,0.0,0.0,1.0,1.0,1.0,1.0,True,True
101,P7_A_NULL_RHO0,0.0,0.0,2c6a4732d2fbcbc7e9053deb3a5f1774dc21d07b56c2148f13e5a05ed1df074a,True,True,0.0006000000000000003,-0.0007999999999999986,0.0,0.0,1.0,1.0,True,True
101,P7_B_NULL_RHO30,0.0,0.3,4a626c33c00eeb1989ff36daa714cd9bbf78c72e83a6b826623a058d0e4e78e2,True,True,0.0004999999999999999,-0.0006999999999999992,0.0,0.0,1.0,1.0,True,True
101,P7_C_EFFECT_RHO0,0.1,0.0,8db16d6dea40fd0f9d05dcb7d712a044cd8058e8a6917dc16a33c3f9c4522a5a,True,True,0.0006000000000000033,-0.0008000000000000021,1.0,1.0,1.0,1.0,True,True
101,P7_D_EFFECT_RHO30,0.1,0.3,3ff525312709d4f494a89bdd5ae008785c4c928e00fd8d6c9c4d703e5391e821,True,True,0.0005999999999999894,-0.0008000000000000021,1.0,1.0,1.0,1.0,True,True
102,P7_A_NULL_RHO0,0.0,0.0,aed81168d864a5ed35d178a270d9c06937758bb7ebc05484e8fd21df61aa3c3b,True,True,-9.99999999999994e-05,-9.99999999999994e-05,0.0,0.0,1.0,1.0,True,False
102,P7_B_NULL_RHO30,0.0,0.3,fcc4ce345d3c8486761f92d270734b2e37864f27e12927b00ae9c3bdc70db6ed,True,True,9.99999999999994e-05,-0.0005000000000000004,0.0,0.0,1.0,1.0,False,False
102,P7_C_EFFECT_RHO0,0.1,0.0,7fa9a5b43e9f64c4ba9c361c69f63001017fe5dd047e60e52946731b5bef92f5,True,True,0.00010000000000000286,-0.0008000000000000021,1.0,1.0,1.0,1.0,False,False
102,P7_D_EFFECT_RHO30,0.1,0.3,b58255c9b838f6e5fac5133b53d397c486be3644dc4b049f5ebb4a8cbb537b1f,True,True,0.00019999999999999185,-0.0006999999999999992,1.0,1.0,1.0,1.0,False,False
103,P7_A_NULL_RHO0,0.0,0.0,dce492087209fdb86afdbfc21b9f72050c47d44781dfeae6813efa4037874eb4,True,True,0.0010000000000000009,-0.002999999999999999,0.0,0.0,1.0,1.0,True,True
103,P7_B_NULL_RHO30,0.0,0.3,2eced997f4f7b08b2db5bacbc873836f2af4e1730e275076fbb748007bc43665,True,True,0.0009999999999999992,-0.002999999999999999,0.0,0.0,1.0,1.0,True,True
103,P7_C_EFFECT_RHO0,0.1,0.0,f0b89edd457e8466abb9db066d5541beb2af2883bd61ee2095a574df3f6acffe,True,True,0.0,0.0,1.0,1.0,1.0,1.0,True,True
103,P7_D_EFFECT_RHO30,0.1,0.3,80bd8952fd5c1f8673077b57d99c90ba385ab50c7b89027fea910f26c0d8f210,True,True,0.0011000000000000038,-0.0030000000000000027,1.0,1.0,1.0,1.0,True,True
104,P7_A_NULL_RHO0,0.0,0.0,3a99ca68e3f7ed3c0d3343a60e321e435b0dab5bfb99d75c07383e5c7874504d,True,True,0.00020000000000000052,-9.99999999999994e-05,0.0,0.0,1.0,1.0,True,True
104,P7_B_NULL_RHO30,0.0,0.3,2fd853486eb13f73d199495c7c30ba35b1379cb1bae6108774e992c6abae9cef,True,True,-0.00020000000000000052,-0.00030000000000000165,0.0,0.0,1.0,1.0,True,True
104,P7_C_EFFECT_RHO0,0.1,0.0,40d4f07c5293750d2384348b9d361a816523e7a4d94c68da53df0fb55ac29ef7,True,True,0.00019999999999999185,-0.00030000000000000165,1.0,1.0,1.0,1.0,True,True
104,P7_D_EFFECT_RHO30,0.1,0.3,9a2f6f46d8455d944ce86907d8b685e725dbe75ba6e88bf7a7bdf296ecd76709,True,True,-0.00020000000000000573,-0.00040000000000000105,1.0,1.0,1.0,1.0,True,True
105,P7_A_NULL_RHO0,0.0,0.0,554d48d419c275576245c4c9c5fae416568dbe690f5c476c2dae509b242df45a,True,True,0.0,0.0,0.0,0.0,1.0,1.0,True,True
105,P7_B_NULL_RHO30,0.0,0.3,28b0af3515ae3c982ce2bc851cc9f8563a6e3183e1b43757bbd4b8184ab2fa2a,True,True,0.00010000000000000286,-0.0024999999999999988,0.0,0.0,1.0,1.0,True,True
105,P7_C_EFFECT_RHO0,0.1,0.0,d9c81e9b836dc1dd64dfa05152dd171d743088a41265f9bb223fb8cdcb517792,True,True,0.00010000000000000286,-0.0028000000000000004,1.0,1.0,1.0,1.0,True,True
105,P7_D_EFFECT_RHO30,0.1,0.3,bfa5636227980850e6049a72a9fc508503bae19ddf1725f086f4f9a4aa60e9c9,True,True,0.0,-0.002700000000000001,1.0,1.0,1.0,1.0,True,True
106,P7_A_NULL_RHO0,0.0,0.0,2577bf9b920c7a6f73fc47b51b4d28954a8432ccb52b3d2b3d0b47b4217fdf84,True,True,-0.00010000000000000026,-0.0006999999999999992,0.0,0.0,1.0,1.0,True,True
106,P7_B_NULL_RHO30,0.0,0.3,ab745ab53cdc231d83546fecfed40928a188bf36235116a3198d9bfa221c6513,True,True,0.0,0.0,0.0,0.0,1.0,1.0,True,True
106,P7_C_EFFECT_RHO0,0.1,0.0,e081323d22b5b7fad4f97761d7c6807790709b7ee314537aeea8ecaf6f541aee,True,True,0.0,-0.00040000000000000105,1.0,1.0,1.0,1.0,True,True
106,P7_D_EFFECT_RHO30,0.1,0.3,5d85c8189b2141b196c17a35761dcc77af0d906c24506e0adbcd60f9d76e7d1d,True,True,0.0,-0.00040000000000000105,1.0,1.0,1.0,1.0,True,True
107,P7_A_NULL_RHO0,0.0,0.0,bc72ae4ad39d93254070cb3151dfccbdcf68b09fcd28c974ace04bfccd3d07ce,True,True,-9.99999999999994e-05,9.99999999999994e-05,0.0,0.0,1.0,1.0,True,False
107,P7_B_NULL_RHO30,0.0,0.3,c4ea24e20b8092b772e2b403694c1b6a9cee172d1c7dd9729487031ecff7b0ee,True,True,-0.0001999999999999988,0.00020000000000000226,0.0,0.0,1.0,1.0,True,False
107,P7_C_EFFECT_RHO0,0.1,0.0,039015c8d3e119905cc129fe57c5a222cbb486cf5fe9973bfd1dbc7c9c08032b,True,True,-0.00020000000000000573,-0.00030000000000000165,1.0,1.0,1.0,1.0,True,False
107,P7_D_EFFECT_RHO30,0.1,0.3,7b334c401156a504e7ef2fa552279c049aec890854a1b26f2239dbc205075a58,True,True,-0.00020000000000000573,-0.00030000000000000165,1.0,1.0,1.0,1.0,True,False
108,P7_A_NULL_RHO0,0.0,0.0,9cd4818811d93ff40ce35ef90bdd7c9bdd52f53d7031a28a25969305a69a3e6f,True,True,9.99999999999994e-05,0.0,0.0,0.0,1.0,1.0,True,True
108,P7_B_NULL_RHO30,0.0,0.3,9bd004f4e1b3d6553b0b6c0cafc6f660fa2890152c7fae2a23460b6b62921eec,True,True,0.0,0.0,0.0,0.0,1.0,1.0,True,True
108,P7_C_EFFECT_RHO0,0.1,0.0,b1f855ba0b3f62ca5f725cbfacc61a9bdb64d47f850a7c7211fe449560baae39,True,True,0.00010000000000000286,0.0,1.0,1.0,1.0,1.0,True,True
108,P7_D_EFFECT_RHO30,0.1,0.3,fbce56a7ae6838ebfcfa3e16c613f5a0d3f3492c2cdc3196b8f63ba71c0b6842,True,True,0.0,0.0,1.0,1.0,1.0,1.0,True,True
109,P7_A_NULL_RHO0,0.0,0.0,876772e742b7d5841b51dedf59de87736cd8a981101d0a9ac7ad488968439708,True,True,0.0,0.0,0.0,0.0,1.0,1.0,True,True
109,P7_B_NULL_RHO30,0.0,0.3,118b7fd8c4c22efa359d528433de991719b59258db7326402b03ad0158c19fc4,True,True,0.0,0.0,0.0,0.0,1.0,1.0,True,True
109,P7_C_EFFECT_RHO0,0.1,0.0,c097bf413c2e222976ee8788315117070f8dd5393ff2e818d83862cfc6336fd4,True,True,0.0,0.0,1.0,1.0,1.0,1.0,True,True
109,P7_D_EFFECT_RHO30,0.1,0.3,928cba9cc76afa3e84fdf6fcdf8446ae8e0f3cd4b926badc841ba5d7974870ba,True,True,0.0,0.0,1.0,1.0,1.0,1.0,True,True
110,P7_A_NULL_RHO0,0.0,0.0,19af07678b41a2ef74b14cf74471654c0c9888c40fa84a690148f3ae7cee837d,True,True,0.0004999999999999987,-0.0010000000000000009,0.0,0.0,1.0,1.0,False,True
110,P7_B_NULL_RHO30,0.0,0.3,fd4b69c5df1f95059cc6c893271696e3ff4ae6fe49484526dc35f7c93a14df3b,True,True,0.0005000000000000004,-0.0010000000000000009,0.0,0.0,1.0,1.0,False,True
110,P7_C_EFFECT_RHO0,0.1,0.0,f38ddafe4c0ccbb00914fac71c4201a7ae7249b3274996dd2a440186bfc63f89,True,True,0.0006999999999999923,-0.0005000000000000004,1.0,1.0,1.0,1.0,False,True
110,P7_D_EFFECT_RHO30,0.1,0.3,1c63a279f669d7f464bb1f43fffc560e04bcb28826cf3956089e180be61a773f,True,True,0.0007000000000000062,-0.00040000000000000105,1.0,1.0,1.0,1.0,False,True
111,P7_A_NULL_RHO0,0.0,0.0,00e81c574ad52a964a43a57346446b017be6eeda3ae848422315c2a1d26d2e4c,True,True,-9.99999999999994e-05,-0.00040000000000000105,0.0,0.0,1.0,1.0,True,True
111,P7_B_NULL_RHO30,0.0,0.3,2a94140f87c209780871352230b881eb8b892266d54e23bc2ae9e754954d145a,True,True,0.0,-0.00040000000000000105,0.0,0.0,1.0,1.0,True,True
111,P7_C_EFFECT_RHO0,0.1,0.0,d629a7b7ed94470c1270d925ec91aa10ddb8cf34b5c6af2fc51dcb23baacd0fb,True,True,0.0,-0.00030000000000000165,1.0,1.0,1.0,1.0,True,True
111,P7_D_EFFECT_RHO30,0.1,0.3,556ff0869a1509915f76c332be7705f9964212a504f7ad2dbd2d5b3f2e26d5fb,True,True,0.0,0.0,1.0,1.0,1.0,1.0,True,True
112,P7_A_NULL_RHO0,0.0,0.0,9dfd306ea9b444c72a957dccc46802949c3a700f513bd7afab9b7c2ca5ef1461,True,True,0.0004000000000000045,-0.0017000000000000001,0.0,0.0,1.0,1.0,True,True
112,P7_B_NULL_RHO30,0.0,0.3,8a8086197cbc9a3ac8aa2ceb9ae8c14cb63d6c8ee09068c2dfdcc9b1aa1dd738,True,True,0.0005000000000000004,-0.0017000000000000001,0.0,0.0,1.0,1.0,True,True
112,P7_C_EFFECT_RHO0,0.1,0.0,2c06360f5b7997c741b9c0349b054678aaf3d260fbfc34a8e0f8b86c659e6628,True,True,0.00040000000000001146,-0.0016000000000000007,1.0,1.0,1.0,1.0,True,True
112,P7_D_EFFECT_RHO30,0.1,0.3,0e683b690c2bd148f2bd3b13489c8d31a62983ea3c0f9659c2d736b8a5ddab61,True,True,0.0003999999999999837,-0.0016000000000000007,1.0,1.0,1.0,1.0,True,True
113,P7_A_NULL_RHO0,0.0,0.0,b5b385d704eb4acc59cdc25286704456b2f516eecda582135574a500bc9abe02,True,True,0.0,0.0,0.0,0.0,1.0,1.0,True,True
113,P7_B_NULL_RHO30,0.0,0.3,9d946907c5cfa0ccd99fa9de132885d9f2a787297d78a2305ef521436c8fd479,True,True,0.0,0.0,0.0,0.0,1.0,1.0,True,True
113,P7_C_EFFECT_RHO0,0.1,0.0,7758ad09386f923c81687525ef7f1374d360330ebb4bbc3ccadfa51c5bca820e,True,True,0.0,0.0,1.0,1.0,1.0,1.0,True,True
113,P7_D_EFFECT_RHO30,0.1,0.3,b3ededce0e4fe01e0aea09f7bb8666675b71788b6240bbefe5edab21d8a000b6,True,True,0.0,0.0,1.0,1.0,1.0,1.0,True,True
114,P7_A_NULL_RHO0,0.0,0.0,fd7070bd6ad77f949f53a3385258163695c4de20a1dd07dff3c6f2fd9a9b74ec,True,True,9.99999999999994e-05,-0.0001999999999999988,0.0,0.0,1.0,1.0,True,True
114,P7_B_NULL_RHO30,0.0,0.3,4855f2faf1d012e0f7a271d3d6d2612370ea26befce773af26c5d21bae30d8a4,True,True,9.99999999999994e-05,-0.0001999999999999988,0.0,0.0,1.0,1.0,True,True
114,P7_C_EFFECT_RHO0,0.1,0.0,f283701cd390682da9af806d959bbf3440cbb60140e7b55e24065e7beca7e7d0,True,True,9.999999999998899e-05,-0.00030000000000000165,1.0,1.0,1.0,1.0,True,True
114,P7_D_EFFECT_RHO30,0.1,0.3,06a144bd437192cac91f3411f0ab518d6cce0a413195bca15698295ff408e743,True,True,0.0,0.0,1.0,1.0,1.0,1.0,True,True
115,P7_A_NULL_RHO0,0.0,0.0,56b9d29b116ee458c6a76ee7600797006397b98e900b3907106369be69432d8d,True,True,0.00030000000000000035,-0.00030000000000000165,0.0,0.0,1.0,1.0,True,True
115,P7_B_NULL_RHO30,0.0,0.3,97d3e3ad56bdd4682dd98cf748b7ecdb666ba61748a9975b38748d482de27840,True,True,0.0002999999999999999,-0.00030000000000000165,0.0,0.0,1.0,1.0,True,True
115,P7_C_EFFECT_RHO0,0.1,0.0,1cb69750b34a9f5a91cda8b5042becc50c388cc29c1bea5239205ed1eba6695c,True,True,0.0003000000000000086,-0.00020000000000000226,1.0,1.0,1.0,1.0,True,True
115,P7_D_EFFECT_RHO30,0.1,0.3,22e3910d9e856b44ce05ad253cf2b055a25c5197562a8514bfbf91d71978e5e6,True,True,0.0002999999999999947,-0.00020000000000000226,1.0,1.0,1.0,1.0,True,True
116,P7_A_NULL_RHO0,0.0,0.0,9d691a61fc9e941a841a0920f7fcf5a65df8db6eb72a3fcb8d0a45636b761f3c,True,True,-0.0002999999999999999,-0.0005999999999999998,0.0,0.0,1.0,1.0,True,True
116,P7_B_NULL_RHO30,0.0,0.3,a8a72c3746e59a6b078a30fc32ad2adcfb803094fef14e42fcd9f0cfcc840c42,True,True,-0.0003999999999999993,-0.000899999999999998,0.0,0.0,1.0,1.0,True,True
116,P7_C_EFFECT_RHO0,0.1,0.0,6a097a90af6d1692cc19dbb0a31f763684122d7587a938ddc8e9be3d48f9c5bb,True,True,-0.0003999999999999976,-0.0005999999999999998,1.0,1.0,1.0,1.0,True,True
116,P7_D_EFFECT_RHO30,0.1,0.3,8ad51edeaa1f38ed0f3693b864051fe5ad52f781c2139730e569b088251ae750,True,True,-0.0003999999999999976,-0.0006999999999999992,1.0,1.0,1.0,1.0,True,True
117,P7_A_NULL_RHO0,0.0,0.0,62ebd7b14353df0022e995d01a862af095ffc3ff9a7ceca02666010a52d6e167,True,True,0.0,0.0,0.0,0.0,1.0,1.0,True,True
117,P7_B_NULL_RHO30,0.0,0.3,f817acf16059dfb2d7accace199404758eb6497fac47327b7dcbf27ea22b50cb,True,True,0.0001999999999999988,-0.0010000000000000009,0.0,0.0,1.0,1.0,True,True
117,P7_C_EFFECT_RHO0,0.1,0.0,9cc245b92e333703849eb9aa234200cd11b5471b11b3297ebabc59879095de6e,True,True,0.0,0.0,1.0,1.0,1.0,1.0,True,True
117,P7_D_EFFECT_RHO30,0.1,0.3,e906ded772897160d76bbbf876e525659a1b06410d418016f1efe739ff2f7716,True,True,0.0,0.0,1.0,1.0,1.0,1.0,True,True
118,P7_A_NULL_RHO0,0.0,0.0,ae8424e4d229964180e49d967aa50d4743a1eb8eabdef8849d35fba85b3fdbfa,True,True,9.99999999999994e-05,-0.0005000000000000004,0.0,0.0,1.0,1.0,True,True
118,P7_B_NULL_RHO30,0.0,0.3,c71cae466a1cba1564fa3fc67edb5417514cf9e1e6790a2456a553a2bdefafa2,True,True,0.0,0.0,0.0,0.0,1.0,1.0,True,True
118,P7_C_EFFECT_RHO0,0.1,0.0,8f9fe36cf64be212a2855f59049984836215c670571271f2be59139fd4c27943,True,True,0.0,-0.0010000000000000009,1.0,1.0,1.0,1.0,True,True
118,P7_D_EFFECT_RHO30,0.1,0.3,058348b424f556097ff3894b791a09878ec20aedc7debd3b6d2b2099650b5724,True,True,0.0,0.0,1.0,1.0,1.0,1.0,True,True
119,P7_A_NULL_RHO0,0.0,0.0,5a30fea053dc4fb0b1f7f86b7e4f597cee140d96f199dc728aceb0d474b3f876,True,True,0.0,-0.0005999999999999998,0.0,0.0,1.0,1.0,True,True
119,P7_B_NULL_RHO30,0.0,0.3,433598234c7e84081cdbae7c8b37ea7b215a7d274e80a6cac425fa7c15336417,True,True,0.0,-0.0006999999999999992,0.0,0.0,1.0,1.0,True,True
119,P7_C_EFFECT_RHO0,0.1,0.0,95194e9e9c0079d3b6eeb34e824bd29d2f2cda35c1774e4b0b3efe9017c33868,True,True,0.0,0.0,1.0,1.0,1.0,1.0,True,True
119,P7_D_EFFECT_RHO30,0.1,0.3,b643b4abbc3c7f979362fb91dab0cbc7063e94bd3ca71582ec3da1a88f7a09fb,True,True,0.0,-9.99999999999994e-05,1.0,1.0,1.0,1.0,True,True
120,P7_A_NULL_RHO0,0.0,0.0,ab6b283984e7cb8c8933b07ab705d7713c81945673912e7c5007eed425c8256a,True,True,9.999999999999593e-05,-9.99999999999994e-05,0.0,0.0,1.0,1.0,True,True
120,P7_B_NULL_RHO30,0.0,0.3,f8c66db16e25b5a79537daec56082366d156642024f787d04d96dea5a506ed83,True,True,0.00010000000000000286,-9.99999999999994e-05,0.0,0.0,1.0,1.0,True,True
120,P7_C_EFFECT_RHO0,0.1,0.0,7bcf16b8ffc965d08ee5657f957a34de5ce649d0258ec4d3cdd566a3922b0a98,True,True,9.999999999998899e-05,0.0,1.0,1.0,1.0,1.0,True,True
120,P7_D_EFFECT_RHO30,0.1,0.3,2ce0eec61eb96054e6bbb2ed67874bf512076da5130f88981fc9640c68edf742,True,True,9.999999999998899e-05,0.0,1.0,1.0,1.0,1.0,True,True
121,P7_A_NULL_RHO0,0.0,0.0,ddf3b11acf45941946b5ce50060c376a71479337958c827559aa96272690df50,True,True,0.0,0.0,0.0,0.0,1.0,1.0,True,True
121,P7_B_NULL_RHO30,0.0,0.3,5a55f99befe36432359a1c7cdaf60a871ccb54caa641ddfea92cd231f6afc898,True,True,0.0,-0.00040000000000000105,0.0,0.0,1.0,1.0,True,True
121,P7_C_EFFECT_RHO0,0.1,0.0,01da549593317c64dce6b29ced378415c8be42a133f0aa280d17a27d8bf8f717,True,True,0.0,-0.00030000000000000165,1.0,1.0,1.0,1.0,False,True
121,P7_D_EFFECT_RHO30,0.1,0.3,ba5b7a1b6856871beaedca785584f4c485e2e3cd4b41ce5a6e89ff6df142c5b5,True,True,0.0,-0.00020000000000000226,1.0,1.0,1.0,1.0,False,True
122,P7_A_NULL_RHO0,0.0,0.0,a065a806f3b719e6c125cd04aa0a43e503bf6dd627541135e1531318c02b5978,True,True,0.00030000000000000165,-0.0010000000000000009,0.0,1.0,1.0,0.0,False,False
122,P7_B_NULL_RHO30,0.0,0.3,5fc338aba3cd7a9ff89b02f2ec3c696af0510116a2f626c307dfc2023a0b12e8,True,True,0.0002999999999999947,-0.0009000000000000015,0.0,1.0,1.0,0.0,False,False
122,P7_C_EFFECT_RHO0,0.1,0.0,afb870588312021a755bc81b2c2cbdd2c710267cd6c1d84ece56080974bccabe,True,True,0.00020000000000000573,-0.0007999999999999986,1.0,1.0,1.0,0.0,False,False
122,P7_D_EFFECT_RHO30,0.1,0.3,3b17b96fc0cc8e5719f0ec392c12295688c7bb3d89878c07a09ab03280bc37ff,True,True,0.00020000000000000573,-0.0006999999999999992,1.0,1.0,1.0,1.0,False,False
123,P7_A_NULL_RHO0,0.0,0.0,89829224844ccde5065c03a42ce64e2bdbd3ebd97b14e5df828c275d71fbeaed,True,True,-0.00010000000000000113,0.0002999999999999982,0.0,0.0,1.0,1.0,False,False
123,P7_B_NULL_RHO30,0.0,0.3,85972d85b96eed8943bfcbcc1c79e76556d0ce6c3fd3413587d918d3460c4107,True,True,0.0,0.0002999999999999982,0.0,0.0,1.0,1.0,False,False
123,P7_C_EFFECT_RHO0,0.1,0.0,b4c3f889d97868eb80ba3e8099b08484fb03c22a1b7410ed11b5baf5df1d74b7,True,True,0.0,9.99999999999994e-05,1.0,1.0,1.0,1.0,False,False
123,P7_D_EFFECT_RHO30,0.1,0.3,7a474d3a294c3be557f526c780d198531006d043dd98dc77bcaef280407a9229,True,True,0.0,9.99999999999994e-05,1.0,1.0,1.0,1.0,False,False
124,P7_A_NULL_RHO0,0.0,0.0,efd6682e156ccc0728947451ed9f9631cf881fbc960c27ceb19fe890fce2b069,True,True,9.99999999999994e-05,-0.0007000000000000027,0.0,0.0,1.0,1.0,True,True
124,P7_B_NULL_RHO30,0.0,0.3,04f190f1eb97dbe1a19272e585eb1e5117d0cc97e32cbacba9c832fae50f8420,True,True,9.99999999999994e-05,-0.0007999999999999986,0.0,0.0,1.0,1.0,True,True
124,P7_C_EFFECT_RHO0,0.1,0.0,02c9e53f49f6630edb248700da961d1dafccf84ca22c8500e0f114c1fb213aa3,True,True,0.0,0.0,1.0,1.0,1.0,1.0,True,True
124,P7_D_EFFECT_RHO30,0.1,0.3,1807ef18cfdff741a2830d30897d31fea674b5b43aa7df5785a4e16bea085409,True,True,0.0,0.0,1.0,1.0,1.0,1.0,True,True
125,P7_A_NULL_RHO0,0.0,0.0,c27499b9f851e7977e2b3b6d7ff8142b4342061f4ff16ba0193a8df19d6a6c11,True,True,9.99999999999994e-05,-9.99999999999994e-05,0.0,0.0,1.0,1.0,True,True
125,P7_B_NULL_RHO30,0.0,0.3,2386d4eebe34c682c12bccd8da74365ab7d0b5cf37f602813448684ab0948bee,True,True,9.99999999999994e-05,-9.99999999999994e-05,0.0,0.0,1.0,1.0,True,True
125,P7_C_EFFECT_RHO0,0.1,0.0,ff3b5670cf93a3fda76dfbf3ecbfcbab484b5ea264b4f29c6740437e4feedcf2,True,True,9.999999999998899e-05,0.0,1.0,1.0,1.0,1.0,True,True
125,P7_D_EFFECT_RHO30,0.1,0.3,eb443ff80392186f8047e8fb21619f739e97d5cd9d13e81e856b20692d8396fc,True,True,9.999999999998899e-05,0.0,1.0,1.0,1.0,1.0,True,True
126,P7_A_NULL_RHO0,0.0,0.0,1ed4d94fea75dee27ff6f46da66415a27db1b5c4356f0811a64aab26dce9f70f,True,True,0.0005000000000000004,-0.0017999999999999995,0.0,0.0,1.0,1.0,True,True
126,P7_B_NULL_RHO30,0.0,0.3,039efcebd81796feb5bedb95da2514eb64477f69ff93b1dc9f71604f8f5ff8c6,True,True,0.0005999999999999998,-0.0017999999999999995,0.0,0.0,1.0,1.0,True,True
126,P7_C_EFFECT_RHO0,0.1,0.0,ad27c1852d02ecbd9e883fde40f975da5dcd10aa8be21198fb5e1767893440b5,True,True,0.0006000000000000033,-0.0017999999999999995,1.0,1.0,1.0,1.0,True,True
126,P7_D_EFFECT_RHO30,0.1,0.3,e9fc789d2c248b17a7eee999ad41fc63faaade97a78e3039b191a83ddc276130,True,True,0.0005000000000000004,-0.0017000000000000001,1.0,1.0,1.0,1.0,True,True
127,P7_A_NULL_RHO0,0.0,0.0,29d225c00cf21ae637c9f7743f18dd200858c963e78f7e01ebf512afb93322db,True,True,0.0,0.00020000000000000226,0.0,0.0,1.0,1.0,True,True
127,P7_B_NULL_RHO30,0.0,0.3,d29a3440a37968fa0c5ef123ad70af4627af3f8c48ad5252ae51c52bb5a125d9,True,True,0.0,0.00020000000000000226,0.0,0.0,1.0,1.0,True,True
127,P7_C_EFFECT_RHO0,0.1,0.0,09ab99c6825418e136b6db097a91fa395dfe79c67a62c8866f0b690c3f3be97c,True,True,0.0,0.0,1.0,1.0,1.0,1.0,True,True
127,P7_D_EFFECT_RHO30,0.1,0.3,f118cc1558e00b1ceead5e12e1e6c3aaea12086164f340e7779ced2aeb392b07,True,True,0.0,0.0,1.0,1.0,1.0,1.0,True,True
128,P7_A_NULL_RHO0,0.0,0.0,4500decfb1e933ed0947e579d68745a6c26c706d40aaf3b95411b5b8d3864a6e,True,True,0.0,0.0,0.0,0.0,1.0,1.0,True,True
128,P7_B_NULL_RHO30,0.0,0.3,03dd8304d60988910970174103924ea566a165a2bb3f5223cca5767ce3192e4f,True,True,0.0,0.0,0.0,0.0,1.0,1.0,True,True
128,P7_C_EFFECT_RHO0,0.1,0.0,ceaba957799fadc1f0c52081063931db45634db43a3cec1649ea9d1758793461,True,True,-9.999999999998899e-05,0.0,1.0,1.0,1.0,1.0,True,True
128,P7_D_EFFECT_RHO30,0.1,0.3,bb4053c3e59a9b0ad4c17c882dce9130c8531f889749a6205c777ed7e5df1675,True,True,0.0,0.0,1.0,1.0,1.0,1.0,True,True
129,P7_A_NULL_RHO0,0.0,0.0,dd19381e075b48d23cf96978b36636499f22b8b87220ce2e398989da65d1e300,True,True,0.0005999999999999998,-0.0017000000000000001,0.0,0.0,1.0,1.0,True,True
129,P7_B_NULL_RHO30,0.0,0.3,e0c8cb8104bfe41d28de697d5457c715ef8db33808008343602c89b328d86a5f,True,True,0.0005999999999999998,-0.0017000000000000001,0.0,0.0,1.0,1.0,True,True
129,P7_C_EFFECT_RHO0,0.1,0.0,b9faa1b577b7aad81d6f8779266e9c9613bbaa90166bab2f0f49919c69932f93,True,True,0.0006999999999999923,-0.0017999999999999995,1.0,1.0,1.0,1.0,True,True
129,P7_D_EFFECT_RHO30,0.1,0.3,96c062e10e2646d541075baa4a61571684ac26559c538d59f5c2b870390c31f0,True,True,0.0,0.0,1.0,1.0,1.0,1.0,True,True
130,P7_A_NULL_RHO0,0.0,0.0,c84ba94f82fc6ca5c977aeddcdfce60d93c526a53f11682928f63389b8a54ce1,True,True,0.0,0.0,0.0,0.0,1.0,1.0,True,True
130,P7_B_NULL_RHO30,0.0,0.3,6007831f86f524ffe97521425f6b841efb17d16b9f1078b3253e8ea8ca6ab083,True,True,0.0,0.0,0.0,0.0,1.0,1.0,True,True
130,P7_C_EFFECT_RHO0,0.1,0.0,cd23dec94562179909dedb0b04161a6978ebb413b5aa95f27c3a2d50876ee2d9,True,True,0.0,-0.0007999999999999986,1.0,1.0,1.0,1.0,True,True
130,P7_D_EFFECT_RHO30,0.1,0.3,195f1168a3506f9593f497207fad651ecb29a335768a3f62662ba0a36d3eab6f,True,True,-0.00010000000000000286,-0.0007999999999999986,1.0,1.0,1.0,1.0,True,True
131,P7_A_NULL_RHO0,0.0,0.0,e345d661bbf2d8c5a7e3c10ba19570623523461da9a1b66c8905d4717ecc2427,True,True,0.0,0.0,0.0,0.0,1.0,1.0,True,True
131,P7_B_NULL_RHO30,0.0,0.3,0a83c600ffc6826f5545c02e79f68699435a10a5d80787a14efdcfdc3400c356,True,True,0.0,0.0,0.0,0.0,1.0,1.0,True,False
131,P7_C_EFFECT_RHO0,0.1,0.0,0deb87f303f5cf0cb88040acabdfdb8384f05ce26717cd123fc45b65c6941bf2,True,True,0.0,0.0,1.0,1.0,1.0,1.0,True,True
131,P7_D_EFFECT_RHO30,0.1,0.3,0ed7fef07756538ee221d06dc7e02ea2822b4c76ce4f9b4b7b8b5494a314b4d7,True,True,0.0,0.0,1.0,1.0,1.0,1.0,True,True
132,P7_A_NULL_RHO0,0.0,0.0,e05809dad71e56ab72d1e984f897fd900e1e6be948f8291d565a418efbb761f9,True,True,0.0,0.0,1.0,1.0,0.0,0.0,True,True
132,P7_B_NULL_RHO30,0.0,0.3,1e48e07c17ecae845c6ff5e423f0aab4abe14ba8cdcf10f943b385b3b6bcb6fe,True,True,0.0,0.0,1.0,1.0,0.0,0.0,True,True
132,P7_C_EFFECT_RHO0,0.1,0.0,410bac2b97f55fac02475be85b3b24317fadcf6fef2f1e7fb4c94d903bbd8d1f,True,True,0.0,0.0,1.0,1.0,0.0,0.0,True,True
132,P7_D_EFFECT_RHO30,0.1,0.3,adc451ddd423c60e1d07afc9523325211c70bea5dbaf59f8eaa6a9df0e27ce91,True,True,0.0,0.0,1.0,1.0,0.0,0.0,True,True
133,P7_A_NULL_RHO0,0.0,0.0,0cb596a2ee26319f36739bd6cec82d75b4160192dd003cacc8db3c45ff39cf8c,True,True,0.0002999999999999999,-0.0002999999999999982,0.0,0.0,1.0,1.0,True,True
133,P7_B_NULL_RHO30,0.0,0.3,03b8c012ac73bf1217a38d86b98515e76ae034527001d35c05eabce92d6d3b61,True,True,0.0002999999999999999,-0.0001999999999999988,0.0,0.0,1.0,1.0,True,True
133,P7_C_EFFECT_RHO0,0.1,0.0,5bf8d8f464b105df2c08fb098304b1e6f128d37d86da04b4f49fac9e84a2813b,True,True,0.0002999999999999947,-9.99999999999994e-05,1.0,1.0,1.0,1.0,True,True
133,P7_D_EFFECT_RHO30,0.1,0.3,8ba844830dc2e03000945c1ed150c6c79242e94b1091002bdc4dc940500c6591,True,True,0.0002999999999999947,-9.99999999999994e-05,1.0,1.0,1.0,1.0,True,True
134,P7_A_NULL_RHO0,0.0,0.0,5a709073c53b58e81d7d29871fb8573b387cbb894dad6db2fe7b7524027adcf9,True,True,0.0,0.0,0.0,0.0,1.0,1.0,True,True
134,P7_B_NULL_RHO30,0.0,0.3,a53cb77c82cbc3ec711814f9c40c676c65bd2c03df7b2fdbef8f912dd9035e1a,True,True,0.0,0.0,0.0,0.0,1.0,1.0,True,True
134,P7_C_EFFECT_RHO0,0.1,0.0,1f6a167686977f3e72a05a1d89bc7a06c40ff1c9bf9f2b3a8e6e50c3187de114,True,True,0.0,0.0,1.0,1.0,1.0,1.0,True,True
134,P7_D_EFFECT_RHO30,0.1,0.3,cbcc604473180d97373a373b8c76c974a5de394a2c46ebb6c3cc92f9e21b21e1,True,True,0.0,0.0,1.0,1.0,1.0,1.0,True,True
135,P7_A_NULL_RHO0,0.0,0.0,6bd9461c382963b82b8a3134a4caa8e725f12129a094688c3c0154332521b1de,True,True,0.0002000000000000001,-0.0005999999999999998,0.0,0.0,1.0,1.0,True,True
135,P7_B_NULL_RHO30,0.0,0.3,158ab8a3be955aee22b0ffb07beb4ebee2756a61e21037b810072f5c8d8e4020,True,True,0.0002000000000000001,-0.0005999999999999998,0.0,0.0,1.0,1.0,True,True
135,P7_C_EFFECT_RHO0,0.1,0.0,c00ab863a1d9b4e84da32aa3e84b30638f20429cb26d60d2811f0c1c30c1fc77,True,True,0.00010000000000000286,-0.00020000000000000226,1.0,1.0,1.0,1.0,False,False
135,P7_D_EFFECT_RHO30,0.1,0.3,aba24c4e02c01b9f44e72bc61b8a579faac26d3e09c0f81597e968b22e6a48f8,True,True,0.00010000000000000286,-0.0002999999999999982,1.0,1.0,1.0,1.0,False,False
136,P7_A_NULL_RHO0,0.0,0.0,8a357a9c7874c5ceb2ae9bfccc8870feb6fea08609f594ee96a42c82bdf9ccbc,True,True,0.00010000000000000286,-0.0011999999999999997,0.0,0.0,1.0,1.0,True,True
136,P7_B_NULL_RHO30,0.0,0.3,e96010c2b5368ffd201087ae198c42b5c84d09e967d31db35cf38b50a468b38b,True,True,9.99999999999994e-05,-0.0010000000000000009,0.0,0.0,1.0,1.0,False,True
136,P7_C_EFFECT_RHO0,0.1,0.0,e29c26a58bda0f9838ef2de08cbf5eac4a10becf8e61945da12fa34b3a51551b,True,True,0.00010000000000000286,-0.0011000000000000003,1.0,1.0,1.0,1.0,True,True
136,P7_D_EFFECT_RHO30,0.1,0.3,619fc3bc93697b5b4e189507d04a276164d1bc7f209b308e8ad70c754ca91609,True,True,0.00010000000000000286,-0.0010000000000000009,1.0,1.0,1.0,1.0,True,True
137,P7_A_NULL_RHO0,0.0,0.0,a5e5225264ec98f03c420933e3afd0ce1e5ce0e2ae1ccdf83ed781cc9222514d,True,True,0.0003999999999999993,-0.0005000000000000004,0.0,0.0,1.0,1.0,True,True
137,P7_B_NULL_RHO30,0.0,0.3,3366663c03d69776260fd56be2550c8569f35bbb495d366790a63cad02f57065,True,True,0.0002999999999999999,-0.0005000000000000004,0.0,0.0,1.0,1.0,True,True
137,P7_C_EFFECT_RHO0,0.1,0.0,2dd10e4ed5aabe6b3cfbe70e53a36ddefe8389e69bb7fdc5857eb71a10588a05,True,True,0.0002999999999999947,-0.00040000000000000105,1.0,1.0,1.0,1.0,True,True
137,P7_D_EFFECT_RHO30,0.1,0.3,8d9548e1657bc2dcfeb5c1e054d5ae92d733810ac2ebac30ebd198d0c7ffc95e,True,True,0.0003999999999999976,-0.00040000000000000105,1.0,1.0,1.0,1.0,True,True
138,P7_A_NULL_RHO0,0.0,0.0,fc9fd38a2040bab3296c8b506af6c0cdfaebd30e1a2db6b810eef4f355c3633e,True,True,0.0,9.99999999999994e-05,1.0,1.0,0.0,0.0,True,True
138,P7_B_NULL_RHO30,0.0,0.3,3c1bd12bc258a08a375cf549d057089e1d5a32cd98d77251eb746c45d0eb8eba,True,True,-0.00010000000000000286,0.00020000000000000226,1.0,1.0,0.0,0.0,True,True
138,P7_C_EFFECT_RHO0,0.1,0.0,17e444ce4e3a8eded4fc8bbae8bae02e8ff66af0554b7a68fefeaa5da9efa76e,True,True,-9.999999999998899e-05,0.0,1.0,1.0,1.0,1.0,True,True
138,P7_D_EFFECT_RHO30,0.1,0.3,621be1313ac87573c601111d37079b8ee3a5b5f4b4a19d9bf8241d6277836e74,True,True,-0.00040000000000001146,-0.0007000000000000027,1.0,1.0,1.0,1.0,True,True
139,P7_A_NULL_RHO0,0.0,0.0,64f9eaf32536e7d42c7f51b43dee8fb61c8391094fde3f5a053b82e6464dddbb,True,True,0.0,0.0,0.0,0.0,1.0,1.0,True,True
139,P7_B_NULL_RHO30,0.0,0.3,4ad07476ec23114c2ff1a2f07eef36cb730be11de136a4be31e6b30ed91b4b7e,True,True,0.0,0.0,0.0,0.0,1.0,1.0,True,True
139,P7_C_EFFECT_RHO0,0.1,0.0,600654ebb32659d5bc802de10097a3b3a604838bb0897c7f5ec637254d760f2f,True,True,0.0,0.0,1.0,1.0,1.0,1.0,True,True
139,P7_D_EFFECT_RHO30,0.1,0.3,005242f396e08ebee63be3d084ce5a4baad3ae6fb26ea63f00ea7fe0cc41099a,True,True,0.0,0.0,1.0,1.0,1.0,1.0,True,True
140,P7_A_NULL_RHO0,0.0,0.0,ca83b5a7a2314b6b2db0d71d231c9c8ce2e480663c4287cf6b840d1c3116d75e,True,True,-0.0001999999999999988,-0.0005000000000000004,0.0,0.0,1.0,1.0,True,False
140,P7_B_NULL_RHO30,0.0,0.3,768c7122eae085cdff4de6ca309da2ed72f601e2d0c211bbddeed1fbdf9a5f33,True,True,-0.00030000000000000165,-0.0005000000000000004,0.0,0.0,1.0,1.0,True,False
140,P7_C_EFFECT_RHO0,0.1,0.0,be51764ae90aa1046aa7127c09ef6b4e07af8358e6fb9be003786f27a08ee501,True,True,-0.0002999999999999947,-0.0005000000000000004,1.0,1.0,1.0,1.0,True,True
140,P7_D_EFFECT_RHO30,0.1,0.3,5a8c268f305e71943af0b796b89933bfc5c87bd3ed6b944dcc0615d86fd9286a,True,True,-0.0003000000000000086,-0.0005000000000000004,1.0,1.0,1.0,1.0,True,True
141,P7_A_NULL_RHO0,0.0,0.0,76000be85e6d3a50ad9633466c69dd98bf2cae5cbaebdc7fd4bba6292cfe91c9,True,True,-9.99999999999994e-05,0.0002999999999999982,0.0,0.0,1.0,1.0,True,False
141,P7_B_NULL_RHO30,0.0,0.3,84fd58281d71aec3579fd4ff00f76e47932a50cd970e7f9d63b33ca53ab602f6,True,True,0.0,0.0002999999999999982,0.0,0.0,1.0,1.0,True,False
141,P7_C_EFFECT_RHO0,0.1,0.0,19a1af57970dc0c76c2f8fac1af101ec024ee3f9ca1b5e3011581c0dfd577bac,True,True,-0.00020000000000000573,0.00010000000000000286,1.0,1.0,1.0,1.0,True,False
141,P7_D_EFFECT_RHO30,0.1,0.3,0cead89ec30a1182e1cb38cd75f3b4f1aed62eec02a55b68ec3cf9ba7b3555fc,True,True,-9.999999999998899e-05,-0.0002999999999999982,1.0,1.0,1.0,1.0,True,False
142,P7_A_NULL_RHO0,0.0,0.0,6dd4c58b2f6b1f55412c28a1e8b867d7746c860cd7b080f1c9fe8ee807dc6951,True,True,0.0007999999999999986,-0.0006999999999999992,0.0,0.0,1.0,1.0,True,True
142,P7_B_NULL_RHO30,0.0,0.3,02c50a730686cf28a9076268f025ae6ba60cefb4a7e9aef8464b180a4fb5a8a8,True,True,0.0008000000000000021,-0.0005999999999999998,0.0,0.0,1.0,1.0,True,True
142,P7_C_EFFECT_RHO0,0.1,0.0,aa58dd432db1c094960493e0540ec13ee6010fd1bf9a24688bc7bb9121479fdd,True,True,0.0007999999999999952,-0.0005000000000000004,1.0,1.0,1.0,1.0,True,True
142,P7_D_EFFECT_RHO30,0.1,0.3,9bfd841e29db086370307dca1bb1fa5b53511257c9062ecc771ca69671ca0c2c,True,True,0.0007000000000000062,-0.0005000000000000004,1.0,1.0,1.0,1.0,True,True
143,P7_A_NULL_RHO0,0.0,0.0,d549826754c9c2990f685d70e342bba62301ddf55546929f4abf32cf971c1479,True,True,0.0,0.0,0.0,0.0,1.0,1.0,True,True
143,P7_B_NULL_RHO30,0.0,0.3,6e0570bcfcfcba7fb85e21b5f6f4624e915a545e1b45bded693f28f5e39564f9,True,True,0.0,0.0,0.0,0.0,1.0,1.0,True,True
143,P7_C_EFFECT_RHO0,0.1,0.0,7e40b69c92c9f28ccbafdf400e4b45d3fe3005446b8dd2f25c2a41e31914dbce,True,True,0.0,0.0,1.0,1.0,1.0,1.0,True,True
143,P7_D_EFFECT_RHO30,0.1,0.3,59df160e1c8db225f3d6294e723f054d9de633dea3ec902cd822358f859e468c,True,True,0.0,0.0,1.0,1.0,1.0,1.0,True,True
144,P7_A_NULL_RHO0,0.0,0.0,29fb855f1a17a3f00c0085d0c3c52686be54fafa5075df0ecf910b4d95904907,True,True,0.0,0.0,0.0,0.0,1.0,1.0,True,True
144,P7_B_NULL_RHO30,0.0,0.3,86de8d634056b134bb8a97b8061d52ab74ea1e1d1e10bdc7ab4b73577e883b94,True,True,0.0,0.0,0.0,0.0,1.0,1.0,True,True
144,P7_C_EFFECT_RHO0,0.1,0.0,7f7b6be85a582d561dcca5fc335a98d371b8f6959881bf1a1c7c6c0c2b7052d2,True,True,0.0,0.0,1.0,1.0,1.0,1.0,True,True
144,P7_D_EFFECT_RHO30,0.1,0.3,f37a62800daeb1003f35509b43eb993fab166927712f2b3003a70b455b6f6232,True,True,0.0,0.0,1.0,1.0,1.0,1.0,True,True
145,P7_A_NULL_RHO0,0.0,0.0,55672478fe78c611304a9668c00e1d3b40be83ce9cf441d829f706fada7f37d1,True,True,0.0005999999999999998,-0.0024999999999999988,0.0,0.0,1.0,1.0,True,True
145,P7_B_NULL_RHO30,0.0,0.3,4a0038bbc9f961dabc18c9206dc77efd78f30805814363cebe6db614a9147401,True,True,0.0005000000000000004,-0.0023999999999999994,0.0,0.0,1.0,1.0,True,True
145,P7_C_EFFECT_RHO0,0.1,0.0,773b2cefde3817b9ef73bb80d03fd3253d1ed4e5cd6723fbc6167de548dd9b0c,True,True,0.0005999999999999894,-0.002400000000000003,1.0,1.0,1.0,1.0,True,True
145,P7_D_EFFECT_RHO30,0.1,0.3,dbfb18bba38c4b9adff58dbdb45a06a1b2c3c1f75f7b6d694212c9f32bfd4c3b,True,True,0.0005000000000000004,-0.002400000000000003,1.0,1.0,1.0,1.0,True,True
146,P7_A_NULL_RHO0,0.0,0.0,a1e13ad50da4ee0a3567955ee445c5aa1402cff0a4a77703948dbec566db5657,True,True,0.0004000000000000002,-0.0005000000000000004,0.0,0.0,1.0,1.0,True,True
146,P7_B_NULL_RHO30,0.0,0.3,fbde13a6cf20e45e03eaed001011d71ddc8ff8b68d862c749ca19b1b98bb11cc,True,True,0.0003999999999999993,-0.0005000000000000004,0.0,0.0,1.0,1.0,True,True
146,P7_C_EFFECT_RHO0,0.1,0.0,529441adfc0ea47038e833eabc0b6200d89fc15ade2b85558dd61bea5042a2b7,True,True,0.0003999999999999976,-0.0005999999999999998,1.0,1.0,1.0,1.0,True,True
146,P7_D_EFFECT_RHO30,0.1,0.3,81525f8e7618147e095e28bea2bd138ecea9bf4cbb7b0aceb7de29364c1ef555,True,True,0.0003999999999999976,-0.0005999999999999998,1.0,1.0,1.0,1.0,True,True
147,P7_A_NULL_RHO0,0.0,0.0,04ea57321a0707b70b870279387805aa1178892aff1cbc92031d6974a1775ae1,True,True,-0.00010000000000000113,-9.99999999999994e-05,0.0,0.0,1.0,1.0,True,False
147,P7_B_NULL_RHO30,0.0,0.3,a1ca3e89c23e7a3bb495a251053d6f3a5fb3b86d741d51b2bb60ef21bed49588,True,True,-9.99999999999994e-05,-0.00020000000000000226,0.0,0.0,1.0,1.0,True,False
147,P7_C_EFFECT_RHO0,0.1,0.0,562dd8cd00c5ff42bc166dd31d14c2166a8821c2d9c11460d75a9d1ce0ee46b5,True,True,-9.999999999998899e-05,-0.0001999999999999988,1.0,1.0,1.0,1.0,True,False
147,P7_D_EFFECT_RHO30,0.1,0.3,2f5002224ec758a0d092fc3f013b6ece3b635a9870ebf83bba2025e0a15dcfd6,True,True,0.0,9.99999999999994e-05,1.0,1.0,1.0,1.0,False,False
148,P7_A_NULL_RHO0,0.0,0.0,6894b6b7957eb0d1876008bd1da93981361bd8839fca9e853ad3c734f77e7762,True,True,9.99999999999994e-05,0.0,0.0,0.0,1.0,1.0,True,True
148,P7_B_NULL_RHO30,0.0,0.3,6f9230f5efe08a8945a53cab77d3598ff79ed7089a20e905d49367f5eeb95ebb,True,True,9.99999999999994e-05,0.0,0.0,0.0,1.0,1.0,True,True
148,P7_C_EFFECT_RHO0,0.1,0.0,22b35a4a07ad6a0da1ee093cd8c480a4c54db29e3c9e62eef70b675a39b87de0,True,True,0.00020000000000000573,-0.00020000000000000226,1.0,1.0,1.0,1.0,True,True
148,P7_D_EFFECT_RHO30,0.1,0.3,3d8f163b32752f2c33faec92380f4d688e0bfea773c09258d5aca0b8ff6b2cb2,True,True,0.00010000000000000286,-9.99999999999994e-05,1.0,1.0,1.0,1.0,True,True
149,P7_A_NULL_RHO0,0.0,0.0,5c218b8ba26b8bff825b40f47a00a93e7c10545c3726628e3981742d7033986a,True,True,0.0,0.0,0.0,0.0,1.0,1.0,True,True
149,P7_B_NULL_RHO30,0.0,0.3,8d6a938adf0b74c33d8030fb267f8d5904643855dcc3da04069e69c738c51016,True,True,0.0,0.0,0.0,0.0,1.0,1.0,True,True
149,P7_C_EFFECT_RHO0,0.1,0.0,5db0c12f8d8dceda467d2b4c2118d1515c6c39488cfedb20cd28f1c49b15859a,True,True,0.0,0.0,1.0,1.0,1.0,1.0,True,True
149,P7_D_EFFECT_RHO30,0.1,0.3,ae37f031d33bcf55e4d753b4ef1dea2cd6f2216c96fc73eaa19701967a8acd2b,True,True,0.0,0.0,1.0,1.0,1.0,1.0,True,True
150,P7_A_NULL_RHO0,0.0,0.0,4a1c449ce8da9e910ad7415b61cfe0f3fc2b5f470ec1f5a3362d36286902e916,True,True,0.0,0.0,0.0,0.0,1.0,1.0,True,True
150,P7_B_NULL_RHO30,0.0,0.3,3e9fc2fcf82c2b8b52f4ceeba469e55f9704c2721f43ec4fde4e8df62904eb0c,True,True,0.0,0.0,0.0,0.0,1.0,1.0,True,True
150,P7_C_EFFECT_RHO0,0.1,0.0,0194378b108bb8e494dcfa7bbac8f6b8ccf05645eeb11aba3f419a8b912c7a36,True,True,-9.999999999998899e-05,-0.00020000000000000226,1.0,1.0,1.0,1.0,True,False
150,P7_D_EFFECT_RHO30,0.1,0.3,91776ce825c208cafb2d679efd60e4916211802a9b78f2cdb6ff8690502aa144,True,True,-0.00010000000000000286,-9.99999999999994e-05,1.0,1.0,1.0,1.0,True,False
151,P7_A_NULL_RHO0,0.0,0.0,2ae3c0ddba66110c79d970a33493d624174da921979f0b08534a6d77354e3b4a,True,True,0.0,-9.99999999999994e-05,0.0,0.0,1.0,1.0,True,True
151,P7_B_NULL_RHO30,0.0,0.3,54ce021c531d69484e064c199d47bee39145c36d3f55dab749725449accbcb5f,True,True,-9.99999999999994e-05,-0.0001999999999999988,0.0,0.0,1.0,1.0,True,True
151,P7_C_EFFECT_RHO0,0.1,0.0,6341245acc429ca70262e05e6c1068c0bcde8b6259c448f68180a076ec734031,True,True,0.0003999999999999976,-0.0016000000000000007,1.0,1.0,1.0,1.0,True,True
151,P7_D_EFFECT_RHO30,0.1,0.3,9ace4648bf66f8719265c1b716e9fa887e374f46c86ecb5cae9fd940b3b999aa,True,True,0.0003999999999999976,-0.0013999999999999985,1.0,1.0,1.0,1.0,True,True
152,P7_A_NULL_RHO0,0.0,0.0,9c5a586adece637911ee27975b93ed4d88a23aa2fbe9c431de51ac31d1bb8643,True,True,0.0,0.0,0.0,0.0,1.0,1.0,True,True
152,P7_B_NULL_RHO30,0.0,0.3,c6a08aa2ddcf02d237eacceee819a6f14137e9adbd56a5ec45efa87421d5f8cb,True,True,0.0,0.0,0.0,0.0,1.0,1.0,True,True
152,P7_C_EFFECT_RHO0,0.1,0.0,9393a9de81b139fa1e308164e6e77ce480464bbd1f701904a6390ec5e2b24280,True,True,0.00010000000000000286,-9.99999999999994e-05,1.0,1.0,1.0,1.0,True,True
152,P7_D_EFFECT_RHO30,0.1,0.3,4ca51efab9afc3cb17ca7fa801b5a1aa1633c8c19d1214792eaa91ca3cd81c6f,True,True,0.0,-9.99999999999994e-05,1.0,1.0,1.0,1.0,True,True
153,P7_A_NULL_RHO0,0.0,0.0,0b45a9fd38aabb1a9d70c4784bc6a1163affbc96199d8f675e0d06613ab0849d,True,True,0.0012999999999999956,-0.001299999999999999,1.0,1.0,0.0,0.0,True,True
153,P7_B_NULL_RHO30,0.0,0.3,0a9a184e85fbdd692d6fbc45ea90828eff9e5db436cc529c5d7f3452f4936659,True,True,0.0012000000000000066,-0.0011999999999999997,1.0,1.0,0.0,0.0,True,True
153,P7_C_EFFECT_RHO0,0.1,0.0,f1f917d1d2c7036ac2432594c7f1844942464c4517e07031ea1dff5c63cc9db4,True,True,0.0012999999999999956,-0.001400000000000002,1.0,1.0,0.0,0.0,True,True
153,P7_D_EFFECT_RHO30,0.1,0.3,69e0b01825f05e9962b3244eec319b096c0a4ce07054dab21b4f71a56880177f,True,True,0.0012999999999999956,-0.0013000000000000025,1.0,1.0,0.0,0.0,True,True
154,P7_A_NULL_RHO0,0.0,0.0,b4326e1c5d13a2da0a576cc2741a8f89a6592eeada2b2bafa8c6a229f52e8418,True,True,0.0,0.0,0.0,0.0,1.0,1.0,True,True
154,P7_B_NULL_RHO30,0.0,0.3,4429d7a137b9afcfa02ed863214fc09faa5553d5fbcdfbb29ed44f17978029a8,True,True,0.0,0.0,0.0,0.0,1.0,1.0,True,True
154,P7_C_EFFECT_RHO0,0.1,0.0,c4f171ab50c8d28faf32a93a0a7583967fe4c52f46a1af96b8634a3e65bbfdd7,True,True,0.0,0.0,1.0,1.0,1.0,1.0,True,True
154,P7_D_EFFECT_RHO30,0.1,0.3,6beb9d94fb42977966e6743463fb1166500659f79c2a9a5a6d12dd7072b7b753,True,True,0.0,0.0,1.0,1.0,1.0,1.0,True,True
155,P7_A_NULL_RHO0,0.0,0.0,a3467c667a13d1c2da7025ed1d6b46388992e91e727e357f8674e57f3864776a,True,True,0.0,0.0,0.0,0.0,1.0,1.0,True,False
155,P7_B_NULL_RHO30,0.0,0.3,0007e77127e615602231f7a37bb3d87a601e12db4faea86acbbdb9605cc7e261,True,True,-0.00010000000000000113,-9.99999999999994e-05,0.0,0.0,1.0,1.0,True,False
155,P7_C_EFFECT_RHO0,0.1,0.0,469c4719be238312e3097096a0e89526f4ab1de1bae922726ecfac57b6115420,True,True,-9.999999999998899e-05,0.0,1.0,1.0,1.0,1.0,True,True
155,P7_D_EFFECT_RHO30,0.1,0.3,1d7855b1f4e157847e71145e395239777111d920a823c0273e2cba91be507d30,True,True,0.0,0.0,1.0,1.0,1.0,1.0,True,True
156,P7_A_NULL_RHO0,0.0,0.0,6a20438eab5b30cf152f2bf2258d12b63af265fc6c44e587dbde147a1e1da651,True,True,9.99999999999994e-05,-0.00040000000000000105,0.0,0.0,1.0,1.0,True,True
156,P7_B_NULL_RHO30,0.0,0.3,b0206fb5d31707f7aa01afb66e3332e34e45a0b11c3ba61782c6a14075a07388,True,True,0.00019999999999999966,-0.00040000000000000105,0.0,0.0,1.0,1.0,True,True
156,P7_C_EFFECT_RHO0,0.1,0.0,cb9bfe79c4727abcb5c77b000825bea963f1fee30eee05b5268580ab29a3f78e,True,True,0.0,0.0,1.0,1.0,1.0,1.0,True,True
156,P7_D_EFFECT_RHO30,0.1,0.3,d7e39ff777cdbbc351111aeaa5462c4a5b0e33857482b14c330791a1002f0115,True,True,0.00010000000000000286,-0.0005000000000000004,1.0,1.0,1.0,1.0,True,True
157,P7_A_NULL_RHO0,0.0,0.0,ea0577d981b709eef47723cb21ebe41330e25fb14d264abe7cd7189b90cd0d8a,True,True,0.0,0.0,0.0,0.0,1.0,1.0,True,True
157,P7_B_NULL_RHO30,0.0,0.3,c91c38ff75041daed43ca1a473d897f64104634acb084a7370530eaeebe45fb2,True,True,0.0,0.0,0.0,0.0,1.0,1.0,True,True
157,P7_C_EFFECT_RHO0,0.1,0.0,063d7e3584cae6295612325fb87286ba4c9f1675a9cf90ced59b5835f79bb383,True,True,0.0,0.0,1.0,1.0,1.0,1.0,True,True
157,P7_D_EFFECT_RHO30,0.1,0.3,6400844a4ffa912471ac3d25d20d200cd055e3407e99d92828172a435d0bf867,True,True,0.0,0.0,1.0,1.0,1.0,1.0,True,True
158,P7_A_NULL_RHO0,0.0,0.0,ee8f68f2a130be315fbeba31eb934a74a8692cbb57068bd2055717b153454737,True,True,0.0,0.0,1.0,1.0,0.0,0.0,True,True
158,P7_B_NULL_RHO30,0.0,0.3,fd01335b603682c05c3153f7be2c4e3fdf177952aab11196982839d590ef959b,True,True,0.0,0.0,1.0,1.0,0.0,0.0,True,True
158,P7_C_EFFECT_RHO0,0.1,0.0,3e6559a951902f00a66d3b043633b1d405970e8651762a5d3857ac5e8210d7a3,True,True,0.0,0.0,1.0,1.0,1.0,1.0,True,True
158,P7_D_EFFECT_RHO30,0.1,0.3,e50c7b972362e0551ad1a0e1fda1d52f70f96a4aa78f611e9e6a9d9db5bf25e9,True,True,0.0,0.0,1.0,1.0,1.0,1.0,True,True
159,P7_A_NULL_RHO0,0.0,0.0,125457057958f0a42a03db29248549c58df3e5d6847e97c5f2ff29a6f36a2f14,True,True,-0.0002999999999999999,-0.0005000000000000004,0.0,0.0,1.0,1.0,True,False
159,P7_B_NULL_RHO30,0.0,0.3,477e777fc4423b3b2ee218926405941d98e9570675ab11a18262e6c87ac985a2,True,True,-0.0002999999999999999,-0.0005000000000000004,0.0,0.0,1.0,1.0,True,False
159,P7_C_EFFECT_RHO0,0.1,0.0,3b7e7cc004ff719697e3ab2e571652f8ec33fea961ba7c6bfe1077f07b68fb61,True,True,-0.0002999999999999947,-0.0005999999999999998,1.0,1.0,1.0,1.0,True,False
159,P7_D_EFFECT_RHO30,0.1,0.3,f15f7fbb460c375ff6ce71115cdea7427ab65ad940a605e4f33861c2ceb792ca,True,True,-0.0002999999999999947,-0.0005000000000000004,1.0,1.0,1.0,1.0,True,False
160,P7_A_NULL_RHO0,0.0,0.0,679b363713f179e5e46d4abb98a748626ca391ddd39f7faf182b7a0aa52b5de4,True,True,0.00020000000000000226,0.0,0.0,0.0,1.0,1.0,True,True
160,P7_B_NULL_RHO30,0.0,0.3,665a1705b0fa3bd2c15ad99829c1b199cf4a1b6e0fd5b986be2735177c15e41e,True,True,0.00020000000000000226,0.0,0.0,0.0,1.0,1.0,True,True
160,P7_C_EFFECT_RHO0,0.1,0.0,1b0ce9480e68eacc5cdc1028ed52bcd14037b0ab9a68b75bfc34f5226cbd4984,True,True,0.00020000000000000573,-0.00010000000000000286,1.0,1.0,1.0,1.0,True,True
160,P7_D_EFFECT_RHO30,0.1,0.3,5ab46517426fee4a3f513dbb48b258c1333b6f6f7c18f369974c2c3395bdd061,True,True,0.00020000000000000573,-0.00010000000000000286,1.0,1.0,1.0,1.0,True,True
161,P7_A_NULL_RHO0,0.0,0.0,12a22d341bed80da6be9c710f94a0a1cc4cbc6780a30f882f27dec788b989cb9,True,True,0.0,-0.0015000000000000013,0.0,0.0,1.0,1.0,True,True
161,P7_B_NULL_RHO30,0.0,0.3,0ecebcea1ed40da25f183454326ec6de486a68f7cd65b286add1df2ccdd04d55,True,True,0.0,-0.0015000000000000013,0.0,1.0,1.0,0.0,True,True
161,P7_C_EFFECT_RHO0,0.1,0.0,d8ece45ef0c1208dca848e41f4149084130b4388026627c3c543e8395cfe818d,True,True,0.0,-0.002100000000000001,1.0,1.0,1.0,1.0,True,True
161,P7_D_EFFECT_RHO30,0.1,0.3,c27f2a81338e6eb94b79fa1092ca754d1108aa721a90603cb7cd2cf5ee33f46c,True,True,-9.999999999998899e-05,-0.0020000000000000018,1.0,1.0,1.0,1.0,True,True
162,P7_A_NULL_RHO0,0.0,0.0,aaae3fe92a57a03dcceff1ebe94955ad817be3c60e0830cb3e2a2e216357c02b,True,True,0.0,0.0,0.0,0.0,1.0,1.0,True,True
162,P7_B_NULL_RHO30,0.0,0.3,3506bee11aaa13fc2fbcbddb7779eb319fc008d4391551f94e0465c109c1f606,True,True,0.0,0.0,0.0,0.0,1.0,1.0,True,True
162,P7_C_EFFECT_RHO0,0.1,0.0,b0dd53562ec3fc5fac17b83fc27729fb5990de1f2fbb1f8b2402403654a18eac,True,True,0.0,-0.00020000000000000226,1.0,1.0,1.0,1.0,True,True
162,P7_D_EFFECT_RHO30,0.1,0.3,c314843e5c63c34071038d15cd928c0d51a67f9497e71565ae08613c06500df1,True,True,-0.00010000000000000286,-0.00020000000000000226,1.0,1.0,1.0,1.0,True,True
163,P7_A_NULL_RHO0,0.0,0.0,f495a939b80cbe8e8b560febe86b717d11c6dd459f5c331f4183a542313caf46,True,True,0.0,0.0,0.0,0.0,1.0,1.0,True,True
163,P7_B_NULL_RHO30,0.0,0.3,e130bef9654925cb141dcbab319fe68ff23e14038fb628516cbedb5f61a82b4e,True,True,0.0,0.0,0.0,0.0,1.0,1.0,True,True
163,P7_C_EFFECT_RHO0,0.1,0.0,cb55e14aceb9dd86fe244b11bb425e292b91fabaf0af65616eace85f7a3f1100,True,True,0.0,0.0,1.0,1.0,1.0,1.0,True,True
163,P7_D_EFFECT_RHO30,0.1,0.3,ef8ca028b68055cd9410be5718b2ad267e5cfa451f2ceaea0e43788ed5909988,True,True,0.0,0.0,1.0,1.0,1.0,1.0,True,True
164,P7_A_NULL_RHO0,0.0,0.0,d3556e981e0557c10428dd7985aa8b827a3fb450a0dfd5555780a6b1c602942f,True,True,9.99999999999994e-05,0.0,0.0,0.0,1.0,1.0,True,True
164,P7_B_NULL_RHO30,0.0,0.3,f0bebcf1b92a04483c32005aafa4ad468eba890cf9fd1052941d80738663b2df,True,True,0.0,0.0,0.0,0.0,1.0,1.0,True,True
164,P7_C_EFFECT_RHO0,0.1,0.0,bc78bb5ddd17273cc26b8f8aa990f097d11f68dabc1c26ef49683298857395ea,True,True,0.00020000000000000573,-0.00020000000000000226,1.0,1.0,1.0,1.0,True,True
164,P7_D_EFFECT_RHO30,0.1,0.3,cfda7865629240c562d87a25bfe13bc0fa6a92b340bcc0d3c4aef471291618d6,True,True,0.00020000000000000573,-0.00020000000000000226,1.0,1.0,1.0,1.0,True,True
165,P7_A_NULL_RHO0,0.0,0.0,07516d71cd433cb5ac91d1665ba05e5c37c811735d382f9e6aaecc7259f4f15c,True,True,0.0,0.0,0.0,0.0,1.0,1.0,True,True
165,P7_B_NULL_RHO30,0.0,0.3,f4202ae1d70c465fd96de433a056f3f24c962455c2065fb5a34cdc84766e1e70,True,True,0.0,0.0,0.0,0.0,1.0,1.0,True,True
165,P7_C_EFFECT_RHO0,0.1,0.0,af47f52e582ba31ab90fc17a84de091424a52b402e0304c9e6125d9ad2b6b356,True,True,0.0,0.0,1.0,1.0,1.0,1.0,True,True
165,P7_D_EFFECT_RHO30,0.1,0.3,4132c723904c287e8ff18aff044284b5fdb9c67dd6469aea09ac24212ed3a25c,True,True,0.0,0.0,1.0,1.0,1.0,1.0,True,True
166,P7_A_NULL_RHO0,0.0,0.0,a09bbf7dfbed86cbf53741816cf33677787a6067b46113fef8826cd5700c05df,True,True,0.0,-0.0002999999999999982,0.0,0.0,1.0,1.0,True,True
166,P7_B_NULL_RHO30,0.0,0.3,22d59432c3f5fb5d4f93dc5cb39fb9594ce9c7c3358e4155608a970c5e7d543a,True,True,0.0,0.0,0.0,0.0,1.0,1.0,True,True
166,P7_C_EFFECT_RHO0,0.1,0.0,9782810b268d038e330c2ec9b9b36d4d3493c65d81e1a4902f080ba200709c8f,True,True,0.0,-0.00040000000000000105,1.0,1.0,1.0,1.0,True,True
166,P7_D_EFFECT_RHO30,0.1,0.3,bfabb593f5ca0038128de5a8eff3b12efa39b2c77319a76d8435af1fdc9de7ee,True,True,0.0,-0.0002999999999999982,1.0,1.0,1.0,1.0,True,True
167,P7_A_NULL_RHO0,0.0,0.0,228afa7358fcc06458945c48a2224cc0dc782193c9170b56d148f66acf57a2b2,True,True,0.0007999999999999986,-0.0011000000000000003,0.0,0.0,1.0,1.0,True,True
167,P7_B_NULL_RHO30,0.0,0.3,4e801f3f2f5de018578ab188c53dbebdc798a41f3c9ddf00fd92e261b555e1cf,True,True,0.0007999999999999986,-0.0011000000000000003,0.0,0.0,1.0,1.0,True,True
167,P7_C_EFFECT_RHO0,0.1,0.0,4797270128655284d03a7e707a61bc675460aa34b62536bbd5f8f0fffc5ccaef,True,True,0.000899999999999998,-0.0013000000000000025,1.0,1.0,1.0,1.0,True,True
167,P7_D_EFFECT_RHO30,0.1,0.3,78388d14cb9e03677e968a90d8590da3b1a05eaa27681ef8aa0e43b751a72626,True,True,0.000999999999999987,-0.0011999999999999997,1.0,1.0,1.0,1.0,True,True
168,P7_A_NULL_RHO0,0.0,0.0,45c40dd8246a60074f4fa2f8ea448644f71ec4bf3baf33ce40745fa3cec17652,True,True,0.0,0.0,0.0,0.0,1.0,1.0,True,True
168,P7_B_NULL_RHO30,0.0,0.3,d4542b41552dddd1c34036b50843a8afcbf98b3b04b5a5f9b8d4a5de1ccfe4d0,True,True,0.0,0.0,0.0,0.0,1.0,1.0,True,True
168,P7_C_EFFECT_RHO0,0.1,0.0,d7beb92be413ff1d1f9158aceb59a8dcb0c599ecd517f7108f0a61ed7fe5297e,True,True,0.0,9.99999999999994e-05,1.0,1.0,1.0,1.0,False,True
168,P7_D_EFFECT_RHO30,0.1,0.3,d0fc78e8533ec041b9885be0ea8161e02fd2dfcf5c29cb534e359b716847e1ad,True,True,0.0,0.0,1.0,1.0,1.0,1.0,True,True
169,P7_A_NULL_RHO0,0.0,0.0,ddc0125f85443d2c761b08b4b667d3a8fa9d36e43b23edeb626c3eb87e0a9c86,True,True,0.00010000000000000026,-0.0005000000000000004,0.0,0.0,1.0,1.0,False,False
169,P7_B_NULL_RHO30,0.0,0.3,f2c2aab251423be3b70c107cc4e0bf3e070dfb075b681037937a13830cda4a29,True,True,0.0002000000000000001,-0.0003999999999999976,0.0,0.0,1.0,1.0,False,False
169,P7_C_EFFECT_RHO0,0.1,0.0,e60607a2c08a30633be79956e2ccd6b114fef8a4658b612ab1834db32b39c0eb,True,True,0.00010000000000000286,-0.00030000000000000165,1.0,1.0,1.0,1.0,False,False
169,P7_D_EFFECT_RHO30,0.1,0.3,9eceb030b0cba84a7b381a4956200ccc9d508c5a34b3e931681096f36c3d7cd3,True,True,0.00010000000000000286,-0.0001999999999999988,1.0,1.0,1.0,1.0,False,False
170,P7_A_NULL_RHO0,0.0,0.0,c6fdf07cb88adbf4d1a25f4829a2290f355182bdba6b6bafba9461bfbf3328bc,True,True,0.00010000000000000113,0.0,0.0,0.0,1.0,1.0,True,True
170,P7_B_NULL_RHO30,0.0,0.3,5bd025df5ea8e63ed0636259bdf7f567685511db044c70472fca5e13ededf9e8,True,True,0.00010000000000000113,0.0,0.0,0.0,1.0,1.0,True,True
170,P7_C_EFFECT_RHO0,0.1,0.0,76686424145915bde92e592d82d30ce59ebe7cbbe9677b6c440c86c623f3b1b2,True,True,-0.00020000000000000573,-0.00040000000000000105,1.0,1.0,1.0,1.0,True,True
170,P7_D_EFFECT_RHO30,0.1,0.3,457be36ec7236fe682a2603a7385644d5a64541d30391899866a23adf04518e0,True,True,-0.00019999999999999185,-0.00040000000000000105,1.0,1.0,1.0,1.0,True,True
171,P7_A_NULL_RHO0,0.0,0.0,0655c957641e4438bcc0402412409be4f46d10cd9ca51f3b6f96bfde1d564829,True,True,9.99999999999994e-05,-0.0001999999999999988,0.0,0.0,1.0,1.0,True,True
171,P7_B_NULL_RHO30,0.0,0.3,565f51fb215a067ca5750a42155d088dae227eac777c21585c61a3f357f774bb,True,True,0.0,-0.0005000000000000004,0.0,0.0,1.0,1.0,True,True
171,P7_C_EFFECT_RHO0,0.1,0.0,fcf7ff68371ecc0e85ea0e5006e244cdc82f72666c3623b80061c7b3636469de,True,True,0.0,-0.0008000000000000021,1.0,1.0,1.0,1.0,True,True
171,P7_D_EFFECT_RHO30,0.1,0.3,79296c3ec3e632d3a960a16052cffe6b6b23a34499f6721117e9a1e7ab049af9,True,True,0.0,-0.0009000000000000015,1.0,1.0,1.0,1.0,True,True
172,P7_A_NULL_RHO0,0.0,0.0,e5f23d5867267d608b12a9fcb107d034411b3c22a0c46eafe6e9f3b6ebdac701,True,True,0.0,-9.99999999999994e-05,0.0,0.0,1.0,1.0,True,True
172,P7_B_NULL_RHO30,0.0,0.3,e308116089d476d3c51763762ea4cc4fd1e9c24fd43d24f42256b50bf9cac0ce,True,True,-9.99999999999994e-05,-9.99999999999994e-05,0.0,0.0,1.0,1.0,True,True
172,P7_C_EFFECT_RHO0,0.1,0.0,2627495361ef69b12e1d5d60676b814ad461be45637a07d61bc023d65d0fb428,True,True,0.0,0.0,1.0,1.0,1.0,1.0,True,True
172,P7_D_EFFECT_RHO30,0.1,0.3,e311c7ce792dbc9ea0b60f40028495878022676fc6ebc5f29870d8ef5a200765,True,True,0.0,0.0,1.0,1.0,1.0,1.0,True,True
173,P7_A_NULL_RHO0,0.0,0.0,e97f3cf6d315873506fc74466e3eb8bf8948ce4780b1e1b23bf3d76c4576e81b,True,True,-9.99999999999994e-05,-0.0001999999999999988,0.0,0.0,1.0,1.0,True,False
173,P7_B_NULL_RHO30,0.0,0.3,e9777aae3366a8b86f1f5e99c20b53afbbccbba1f263c318a087d36139ee908e,True,True,-0.00010000000000000113,-0.0001999999999999988,0.0,0.0,1.0,1.0,True,False
173,P7_C_EFFECT_RHO0,0.1,0.0,9733f09d9a27fa7d4489a5b7b9d485033595d8ae91fe5d5b65250b276c695018,True,True,-0.00010000000000000286,-0.0001999999999999988,1.0,1.0,1.0,1.0,True,False
173,P7_D_EFFECT_RHO30,0.1,0.3,da23be66765d861b89e9e459eb05086b5a8b20313e93ec62288e5daeb01c0e63,True,True,-0.00010000000000000286,-0.0002999999999999982,1.0,1.0,1.0,1.0,True,False
174,P7_A_NULL_RHO0,0.0,0.0,f91ee75ca192d3d6900feafb335b5b9919925a579c15f630e9c3ad71cb72b086,True,True,0.0,0.0,0.0,0.0,1.0,1.0,True,True
174,P7_B_NULL_RHO30,0.0,0.3,de725d3c1bc021a917fde7df5b9f7781c16fbfeb72eac84db3ef32daeddf4a58,True,True,0.00010000000000000005,-0.00040000000000000105,0.0,0.0,1.0,1.0,True,True
174,P7_C_EFFECT_RHO0,0.1,0.0,f2ec8da232efb5beb58269d182b2c17bbd47f8b9391c9ac434284eaeecd70b77,True,True,0.00010000000000000286,-0.0005000000000000004,1.0,1.0,1.0,1.0,True,True
174,P7_D_EFFECT_RHO30,0.1,0.3,7deb4e5bec4c5eec1584b4ae95c11e5ddd707739c9d50c9b55c5ccfe62679e02,True,True,0.00010000000000000286,-0.00040000000000000105,1.0,1.0,1.0,1.0,True,True
175,P7_A_NULL_RHO0,0.0,0.0,bdec14d838d9aae42caf2ee19949f13d160e784673cda474a874021e58f99943,True,True,0.000899999999999998,-0.001400000000000002,0.0,0.0,1.0,1.0,True,True
175,P7_B_NULL_RHO30,0.0,0.3,6d646581ae3fae082f77d6e8b5d1d8f2a12e35d58fe66e3de8e665ba5a3073ce,True,True,0.0009000000000000015,-0.001299999999999999,0.0,0.0,1.0,1.0,True,True
175,P7_C_EFFECT_RHO0,0.1,0.0,99f02be08dccba0e66abeb43969cd85599976cdfcba30d9f0d1d343df7e263c6,True,True,0.000899999999999998,-0.0015000000000000013,1.0,1.0,1.0,1.0,True,True
175,P7_D_EFFECT_RHO30,0.1,0.3,2b4965852262843728319f0a9520479b92df8ae9cbe5c9d10a04deb5231b7e1a,True,True,0.000899999999999998,-0.0013000000000000025,1.0,1.0,1.0,1.0,True,True
176,P7_A_NULL_RHO0,0.0,0.0,ec783eff10f56d7161303f26d2624fda39de4aa698bbea5e237ed43107842347,True,True,0.0005000000000000004,-0.0006999999999999992,0.0,0.0,1.0,1.0,True,True
176,P7_B_NULL_RHO30,0.0,0.3,35470afda4d270ba5aaf857e43e13b95334021805224c4c56410b75fad9d096e,True,True,0.0005000000000000004,-0.0005999999999999998,0.0,0.0,1.0,1.0,True,True
176,P7_C_EFFECT_RHO0,0.1,0.0,133391a88232ab6733902f9b38618163ca131a5685677d3b569423aafe690191,True,True,0.0006000000000000033,-0.00040000000000000105,1.0,1.0,1.0,1.0,True,True
176,P7_D_EFFECT_RHO30,0.1,0.3,429921132b84a696a8c3795294c1c3e89cdb0d774263db06b95e853a22b336ca,True,True,0.0006000000000000033,-0.00040000000000000105,1.0,1.0,1.0,1.0,True,True
177,P7_A_NULL_RHO0,0.0,0.0,ede39714af462eba4cb1ffdff3406a2bdc5bea41c21f80adca9def3f3a2b4259,True,True,0.00010000000000000286,0.0,0.0,0.0,1.0,1.0,True,True
177,P7_B_NULL_RHO30,0.0,0.3,bae454b4a621ac3a62a70238c23237a9e829ebf64054fe24e1a223d7989ca0ff,True,True,0.0,0.0,0.0,0.0,1.0,1.0,True,True
177,P7_C_EFFECT_RHO0,0.1,0.0,75848d0576f36ce07ddcb79cca123d1eeb1b017ea39887b20d1e90853a89bae2,True,True,-9.999999999998899e-05,0.0,1.0,1.0,1.0,1.0,True,True
177,P7_D_EFFECT_RHO30,0.1,0.3,83f8d300cdd5c1ba9867466e376254683db6c1efe09acb5cb8f64506bee34780,True,True,-0.00010000000000000286,0.0,1.0,1.0,1.0,1.0,True,True
178,P7_A_NULL_RHO0,0.0,0.0,8cf6133cca9b6102d315ceecd78b67a25ff45f5aae925ae89f53e163cc5691b2,True,True,0.0004000000000000002,-9.99999999999994e-05,0.0,0.0,1.0,1.0,True,True
178,P7_B_NULL_RHO30,0.0,0.3,7191ec771ece4d46bcd7577b4ed76aeed0ad078f96217ec9f73bf3351a25e6cf,True,True,0.0002999999999999999,-9.99999999999994e-05,0.0,0.0,1.0,1.0,True,True
178,P7_C_EFFECT_RHO0,0.1,0.0,5b30f1cafd04dc52297fd47b34dab5169dc3a5917883467f55711e00f025b489,True,True,0.0003999999999999976,-9.99999999999994e-05,1.0,1.0,1.0,1.0,True,True
178,P7_D_EFFECT_RHO30,0.1,0.3,9420e8d495437c875afe6e2fe33d80e175995a2b3db60741a3a4afb682b5bdcc,True,True,0.0002999999999999947,-9.99999999999994e-05,1.0,1.0,1.0,1.0,True,True
179,P7_A_NULL_RHO0,0.0,0.0,95e8a02c04fc3fd646e4758ef70eec653a2fda2f9543404ad10ea6b30c32136c,True,True,0.0006999999999999992,-0.002700000000000001,0.0,0.0,1.0,1.0,True,True
179,P7_B_NULL_RHO30,0.0,0.3,1274bf22156159e71dbcc447c1f808bd99465a4b9f94e0429dbd117d24d898c7,True,True,0.0006999999999999992,-0.0024999999999999988,0.0,0.0,1.0,1.0,True,True
179,P7_C_EFFECT_RHO0,0.1,0.0,2f74c702cb7273ade707d6c75bb055d5e6e23b2b7c27a40ab07936793a963679,True,True,0.0006999999999999992,-0.0025000000000000022,1.0,1.0,1.0,0.0,True,True
179,P7_D_EFFECT_RHO30,0.1,0.3,56805e025ccb95d7f2ecd74f07235471637d404f528c386513d0257df2155929,True,True,0.0006999999999999992,-0.0023999999999999994,1.0,1.0,1.0,0.0,True,True
180,P7_A_NULL_RHO0,0.0,0.0,be9fd95a7f15b75f320a75793de43cd2bb3215ab957de72fb2f11ca099b2d91e,True,True,0.0,0.0,0.0,0.0,1.0,1.0,True,True
180,P7_B_NULL_RHO30,0.0,0.3,abb216bfed98e18239b3395b77793fb5cb2f70d93b0f5214d893c884cffaf66d,True,True,0.0,0.0,0.0,0.0,1.0,1.0,True,True
180,P7_C_EFFECT_RHO0,0.1,0.0,9f0500b9aeefb3d314a9007bd86bad8cb97fe1521bd88588f3df4917c6ad45af,True,True,0.0,0.0,1.0,1.0,1.0,1.0,True,True
180,P7_D_EFFECT_RHO30,0.1,0.3,62478b02f2458d210f0fa5a2c71e0d7cf084a50c9ac9dc0bfa95770f4f549ac1,True,True,0.0,0.0,1.0,1.0,1.0,1.0,True,True
181,P7_A_NULL_RHO0,0.0,0.0,b20a119b3100f4e27197a07c0a0d6e3aeb54975f847e1e1201ea3e46731d8118,True,True,0.0,-9.99999999999994e-05,0.0,0.0,1.0,1.0,True,True
181,P7_B_NULL_RHO30,0.0,0.3,18a0680fa2b95b1db074974e399f888504549283ea51586a11f5ffb927c50a18,True,True,0.0,-9.99999999999994e-05,0.0,0.0,1.0,1.0,True,True
181,P7_C_EFFECT_RHO0,0.1,0.0,141e387a7764a9dfc28b68feffcae6e4e0ee88f9c7c61a73381774de2c4310de,True,True,0.0,0.0,1.0,1.0,1.0,1.0,True,True
181,P7_D_EFFECT_RHO30,0.1,0.3,c9897cfe991df59ecaae28162c8d0af3c9c13a26396879dd60f021bbfe36f4ef,True,True,0.0,0.0,1.0,1.0,1.0,1.0,True,True
182,P7_A_NULL_RHO0,0.0,0.0,c5fc519af5fcece18b4d2bfb2120748d828141346f720c7cea016d3d50bf387f,True,True,0.0,-0.0001999999999999988,0.0,0.0,1.0,1.0,False,False
182,P7_B_NULL_RHO30,0.0,0.3,1e10ee5db575d25d0ff7e6b673bdd56b8f4d0beff58a7c334de9b89eec84a523,True,True,0.0,-0.00020000000000000226,0.0,0.0,1.0,1.0,False,False
182,P7_C_EFFECT_RHO0,0.1,0.0,ca8fdc419c1feca6c19c0d5b95165609d71d0c85241d5962fd932191036c0b68,True,True,0.00010000000000000286,-0.00040000000000000105,1.0,1.0,1.0,1.0,False,False
182,P7_D_EFFECT_RHO30,0.1,0.3,21ae6cb71cd7f5d2cf5ea83cee352a5bbe53607238c47b1990aee9a7fbd35597,True,True,9.999999999998899e-05,-0.00030000000000000165,1.0,1.0,1.0,1.0,False,False
183,P7_A_NULL_RHO0,0.0,0.0,19a19677d3e91711650667465a65506245f36b46076d154ea02105cd4eccdb1e,True,True,0.0,0.0,1.0,1.0,0.0,0.0,True,True
183,P7_B_NULL_RHO30,0.0,0.3,8b28f848e1559c5fb3a7e642d49963f0239902759d0d9422d28dba081a66f5b7,True,True,0.0,0.0,1.0,1.0,0.0,0.0,True,True
183,P7_C_EFFECT_RHO0,0.1,0.0,ad0bf81174f85e4c073a751181703739fa09e99aceab17f613ea772c53b1ad0e,True,True,0.0001999999999999988,-0.0017000000000000001,1.0,1.0,0.0,0.0,True,True
183,P7_D_EFFECT_RHO30,0.1,0.3,908014615abaa679aa4c9f12d1be66b66fa06bb1cb35ec4238be3b3298dd8a84,True,True,0.0001999999999999988,-0.0016000000000000007,1.0,1.0,0.0,0.0,True,True
184,P7_A_NULL_RHO0,0.0,0.0,d31b51e475dc4b52ca37ee087841800b1c549af05a4fb74152f2397cdab599d8,True,True,-9.99999999999994e-05,-0.00030000000000000165,0.0,0.0,1.0,1.0,True,True
184,P7_B_NULL_RHO30,0.0,0.3,72300ff4970936eb37ff58a78944a32c379089fdfdbef6bf4c6ff097bb8cb551,True,True,-9.99999999999994e-05,-0.00030000000000000165,0.0,0.0,1.0,1.0,True,True
184,P7_C_EFFECT_RHO0,0.1,0.0,34633c82c71705461bb35b9ef30cdd90cb7583a904ca3f4e78c9cc1b4117e9d0,True,True,0.0,0.00010000000000000286,1.0,1.0,1.0,1.0,True,True
184,P7_D_EFFECT_RHO30,0.1,0.3,1ebae0c126dae5fc71a86e0ff16b05ca9fa86b39232c636d00209ee4a44b5719,True,True,-0.00010000000000000286,0.00010000000000000286,1.0,1.0,1.0,1.0,True,True
185,P7_A_NULL_RHO0,0.0,0.0,166e062c163b3fd5ffcbbdc991d17e66b16b05609c611a98ddefe3ca17edab0f,True,True,-0.00010000000000000026,-0.00020000000000000226,0.0,0.0,1.0,1.0,True,True
185,P7_B_NULL_RHO30,0.0,0.3,45846448b99355174cc0e4ce75ae3f7d75344378cda6585a4fba9e0985fd2164,True,True,-9.999999999999983e-05,-0.00020000000000000226,0.0,0.0,1.0,1.0,True,True
185,P7_C_EFFECT_RHO0,0.1,0.0,81ce465ff75e374590ab788a23b131baec52fd424ee082c4e3f5c9afb5b0730a,True,True,-0.00010000000000000286,-0.0001999999999999988,1.0,1.0,1.0,1.0,True,True
185,P7_D_EFFECT_RHO30,0.1,0.3,d9c43dd0b4acd19a8ffc02a26216934f6adb60bf60a1478a5a3d40dbc8c1bdb7,True,True,-0.00019999999999999185,-0.0002999999999999982,1.0,1.0,1.0,1.0,True,True
186,P7_A_NULL_RHO0,0.0,0.0,9b9921eb3c22ce017f333e7aff448d7e6cfae9c1a951a7fbe3bdcca0abe980da,True,True,0.0,0.0,0.0,0.0,1.0,1.0,True,True
186,P7_B_NULL_RHO30,0.0,0.3,3fcf9062f534096f3d7d79a105b3b3e79d029246d3a077f5b82ab72d4cd81d37,True,True,0.0,0.0,0.0,0.0,1.0,1.0,True,True
186,P7_C_EFFECT_RHO0,0.1,0.0,e899c27257565adbabb6e3bd62f276dda41c65381ceb9cbb98559241ebc01837,True,True,0.0,0.0,1.0,1.0,1.0,1.0,True,True
186,P7_D_EFFECT_RHO30,0.1,0.3,9dc292ab2d5bb5ed37cc7c0c17761cc022579ed83871cab1422433f49403801c,True,True,0.0,0.0,1.0,1.0,1.0,1.0,True,True
187,P7_A_NULL_RHO0,0.0,0.0,1dad3dfda352e48a33c34b35ecd9bff2e4829d9c0baa2a8ea899d3601a720916,True,True,0.0,9.99999999999994e-05,0.0,0.0,1.0,1.0,True,True
187,P7_B_NULL_RHO30,0.0,0.3,5c0028b52f9abba5040065902b39d19f2742c910f337d1e99887016353e176c9,True,True,0.0,0.0,0.0,0.0,1.0,1.0,True,True
187,P7_C_EFFECT_RHO0,0.1,0.0,4b40a89dbd1b1a2d641bed766fa1433bf1181d9e8e0721d9b4afea3c08319ace,True,True,-0.00010000000000000286,-0.00020000000000000226,1.0,1.0,1.0,1.0,True,False
187,P7_D_EFFECT_RHO30,0.1,0.3,1a7a9b7c47ff770f99b9646a5e81245c5007f8c9a7be7074e02a34dad4323232,True,True,0.0,-9.99999999999994e-05,1.0,1.0,1.0,1.0,True,False
188,P7_A_NULL_RHO0,0.0,0.0,6e1b7cc1d3bdb071be2c4e6c54500a5de2a162683b664bfc5e97136cff82eaf8,True,True,0.0005,-0.0007999999999999986,0.0,0.0,1.0,1.0,True,True
188,P7_B_NULL_RHO30,0.0,0.3,cef8d0f690cfc35b89a7d826038c63782a459546e2c72729f7e3ca57ee279231,True,True,0.0005,-0.0006999999999999992,0.0,0.0,1.0,1.0,True,True
188,P7_C_EFFECT_RHO0,0.1,0.0,0ab16dd4a5ea6506e645f4f6883765a194a00d046609474af3e8a9279115f6de,True,True,0.0005000000000000004,-0.0007000000000000027,1.0,1.0,1.0,1.0,True,True
188,P7_D_EFFECT_RHO30,0.1,0.3,33eaeae27a1fd9ec681e081936219fbd5dbc849ed03ff95e015bcad9252937b5,True,True,0.0006000000000000033,-0.0007000000000000027,1.0,1.0,1.0,1.0,True,True
189,P7_A_NULL_RHO0,0.0,0.0,71853ceb64aff9965cf1ff646c940934c90d03f3f891fd844ac5bb36b0f4c85e,True,True,0.0,0.0,0.0,0.0,1.0,1.0,True,True
189,P7_B_NULL_RHO30,0.0,0.3,e2686b3cdcd37fa64ade2363c74703f6995024a04cc8b63344afa2fe04dbc2b6,True,True,0.0,-9.99999999999994e-05,0.0,0.0,1.0,1.0,True,False
189,P7_C_EFFECT_RHO0,0.1,0.0,e3ba74b77b53d8737b44659c7064d10896c7d3f1c6a53159ad8af75b83ee5b27,True,True,0.0,-0.0010000000000000009,1.0,1.0,1.0,1.0,True,True
189,P7_D_EFFECT_RHO30,0.1,0.3,0d2f7fb8c06aee693749ad2a0089d96cd1d1f243bb292d9096854f96753cc99d,True,True,0.0,-0.0009000000000000015,1.0,1.0,1.0,1.0,True,True
190,P7_A_NULL_RHO0,0.0,0.0,304005c579c27fddf9f4cfc3ff0cc2b5716fbaa32bce81b7f183e89fe1441e5e,True,True,0.0,0.0,0.0,0.0,1.0,1.0,True,True
190,P7_B_NULL_RHO30,0.0,0.3,0bc5456b52d591d739cde430d59244db65ccf237b83f71b722cdeb3149c86223,True,True,0.0,0.0,0.0,0.0,1.0,1.0,True,True
190,P7_C_EFFECT_RHO0,0.1,0.0,359d0a9d9b56597f7fa0589ea9fbf374f547f56ad711c4f955edfe35b5b668c6,True,True,0.0,0.0,1.0,1.0,1.0,1.0,False,True
190,P7_D_EFFECT_RHO30,0.1,0.3,0cd6523568f68ba3133b1abaef04fc0df07c4d9ec121da700b6cece180f00b46,True,True,0.0,0.0,1.0,1.0,1.0,1.0,False,True
191,P7_A_NULL_RHO0,0.0,0.0,5a3a0d8fd7a163290df579d83eefd2e0e5b7055fa388b335446bbe91684fb46f,True,True,0.0,0.0,0.0,0.0,1.0,1.0,True,True
191,P7_B_NULL_RHO30,0.0,0.3,2cad9e759bd103f040eac67b34b1d87211e0e9d9e8370e6fedfdf453f376b3ef,True,True,0.0,0.0,0.0,0.0,1.0,1.0,True,True
191,P7_C_EFFECT_RHO0,0.1,0.0,50e279be1289f654fd18058445ae76c621c42121b51dbe9fc351cf5e32af25c5,True,True,0.0,0.0,1.0,1.0,1.0,1.0,True,True
191,P7_D_EFFECT_RHO30,0.1,0.3,6e4ba5d99e4364a370dc983f6c1b1deba18ad8b33be477020ae244423ee90c8c,True,True,0.0,0.0,1.0,1.0,1.0,1.0,True,True
192,P7_A_NULL_RHO0,0.0,0.0,6e74e75869fd3c543bd14118db92be9e19789c52b9db2ef5cbd56009fefe4d9c,True,True,-0.0005999999999999998,-0.0009000000000000015,0.0,0.0,1.0,1.0,True,True
192,P7_B_NULL_RHO30,0.0,0.3,46260021cd34016a460afff7172567b2f922f8abc9a04477aefc7b9e3b83b758,True,True,-0.0005000000000000004,-0.0009000000000000015,0.0,0.0,1.0,1.0,True,True
192,P7_C_EFFECT_RHO0,0.1,0.0,9aad3ba2f5140077e777591be1abb74f1a33042b52c6d9fb2abe83e6e8398265,True,True,-0.0006000000000000172,-0.0011000000000000003,1.0,1.0,1.0,1.0,True,True
192,P7_D_EFFECT_RHO30,0.1,0.3,3f9abaa1a31ed8624a9ba7b290bb762e170d6b2d3fdb1dd52861ae2ea4d0abb2,True,True,-0.0007000000000000062,-0.0011999999999999997,1.0,1.0,1.0,1.0,True,True
193,P7_A_NULL_RHO0,0.0,0.0,aa0e99c337ea7239d46af69e669d165f55f074918f6a0625e5009b23b79ecb8c,True,True,-0.00010000000000000026,-0.0001999999999999988,0.0,0.0,1.0,1.0,True,True
193,P7_B_NULL_RHO30,0.0,0.3,15699b507aacd088d77aa64c7851615531a7b84c58d4d8bae10c752482a72135,True,True,-0.0002999999999999999,-0.0005000000000000004,0.0,0.0,1.0,1.0,True,True
193,P7_C_EFFECT_RHO0,0.1,0.0,8978c153e0f53326eb5f36894bd37bd4fa8f05cceced4f025e1aab68a541893b,True,True,-0.0003000000000000086,0.0,1.0,1.0,1.0,1.0,True,False
193,P7_D_EFFECT_RHO30,0.1,0.3,74c0cc9ef6934787258768e5a8b759910733d64ea9d0b528de3458cf69c00f58,True,True,-0.00019999999999999185,0.0001999999999999988,1.0,1.0,1.0,1.0,True,False
194,P7_A_NULL_RHO0,0.0,0.0,1e10d1e48ed82b27523a0bac4109cfc4bd308d2d606d4e79ae78e69d1c3663e7,True,True,0.0,0.0,0.0,0.0,1.0,1.0,True,True
194,P7_B_NULL_RHO30,0.0,0.3,714b0e3bdf3cdf252e9233b1d9c2f39bcd53847adf5ace89bf7c1bc9e273e0f0,True,True,0.0,0.0,0.0,0.0,1.0,1.0,True,True
194,P7_C_EFFECT_RHO0,0.1,0.0,ae4ec88144ab86374d09ec7e0a8fec0ecc261b2017c8541732e02964eef9c9f6,True,True,0.0,0.0,1.0,1.0,1.0,1.0,True,True
194,P7_D_EFFECT_RHO30,0.1,0.3,8f52e1424aa2e795843ebca0337d0966d6d8f23b5dc4746161f9aab9f3ae4c47,True,True,0.0,0.0,1.0,1.0,1.0,1.0,True,True
195,P7_A_NULL_RHO0,0.0,0.0,5e39fd0019691b32a4effcfc03a96863e264c57bf5ea9348fe7b099b0bd0f188,True,True,0.0,-0.0001999999999999988,0.0,0.0,1.0,1.0,True,True
195,P7_B_NULL_RHO30,0.0,0.3,36ec644e95269b84d07347e164c43fd35351412a5e17aa48c54c1e92df8ac9a4,True,True,-9.99999999999994e-05,-9.99999999999994e-05,0.0,0.0,1.0,1.0,True,True
195,P7_C_EFFECT_RHO0,0.1,0.0,a6c452d2adcc0de36f42e8240a45364c240d5135e7dd4a2fe40a7dc918e1f0af,True,True,0.00010000000000000286,-0.000499999999999997,1.0,1.0,1.0,1.0,True,True
195,P7_D_EFFECT_RHO30,0.1,0.3,18c96722790d1fbfb7d52122d8c21fb35b38003ebb40a8ced67c713638ce0456,True,True,0.0,-0.00040000000000000105,1.0,1.0,1.0,1.0,True,True
196,P7_A_NULL_RHO0,0.0,0.0,6cf37dc1154d812f95acd8f8620f2b25ce7944a53bd475d585cf89090733a1d0,True,True,0.0002000000000000001,-0.0005000000000000004,0.0,0.0,1.0,1.0,False,True
196,P7_B_NULL_RHO30,0.0,0.3,2f931d2a4152c1028cade50cee93bc5f257439f94e597270fe669839b6a3297e,True,True,0.0002000000000000001,-0.0005999999999999998,0.0,0.0,1.0,1.0,False,True
196,P7_C_EFFECT_RHO0,0.1,0.0,c51a252c6771f0d1011787154ba0c87ed50e224a77c2021e7e881c8feb561534,True,True,0.0002999999999999947,-0.00030000000000000165,1.0,1.0,1.0,1.0,True,True
196,P7_D_EFFECT_RHO30,0.1,0.3,f5d69b742e8fb3eec292066dbef1f283df592635c5cce914d42cc1addb1e70f1,True,True,0.0002999999999999947,-0.00030000000000000165,1.0,1.0,1.0,1.0,True,True
197,P7_A_NULL_RHO0,0.0,0.0,7151eeed41b334b08b03940b68142ca1e671851c3ad2fb6ab7986dda8927f840,True,True,0.0,-0.0005999999999999998,0.0,0.0,1.0,1.0,True,True
197,P7_B_NULL_RHO30,0.0,0.3,99b40d652cfb018a3e13e248475b4e6419888147acee0cd172d93384926ba838,True,True,0.0,-0.000499999999999997,0.0,0.0,1.0,1.0,True,True
197,P7_C_EFFECT_RHO0,0.1,0.0,4bcdcd18e426bd4ec54b570d9343f64743aa6ddca8f1c3f17b83b2cc7676ca61,True,True,0.0,-0.0007999999999999986,1.0,1.0,1.0,1.0,True,True
197,P7_D_EFFECT_RHO30,0.1,0.3,e9f5873c89bc7471b8b7431cce20ca28f64991fdd7195127a741c3d2a358c484,True,True,-9.999999999998899e-05,-0.0006999999999999992,1.0,1.0,1.0,1.0,True,True
198,P7_A_NULL_RHO0,0.0,0.0,ea15fed63de8c2c475e8798b9ae0282ca1f7261f45317e5391c803793c0a5563,True,True,0.0006999999999999992,-0.00030000000000000165,1.0,1.0,0.0,0.0,True,True
198,P7_B_NULL_RHO30,0.0,0.3,bf8855cc8516590aaea5963802757debdac4e81802cd1cdbd4694fd4c1b64c47,True,True,0.0005999999999999964,-0.00030000000000000165,1.0,1.0,0.0,0.0,True,True
198,P7_C_EFFECT_RHO0,0.1,0.0,60541adc0682e778962336cbc0cbc0c1f20b12df4aca8be021615990e3358515,True,True,0.0006999999999999992,-0.00040000000000000105,0.0,0.0,0.0,0.0,True,True
198,P7_D_EFFECT_RHO30,0.1,0.3,f6f04d7045b585c19b73d3f651f5c1087796ce417ae98675da8faab3cbe2a906,True,True,0.0006000000000000033,-0.00040000000000000105,0.0,0.0,0.0,0.0,True,True
199,P7_A_NULL_RHO0,0.0,0.0,fd9da012af4f7f4346bb85585a0445fd7817f551e8f8446d3bb9be13ce22e133,True,True,0.0,0.0,0.0,0.0,1.0,1.0,True,True
199,P7_B_NULL_RHO30,0.0,0.3,058a04dc9b2614c171d1a45ac1aba53f28321af4e79abaecdcca1fb19ae2578d,True,True,0.0,0.0,0.0,0.0,1.0,1.0,True,True
199,P7_C_EFFECT_RHO0,0.1,0.0,1b3e0d68c1b424f9cb997bc1b63acd5345dab10e32427a920d2d7c74aee8987e,True,True,0.0,-9.99999999999994e-05,1.0,1.0,1.0,1.0,True,False
199,P7_D_EFFECT_RHO30,0.1,0.3,3b2fd3f012f041b9f778def52632c68f7dad36fcc2f36b9e8add67b896b03789,True,True,-9.999999999998899e-05,-0.00010000000000000286,1.0,1.0,1.0,1.0,True,False
200,P7_A_NULL_RHO0,0.0,0.0,b2a064632b467d4cd70a367cbe7d00e8b11b49687314a4481f07f6304b4f4a7d,True,True,0.0,-0.0005000000000000004,0.0,0.0,1.0,1.0,True,True
200,P7_B_NULL_RHO30,0.0,0.3,e69ade1f4102de94c70422f4e8be43667599833b9190dde7817218abfb74d77b,True,True,0.0,0.0,0.0,0.0,1.0,1.0,True,True
200,P7_C_EFFECT_RHO0,0.1,0.0,1d7bb181a85a7a57c8610446e3af44ffc8c9e8f21fe6b1e4d14d4699a2968f63,True,True,0.0,0.0,1.0,1.0,1.0,1.0,True,True
200,P7_D_EFFECT_RHO30,0.1,0.3,30dc1bf53637852dd371eb69921c9f877defb44df73fd1aab67307449e462d21,True,True,0.0,0.0,1.0,1.0,1.0,1.0,True,True
201,P7_A_NULL_RHO0,0.0,0.0,f911ec19ffcd056f77f28c2cb4f4d534526b7d248579ccbadb941c130ecda02b,True,True,-9.99999999999994e-05,-0.0002999999999999982,0.0,0.0,1.0,1.0,True,True
201,P7_B_NULL_RHO30,0.0,0.3,adaacc2762b90ba9a0b226944908d53ae3b81c2654990aa477314a779b5bc92e,True,True,-0.00020000000000000052,-0.00040000000000000105,0.0,0.0,1.0,1.0,True,True
201,P7_C_EFFECT_RHO0,0.1,0.0,011777640d287fbe5299d99a97de7087c344b95ed62453bd81f6dafa3ef60d89,True,True,0.0,-0.00030000000000000165,1.0,1.0,1.0,1.0,False,False
201,P7_D_EFFECT_RHO30,0.1,0.3,cfebae33e98261a17aaff9984978de6dab8b60b3be211e501da947ca395935a6,True,True,0.0,-9.99999999999994e-05,1.0,1.0,1.0,1.0,False,False
202,P7_A_NULL_RHO0,0.0,0.0,92dd1f61452925a3bed3fde71ca583419f59440c336b138a609d39cc2321fc6c,True,True,0.0,0.0,0.0,0.0,1.0,1.0,True,True
202,P7_B_NULL_RHO30,0.0,0.3,c7be52276319d8977242b4dd50e6691a7e44ebe77683115b17c6d27f1c5b284c,True,True,0.00019999999999999966,-0.0010000000000000009,0.0,0.0,1.0,1.0,True,True
202,P7_C_EFFECT_RHO0,0.1,0.0,456565931863ea920bb0c772b604aaba4aa00a98971eb9c1aa8f76f6e1a9082e,True,True,0.00019999999999999185,-0.0007999999999999986,1.0,1.0,1.0,1.0,True,True
202,P7_D_EFFECT_RHO30,0.1,0.3,c5c98f9f778f26ed41bc90ccb01e59de3c64004f4f687e326adc1b56c45d9d3a,True,True,0.00019999999999999185,-0.0007999999999999986,1.0,1.0,1.0,1.0,True,True
203,P7_A_NULL_RHO0,0.0,0.0,61ad44cdaa9747d3cefe150eb080e805a3b147d398166d7a60f2492f5825e2be,True,True,-0.0002999999999999999,-9.99999999999994e-05,0.0,0.0,1.0,1.0,True,True
203,P7_B_NULL_RHO30,0.0,0.3,f72effeb477f8df8234aaa9f8fa33ecc12466ad0ab77c970aad972deaa3ece6b,True,True,-0.0002999999999999999,9.99999999999994e-05,0.0,0.0,1.0,1.0,True,False
203,P7_C_EFFECT_RHO0,0.1,0.0,ea38b983c3268347cd65f2cf9f64d0a5611247ec2092a3152ac405c234d73b1e,True,True,-0.0002999999999999947,0.0,1.0,1.0,1.0,1.0,True,False
203,P7_D_EFFECT_RHO30,0.1,0.3,5ccc9d94714507c0e73170cc3e844e3351629adbf7ddf382f7f428e4d98fd632,True,True,-0.0003999999999999976,-0.00010000000000000286,1.0,1.0,1.0,1.0,True,False
204,P7_A_NULL_RHO0,0.0,0.0,eff4ae724320f39b689a235eeac51379cccdf0e6fff8f1db2a3c38a7dd7af4a5,True,True,0.0,0.0,0.0,0.0,1.0,1.0,True,True
204,P7_B_NULL_RHO30,0.0,0.3,697e97cfd949e663eb7aa95c96057a86d615cfd00928e6aa96b1bdf474e82541,True,True,0.0,0.0,0.0,0.0,1.0,1.0,True,True
204,P7_C_EFFECT_RHO0,0.1,0.0,c0d6e5822afc6a238f8af561f58271dd6f8834178e6bd28f9117ac4b8aed79b2,True,True,0.0,-0.000499999999999997,1.0,1.0,1.0,1.0,False,True
204,P7_D_EFFECT_RHO30,0.1,0.3,77c2fba00d9cc494db449a3c860734403772f29c2e78fb0aa04ce9077b185971,True,True,0.0,0.0,1.0,1.0,1.0,1.0,True,True
205,P7_A_NULL_RHO0,0.0,0.0,fa2b66dfddc98087133427269becb357951c447abaa9653c411d0ea4c45b7e46,True,True,0.0,0.0,0.0,0.0,1.0,1.0,True,True
205,P7_B_NULL_RHO30,0.0,0.3,01687cf63e7232c1004895683b6414eb4ac16274a22db9f0611db79926432d98,True,True,0.0,0.0,0.0,0.0,1.0,1.0,True,True
205,P7_C_EFFECT_RHO0,0.1,0.0,88ce16f8fc854b5828be8301bf2c19db6a8d948543ed536eca9b6428308b1d2d,True,True,0.0,0.0,1.0,1.0,1.0,1.0,False,True
205,P7_D_EFFECT_RHO30,0.1,0.3,07748bf5d99e482e087126551d8555bfe0e22c9b509adfadc5d0125a4ab4f45d,True,True,0.0,0.0,1.0,1.0,1.0,1.0,True,True
206,P7_A_NULL_RHO0,0.0,0.0,1062e840780899646f7111284f89ab6f488f860702b07a7a39ac019e5ca15f99,True,True,0.00010000000000000113,-0.00030000000000000165,0.0,0.0,1.0,1.0,True,True
206,P7_B_NULL_RHO30,0.0,0.3,2fbcc5a816e3f4a288bca51aa8044c6567fa6e4d4a74b4a4ddcccf97eaa1639a,True,True,0.0,-0.0001999999999999988,0.0,0.0,1.0,1.0,True,True
206,P7_C_EFFECT_RHO0,0.1,0.0,c7597a15e5b953b99beba9389e5b3fdc59f5048dbeee9a4113f2eaf8a3efb729,True,True,0.0,-0.0008000000000000021,1.0,1.0,1.0,1.0,True,True
206,P7_D_EFFECT_RHO30,0.1,0.3,6398213d6f560ee6be105e4364877f7f8241a5322c77d3b5ffe7c22c47fa9a41,True,True,0.0,-0.0010000000000000009,1.0,1.0,1.0,1.0,True,True
207,P7_A_NULL_RHO0,0.0,0.0,8e16212fc38b7e132af0d0b29a03895855cee5b08a306a5dc903e987545234ee,True,True,0.0007000000000000001,-0.0023999999999999994,0.0,0.0,1.0,1.0,True,True
207,P7_B_NULL_RHO30,0.0,0.3,60676e8e63ea29d5150e49d638e7e4a8076cf30c779c55be7b300efe845f784f,True,True,0.0007000000000000001,-0.0023,0.0,0.0,1.0,1.0,True,True
207,P7_C_EFFECT_RHO0,0.1,0.0,bc0c7691d3bac5e06a45b9a34c789ec7d37c908f4bfdbc40a9dbf3d0fc930948,True,True,0.0006000000000000033,-0.002400000000000003,1.0,1.0,1.0,1.0,True,True
207,P7_D_EFFECT_RHO30,0.1,0.3,9ac1670623bbfd576fe463c4f99d42899aea2d924d52728f2d7c29a133126d62,True,True,0.0007000000000000062,-0.002199999999999997,1.0,1.0,1.0,1.0,False,True
208,P7_A_NULL_RHO0,0.0,0.0,7b9653346509389f4c8823b33ba98bfd22218520e9a1136f09e6e377c3fab819,True,True,-0.00040000000000000105,0.00010000000000000286,0.0,0.0,1.0,1.0,True,False
208,P7_B_NULL_RHO30,0.0,0.3,b959094a90118b042284e624a45c454f2cc54c8b9265534d4da45c0b9b08d915,True,True,-0.000499999999999997,0.0,0.0,0.0,1.0,1.0,True,False
208,P7_C_EFFECT_RHO0,0.1,0.0,b36e110e0f498956c9f0062476f5b09e458879b4bc87c6a34f3f190084626b6d,True,True,-0.0003999999999999976,0.0,1.0,1.0,1.0,1.0,True,False
208,P7_D_EFFECT_RHO30,0.1,0.3,0e38a7464983b57599a8581221c066c3ef8a63b968658f3bf1507ddacb5361e6,True,True,-0.0005000000000000004,-9.99999999999994e-05,1.0,1.0,1.0,1.0,True,False
209,P7_A_NULL_RHO0,0.0,0.0,3c01d02a68524f552fb16b8d01ca0f3a6e2368c41780c8fccc6996f6a90f46a9,True,True,0.0,0.0001999999999999988,0.0,0.0,1.0,1.0,False,False
209,P7_B_NULL_RHO30,0.0,0.3,fcceb238c544e085f07d0aee8f878c36505d60ff13f21e1a3b373d91e1029ddc,True,True,0.0,0.0001999999999999988,0.0,0.0,1.0,1.0,False,False
209,P7_C_EFFECT_RHO0,0.1,0.0,bd515befab66278ae5b9b5cc7cca127cb928fac92875c8f38cc294a3a33cd0a1,True,True,0.0,-9.99999999999994e-05,1.0,1.0,1.0,1.0,False,False
209,P7_D_EFFECT_RHO30,0.1,0.3,458e2925f78cf0cefb2c30744c45f5a7a79b9602dcce6fc4122c86cfb05c806d,True,True,0.0,0.0,1.0,1.0,1.0,1.0,False,False
210,P7_A_NULL_RHO0,0.0,0.0,9291c0e282ce6f6571b20831212ffeb3bd7e497d13b373b6e45c5be4d9b5ae5a,True,True,0.0,-9.99999999999994e-05,0.0,0.0,1.0,1.0,True,False
210,P7_B_NULL_RHO30,0.0,0.3,ed7cd18045d74303b532253bdc267c2ed67d23dba602668fb4af25a1a2b49bad,True,True,0.0,0.0,0.0,0.0,1.0,1.0,False,False
210,P7_C_EFFECT_RHO0,0.1,0.0,9a1fcec3aa808ee44c5a1630184f2699914cd4b9c88b2f612ead93d43338001a,True,True,0.0,-9.99999999999994e-05,1.0,1.0,1.0,1.0,True,False
210,P7_D_EFFECT_RHO30,0.1,0.3,71ba609b027a0fe4349895ff112de69e3c1a1d34e78438b183c570534d01208d,True,True,-0.00010000000000000286,-9.99999999999994e-05,1.0,1.0,1.0,1.0,True,False
211,P7_A_NULL_RHO0,0.0,0.0,7f56fb48cceab88512b52bd0f3d82f802892562426bf4f42115d971d2c16ce06,True,True,0.0,0.0,0.0,0.0,1.0,1.0,True,True
211,P7_B_NULL_RHO30,0.0,0.3,33c3c6c7189537743b625b930578ff3e6090b67816535f56e4a2915500d2f247,True,True,0.0,0.0,0.0,0.0,1.0,1.0,True,True
211,P7_C_EFFECT_RHO0,0.1,0.0,b00e38f04abc09d221df845d3cbc6246bb44080700a620e2194e5fc7c186e1e2,True,True,0.0,-0.00030000000000000165,1.0,1.0,1.0,1.0,False,True
211,P7_D_EFFECT_RHO30,0.1,0.3,4d88bed095b1245127629a4e963fd5b74f1e37053271857832f0b654dd5c1fe3,True,True,0.0,0.0,1.0,1.0,1.0,1.0,True,True
212,P7_A_NULL_RHO0,0.0,0.0,52a6a0111ef3286bfa2a60f8a198e51379a908532fb1745659052f18f554bb58,True,True,-0.00010000000000000005,0.00010000000000000286,0.0,0.0,1.0,1.0,True,False
212,P7_B_NULL_RHO30,0.0,0.3,688a4116035ee601b86f1c7a7411ff5eee2365417aa70e2a5e8922548ede111a,True,True,-0.00010000000000000005,0.00020000000000000226,0.0,0.0,1.0,1.0,True,False
212,P7_C_EFFECT_RHO0,0.1,0.0,9e163702ad50d42eb3fb4a33232d1c415788cdabc953a7f5ccf6db00dd1ecd01,True,True,-0.00010000000000000286,9.99999999999994e-05,1.0,1.0,1.0,1.0,True,False
212,P7_D_EFFECT_RHO30,0.1,0.3,adc47d486c92fc4ed78da2a86dbe1315566b8ae2f0c1472c7cd61f62d8d6a5aa,True,True,-0.00010000000000000286,9.99999999999994e-05,1.0,1.0,1.0,1.0,True,False
213,P7_A_NULL_RHO0,0.0,0.0,b4f46c1e89f31cff8996c6f4477feb8cc2fd6464c73af9e086c3013a89258a9f,True,True,0.00010000000000000286,0.0,1.0,1.0,0.0,0.0,True,True
213,P7_B_NULL_RHO30,0.0,0.3,bebbaacb76f243b9de68e51d70dd2325d195e757a7cad7c1add0de907e16286b,True,True,9.999999999999593e-05,0.0,1.0,1.0,0.0,0.0,True,True
213,P7_C_EFFECT_RHO0,0.1,0.0,606cba834221bd5c52778cdc1880bbc2a04eb226f078bfc751f013615fcf15b3,True,True,0.0,-9.99999999999994e-05,1.0,1.0,0.0,0.0,True,True
213,P7_D_EFFECT_RHO30,0.1,0.3,52aedb9cda32d4f38dd9d3ba3da49175ceba78df1a9ca16eac3ae4e540f41b84,True,True,0.0001999999999999988,0.0,1.0,1.0,0.0,0.0,True,True
214,P7_A_NULL_RHO0,0.0,0.0,0d362e1c559df9051d75f72bd605545004b71fff5f45b2a62ffda66a3eb30485,True,True,-9.99999999999994e-05,-0.0001999999999999988,0.0,0.0,1.0,1.0,True,True
214,P7_B_NULL_RHO30,0.0,0.3,52fd9dc35f0b822fcbabb04e66eb2732b98459ea385927718f09cdcc5371e1d7,True,True,-0.00020000000000000052,-0.0002999999999999982,0.0,0.0,1.0,1.0,True,True
214,P7_C_EFFECT_RHO0,0.1,0.0,b41e609f390e73ac6d71a42a3a2a71a27de738d3e3d9fcc389e74dcbb87877df,True,True,0.0,0.0,1.0,1.0,1.0,1.0,True,True
214,P7_D_EFFECT_RHO30,0.1,0.3,d314d5947b6eb3d55412149879cfbb37c3171fd025ecd28ef7901599a79bbaee,True,True,0.0,0.0,1.0,1.0,1.0,1.0,True,True
215,P7_A_NULL_RHO0,0.0,0.0,8cfb1556863ea130515c66dfb82a452a3096ef7db4762128e63e9557c1b6daf5,True,True,0.0,0.0,0.0,0.0,1.0,1.0,True,True
215,P7_B_NULL_RHO30,0.0,0.3,94a5860b1656a43ce92c1ea5a987afed3df3c6fa1c06608d3c3a2d9e7b84c882,True,True,0.0,0.0,0.0,0.0,1.0,1.0,True,True
215,P7_C_EFFECT_RHO0,0.1,0.0,596555f6c289d8fdf59d0e826b4b9161f78da86e4b61355ed4b44c04517752fd,True,True,0.00010000000000000286,0.0,1.0,1.0,1.0,1.0,True,True
215,P7_D_EFFECT_RHO30,0.1,0.3,1ee96147c780b695737c196c3f114daee4c77bf58fad2afc6905244340f9b3ad,True,True,0.00010000000000000286,0.0,1.0,1.0,1.0,1.0,True,True
216,P7_A_NULL_RHO0,0.0,0.0,9b132c83f5d5a8cbe00447ccb15c6017e2e39096975c775e3c37a1c2718735bd,True,True,0.0,-9.99999999999994e-05,0.0,0.0,1.0,1.0,True,False
216,P7_B_NULL_RHO30,0.0,0.3,3ea9168cf6715740aa8f863a543ac062dcbb03bd4c4fb0d3fb06cf15611d2c26,True,True,0.0002999999999999982,-0.0008000000000000021,0.0,0.0,1.0,1.0,False,False
216,P7_C_EFFECT_RHO0,0.1,0.0,6a2130c21ee8bb2fc2acb96514ce00830dbd3372f99b9cd6b4e3d931b6db6c2f,True,True,-9.999999999998899e-05,-9.99999999999994e-05,1.0,1.0,1.0,1.0,True,False
216,P7_D_EFFECT_RHO30,0.1,0.3,e4adb503eaef51a367b51169e388622243018549230ea5eef12d5fcc0afad399,True,True,-0.00010000000000000286,-0.0001999999999999988,1.0,1.0,1.0,1.0,False,False
217,P7_A_NULL_RHO0,0.0,0.0,16cbcd5ca2dbc7c8bc1ecc6928f639425239859ee0905391bf18f2a2f90973fe,True,True,0.0006999999999999992,-0.0017000000000000001,0.0,0.0,1.0,1.0,True,True
217,P7_B_NULL_RHO30,0.0,0.3,2538d9b2f92f3486e734293645d332ed5bdbb4ec5823ef2b119632fae6a54dea,True,True,0.0005999999999999998,-0.001400000000000002,0.0,0.0,1.0,1.0,True,True
217,P7_C_EFFECT_RHO0,0.1,0.0,ea0c7ef220fa9169440d69e86a4823cc7635c8730b04190cfe26f2253f2531f0,True,True,0.0006000000000000033,-0.0016000000000000007,1.0,1.0,1.0,1.0,True,True
217,P7_D_EFFECT_RHO30,0.1,0.3,13323a14b349ac097f9aec61a20d66a6bbf386c7902ac9a73b33565cf731e8df,True,True,0.0005000000000000004,-0.0016000000000000007,1.0,1.0,1.0,1.0,True,True
218,P7_A_NULL_RHO0,0.0,0.0,4385de93d66b3066039ab505cfc3e9102b0845ebadb80ee71a09fd29259d2522,True,True,0.0006000000000000001,-0.00040000000000000105,0.0,0.0,1.0,1.0,True,True
218,P7_B_NULL_RHO30,0.0,0.3,2fa60b7ef0b9308ce41e395db78ee03fbcdf85cec594b3560d6b52ec988e8b3b,True,True,0.0006000000000000001,-0.00040000000000000105,0.0,0.0,1.0,1.0,True,True
218,P7_C_EFFECT_RHO0,0.1,0.0,bdd69fffd8b3c489f0ccec02221e5e23a39a553b9157ea801e42e4a31659b9d4,True,True,0.0007999999999999952,-0.0006999999999999992,1.0,1.0,1.0,1.0,True,True
218,P7_D_EFFECT_RHO30,0.1,0.3,b0cb5e967d288505c23ef163dd52ad7fc1dd7719b10e9ae1ea5c094f825f7919,True,True,0.0007999999999999952,-0.0005999999999999998,1.0,1.0,1.0,1.0,True,True
219,P7_A_NULL_RHO0,0.0,0.0,b585c4f0e6b1588db2543a9de2a348bb8d3c6555d111f03a6fea38336e4a1610,True,True,0.0,-9.99999999999994e-05,1.0,1.0,0.0,0.0,True,True
219,P7_B_NULL_RHO30,0.0,0.3,c16eeb1b9dc758304693bc19807ae4e72f51b15c2e70c011365df8eb7e89fda9,True,True,0.0,0.0,1.0,1.0,0.0,0.0,True,True
219,P7_C_EFFECT_RHO0,0.1,0.0,bdb02d93d01de8661a4f14e85d00cc2e69a62e977efadd85b90e152ab08bf123,True,True,0.0,0.0,1.0,1.0,0.0,0.0,True,True
219,P7_D_EFFECT_RHO30,0.1,0.3,a0dc66053acbbffd8d473c48b0abc920d9b013c617dbb482d1b99eb255834935,True,True,-9.999999999998899e-05,0.0,1.0,1.0,0.0,0.0,True,True
220,P7_A_NULL_RHO0,0.0,0.0,f48086353d263eb6989a69548c5ffd2c0ca97401d34b5cad420fce6b210d9b13,True,True,0.00010000000000000286,-0.0007000000000000027,0.0,0.0,1.0,1.0,True,True
220,P7_B_NULL_RHO30,0.0,0.3,00d305b8934fb9f5018b422bf850984f920ebf372b2dc51cb803a78861e43601,True,True,9.999999999999593e-05,-0.0005999999999999998,0.0,0.0,1.0,1.0,True,True
220,P7_C_EFFECT_RHO0,0.1,0.0,9a30591d8d6f5fa277123ae95555b6cf6e5c4c6325a7cbab5a1715825cd2edc2,True,True,0.0,-0.0003999999999999976,1.0,1.0,1.0,1.0,True,True
220,P7_D_EFFECT_RHO30,0.1,0.3,1b958399b9db9fa56fd89b363a6a705f2b5d564a737f9fa43654b0deac5b2aa4,True,True,0.0,-0.0001999999999999988,1.0,1.0,1.0,1.0,True,True
221,P7_A_NULL_RHO0,0.0,0.0,3415fcc55e5a973323cb1d3e1ea11e7795f808eaec850415709472aaea598c1e,True,True,9.99999999999994e-05,-0.0010000000000000009,0.0,0.0,1.0,1.0,True,True
221,P7_B_NULL_RHO30,0.0,0.3,d415410c03e786be4f7575ef7ef58f7e94be70d43f582f65d2ca0531e62542aa,True,True,0.0001999999999999988,-0.0009000000000000015,0.0,0.0,1.0,1.0,True,True
221,P7_C_EFFECT_RHO0,0.1,0.0,03a2f04b3a532f3383e699d25a20616b3b1042c7fd3517a1cc9cfbbd9aa66189,True,True,0.00019999999999999185,-0.0010000000000000009,1.0,1.0,1.0,1.0,True,True
221,P7_D_EFFECT_RHO30,0.1,0.3,e6f8362efa58ef556b737b9067c375ba2136e139fa5593cd6be40b3701c14c83,True,True,0.00020000000000000573,-0.0007999999999999986,1.0,1.0,1.0,1.0,True,True
222,P7_A_NULL_RHO0,0.0,0.0,f225d8011668cc05ddec0f35600a5adc651fc1d37f28139f91ca5a70c27fb2e7,True,True,-0.00010000000000000286,0.0002999999999999982,0.0,0.0,1.0,1.0,True,True
222,P7_B_NULL_RHO30,0.0,0.3,3b40a366f3447da08204000b830a01aa5c916e4af165e0a2ff71f47d8082dd32,True,True,0.0,0.0002999999999999982,0.0,0.0,1.0,1.0,True,True
222,P7_C_EFFECT_RHO0,0.1,0.0,005c72e55de0d2b0f48bd5dce40b8842eb0266e986685ae708781b544b5ab992,True,True,-0.00010000000000000286,0.0001999999999999988,1.0,1.0,1.0,1.0,True,True
222,P7_D_EFFECT_RHO30,0.1,0.3,0cb90173d2225dd7f52c5ff623cf7c23660519b48de249ddec7b8ca4be01a635,True,True,0.0,0.0001999999999999988,1.0,1.0,1.0,1.0,True,True
223,P7_A_NULL_RHO0,0.0,0.0,7126941755bb96689591e01fc677b5050f10363962591f1cf6b4af9607903eef,True,True,0.00010000000000000113,-0.000899999999999998,0.0,0.0,1.0,1.0,False,True
223,P7_B_NULL_RHO30,0.0,0.3,f0849a6d715e435e18419a013207a0528c87d0ba22f84764f7fba28c1e8fcec1,True,True,0.0,-0.0007999999999999986,0.0,0.0,1.0,1.0,False,True
223,P7_C_EFFECT_RHO0,0.1,0.0,375b38ee247f478940d2ed4637425112a12c2a0ed0846e4e8b214496d4c57c96,True,True,0.00010000000000000286,-0.0011000000000000003,1.0,1.0,1.0,1.0,True,True
223,P7_D_EFFECT_RHO30,0.1,0.3,b4e6499442fa23c81a5a2b8dbd4bef6f52f9da4c6a01c5dcf3150589f9e5dff7,True,True,0.0,0.0,1.0,1.0,1.0,1.0,True,True
224,P7_A_NULL_RHO0,0.0,0.0,799f52d071dab2bce5b93012f5d27a51e512fd8b159507b4055150d5b430b278,True,True,-0.0001999999999999988,-0.00030000000000000165,0.0,0.0,1.0,1.0,True,True
224,P7_B_NULL_RHO30,0.0,0.3,f8e996f6a3fee43ff19a9d620e232c34705d6f70b9e00e16b2fa754c1d881575,True,True,0.0003999999999999993,-9.99999999999994e-05,0.0,0.0,1.0,1.0,True,True
224,P7_C_EFFECT_RHO0,0.1,0.0,9557445bab9740132477585972a84407dcb8ebe873cc1405dd2781cb60b2b7cc,True,True,0.0006000000000000033,-0.00040000000000000105,1.0,1.0,1.0,1.0,True,True
224,P7_D_EFFECT_RHO30,0.1,0.3,40547b59b51599f801f4ddd74e00ef2586c75a4552554e4995bf6a49151c9ad0,True,True,0.0007000000000000062,-0.00040000000000000105,1.0,1.0,1.0,1.0,True,True
225,P7_A_NULL_RHO0,0.0,0.0,19e846b23d36860a30d818b5d5247c9c65e54721ac26c59fdcd4f7c3783791b6,True,True,0.0,0.0,0.0,0.0,1.0,1.0,True,True
225,P7_B_NULL_RHO30,0.0,0.3,6cf0fae65221808c24cf37835c38cfe144003664f58174eed509b12779a8eeac,True,True,0.0,0.0,0.0,0.0,1.0,1.0,True,True
225,P7_C_EFFECT_RHO0,0.1,0.0,73814a1329aa491a8d307b1be25da4b8cd8403cbc1fc8b41f66b0f134509b9dc,True,True,0.0,0.0,1.0,1.0,1.0,1.0,True,True
225,P7_D_EFFECT_RHO30,0.1,0.3,c4aa2ebfe2f8b536e0fe86eaecbd191ec5cb36ac2bd2673e3cfa0d3fbcef4e7d,True,True,0.0,0.0,1.0,1.0,1.0,1.0,True,True
226,P7_A_NULL_RHO0,0.0,0.0,47de2f0c36542c4b08f381f13b7569a5cdf6ca17e71b25e7745ce885d305a673,True,True,-9.999999999999593e-05,0.00040000000000000105,1.0,1.0,0.0,0.0,False,False
226,P7_B_NULL_RHO30,0.0,0.3,abd507d0642f082b67b231f20cb9064422e51708992abd5288dc142120657dd0,True,True,-9.999999999999593e-05,-0.00010000000000000286,1.0,1.0,0.0,0.0,True,False
226,P7_C_EFFECT_RHO0,0.1,0.0,662fd467d0bf9419469fd6f010291059abe1f1307e0c93353357faeed76aa469,True,True,0.0,0.0,1.0,1.0,0.0,0.0,True,False
226,P7_D_EFFECT_RHO30,0.1,0.3,e7022a20dacca037507a325f3a71b89634a63b048fe79bf926b7a74b3148bd89,True,True,0.0,0.0,1.0,1.0,0.0,0.0,True,False
227,P7_A_NULL_RHO0,0.0,0.0,be890b84d6b70922367abccadbc98c7d142d82b7576730dad654e2305a384f30,True,True,0.0,0.0,0.0,0.0,1.0,1.0,True,True
227,P7_B_NULL_RHO30,0.0,0.3,41bac699917eeafe8fc215a9429d0bca351bcde33c467d5070fa80801ede4171,True,True,0.0,0.0,0.0,0.0,1.0,1.0,True,True
227,P7_C_EFFECT_RHO0,0.1,0.0,a54b831aec9bbe881535e60ec1088b52c94fa9c0cdaf23351a3016448cb65b8f,True,True,0.0,-0.0009999999999999974,1.0,1.0,1.0,1.0,True,True
227,P7_D_EFFECT_RHO30,0.1,0.3,184b7438a94ca45f2e96705b284e47418dbacea5c89b4dcfd3d16f3dbe3e6732,True,True,0.00010000000000000286,-0.0010000000000000009,1.0,1.0,1.0,1.0,True,True
228,P7_A_NULL_RHO0,0.0,0.0,c45641bcf473de4eda311dc9c6f9495e652ab8972c8879592035ae5ceccfdabe,True,True,0.0,0.0,0.0,0.0,1.0,1.0,True,True
228,P7_B_NULL_RHO30,0.0,0.3,b548bc794481453a0e24cc62fc44a5d9654a7bdf74547cb0d7289221c04bf4e8,True,True,0.0,0.0,0.0,0.0,1.0,1.0,True,True
228,P7_C_EFFECT_RHO0,0.1,0.0,cb33611deb23c35f0848d18c4af37d3811edac935fe91e7c4f12598dc809899d,True,True,0.0,-0.00020000000000000226,1.0,1.0,1.0,1.0,True,True
228,P7_D_EFFECT_RHO30,0.1,0.3,4e6243e17f6fa7df20d8b02eb28daceaf35433e11a3aedf7ecea807f2ff4c73c,True,True,0.0,-9.99999999999994e-05,1.0,1.0,1.0,1.0,True,True
229,P7_A_NULL_RHO0,0.0,0.0,8d20a7e8df063bc97c37619ddb073d83cacb22188e6c9436c107da680c25f9a3,True,True,0.0,0.0,0.0,0.0,1.0,1.0,True,True
229,P7_B_NULL_RHO30,0.0,0.3,3058350f8ecbe436d2e1e1197050b67ee14c501a8748409a254cee0d4b133f79,True,True,0.0,0.0,0.0,0.0,1.0,1.0,True,True
229,P7_C_EFFECT_RHO0,0.1,0.0,0206dcc6cb0ae06f9e4f8ae7b9e6cdcf0e6c4bfb577e25bb461bc1d76336d18b,True,True,0.0,-0.0013000000000000025,1.0,1.0,1.0,1.0,True,True
229,P7_D_EFFECT_RHO30,0.1,0.3,6af32cdcf62a278f9f4c9510739032d17e5ef4616556803953fd1a2f03db5a51,True,True,0.0,-0.0011999999999999997,1.0,1.0,1.0,1.0,True,True
230,P7_A_NULL_RHO0,0.0,0.0,89df9774af569975daf9d9e1c6a7cfc54847a34302edd6908b80b1735b41e94e,True,True,-0.00010000000000000286,-9.99999999999994e-05,1.0,1.0,0.0,0.0,True,True
230,P7_B_NULL_RHO30,0.0,0.3,30ec0e35b79d79ba77141c9ae5e5ca83b8fff8269438762fce11d483aa92809d,True,True,-0.00010000000000000286,-9.99999999999994e-05,1.0,1.0,0.0,0.0,True,True
230,P7_C_EFFECT_RHO0,0.1,0.0,d8a395fdd505ae29f50fc6bbc02ae1f141825aa8d0a9bdb81b7e6ac941267d68,True,True,-0.00020000000000000573,-0.00020000000000000226,1.0,1.0,0.0,0.0,True,True
230,P7_D_EFFECT_RHO30,0.1,0.3,a7dd96933198314820991e4024c916f8c2b9eda186d2ebb59a5129ec32ff5162,True,True,0.0,-0.00020000000000000226,1.0,1.0,0.0,0.0,True,True
231,P7_A_NULL_RHO0,0.0,0.0,ec16295b1defac1654032cffdecfe9050bf7c181731db91f8375f9830ee0a5b9,True,True,0.0,0.0,0.0,0.0,1.0,1.0,True,True
231,P7_B_NULL_RHO30,0.0,0.3,a314dde86c004400a91e7994845117ada61a9e145620e8c39cc5882423d78026,True,True,0.0,0.0,0.0,0.0,1.0,1.0,True,True
231,P7_C_EFFECT_RHO0,0.1,0.0,201f9e53547587945101fc53c77bad35693958699a59e59e44078bcbe6f078f7,True,True,9.999999999998899e-05,-0.0020000000000000018,1.0,1.0,1.0,1.0,True,True
231,P7_D_EFFECT_RHO30,0.1,0.3,be49f97602a129ff771ac5abcf01acc669bd95c8dd55b7879f813dde7c7f49bd,True,True,9.999999999998899e-05,-0.0017999999999999995,1.0,1.0,1.0,1.0,True,True
232,P7_A_NULL_RHO0,0.0,0.0,0dd89011a42e3bb3acb12333b2d7cea864d825659e2a2d0b6a99ea63fdd19af2,True,True,0.0,0.0,0.0,0.0,1.0,1.0,True,True
232,P7_B_NULL_RHO30,0.0,0.3,966e05aa86b814458f520b1810f1c36f0706415f55fc9eb66f456107da39f7dc,True,True,0.0,0.0,0.0,0.0,1.0,1.0,True,True
232,P7_C_EFFECT_RHO0,0.1,0.0,906e4fd34ccb7c66d1827fe38183a1b760c79423d55a660a824e636863576495,True,True,0.0,9.99999999999994e-05,1.0,1.0,1.0,1.0,True,True
232,P7_D_EFFECT_RHO30,0.1,0.3,c5da368f43b303bc587b2b5c4a1e78bb1b54d66e5bd33417da09cd7b33d11461,True,True,0.0,0.0001999999999999988,1.0,1.0,1.0,1.0,True,True
233,P7_A_NULL_RHO0,0.0,0.0,6fef12f92ec82fefe2d516db7d1225cbd8bf6f8cfd576a73570f7b5d20b8177e,True,True,0.0008000000000000021,-0.0017000000000000001,0.0,1.0,1.0,0.0,False,True
233,P7_B_NULL_RHO30,0.0,0.3,637178c987a2bcf3926b5fc9a8a8b446b8c6c38cce3374c1b38901e41a5291a8,True,True,0.0006999999999999992,-0.0016000000000000007,0.0,1.0,1.0,0.0,False,True
233,P7_C_EFFECT_RHO0,0.1,0.0,de27c312dc30ffc6a5ab872c7c83486738d765c8f1109bf8ef64f679ee5d7d61,True,True,0.0004999999999999935,-0.0020000000000000018,1.0,1.0,1.0,1.0,False,False
233,P7_D_EFFECT_RHO30,0.1,0.3,0c4268b0bbf0c33181dc02b300531ed93db1c084127c62af7f35c76c39363ea0,True,True,0.0005000000000000004,-0.001800000000000003,1.0,1.0,1.0,1.0,False,False
234,P7_A_NULL_RHO0,0.0,0.0,e7d3d5438ece3c2149aac86fadcbc125f9a5bf378b54b8cc90d28fc8959470c1,True,True,0.00030000000000000035,-0.001299999999999999,0.0,0.0,1.0,1.0,True,True
234,P7_B_NULL_RHO30,0.0,0.3,f37af611f08fd89d26f1d678965dd50c46f13c17a2d60830d1e32668bdbaf10b,True,True,0.0002000000000000001,-0.001400000000000002,0.0,0.0,1.0,1.0,True,True
234,P7_C_EFFECT_RHO0,0.1,0.0,44e05c3c7c394991480cf7eb7e0e12fa60c0c830c4398deea41bc16d9f855835,True,True,0.0002999999999999947,-0.0011999999999999997,1.0,1.0,1.0,1.0,True,True
234,P7_D_EFFECT_RHO30,0.1,0.3,feb46a4ddc74b8c58b96e63855d8089c8e8be4dfcb6621858ebe24198e048df1,True,True,0.0003000000000000086,-0.0011000000000000003,1.0,1.0,1.0,1.0,True,True
235,P7_A_NULL_RHO0,0.0,0.0,4eb410b38d6c8d9c86405122f944db2b16fa103fa52fff34c28328d6f9b26112,True,True,0.0,0.0005000000000000004,0.0,0.0,1.0,1.0,True,True
235,P7_B_NULL_RHO30,0.0,0.3,1a44ac2eeece6c90aff7233d234ae2f7b1d4c2814f1ba6759db0de195d0770ed,True,True,0.00010000000000000005,0.0005000000000000004,0.0,0.0,1.0,1.0,True,True
235,P7_C_EFFECT_RHO0,0.1,0.0,d761b311a6e331e49c9e65074d53ab32826669ad226a2372586063d5aa207ee7,True,True,0.0,0.0001999999999999988,1.0,1.0,1.0,1.0,True,True
235,P7_D_EFFECT_RHO30,0.1,0.3,05d78d19dfc28abb97802cf3727661dec16d037457ffa3072dcd0b06c057eae9,True,True,0.0,0.0001999999999999988,1.0,1.0,1.0,1.0,True,True
236,P7_A_NULL_RHO0,0.0,0.0,e1c5f048874e499b4b49cb8cff4f892f53ad76e0f2c617d756ca7598d5df53b9,True,True,0.00040000000000000105,-0.0020000000000000018,0.0,0.0,1.0,1.0,True,True
236,P7_B_NULL_RHO30,0.0,0.3,eb8103017a257e4cb1b17b7eb61e9e0d2ff9b1b611fc411ccd7b538d09d2786b,True,True,0.0003999999999999993,-0.0020000000000000018,0.0,0.0,1.0,1.0,True,True
236,P7_C_EFFECT_RHO0,0.1,0.0,e4b1cdc0d3e6542dbd27b302b7218b8b089302ad984d380b93c9d11985df6fab,True,True,0.0004999999999999866,-0.0017000000000000001,1.0,1.0,1.0,1.0,True,True
236,P7_D_EFFECT_RHO30,0.1,0.3,697564093f421881bb978404280746c8e22870cb753b152ec4dca842995d3580,True,True,0.0005000000000000004,-0.0016000000000000007,1.0,1.0,1.0,1.0,True,True
237,P7_A_NULL_RHO0,0.0,0.0,b5c9221e8befb18039e85ad072c4e875ad730d51bda71d4ae15aecc27eb7fbd3,True,True,0.00020000000000000052,0.0,0.0,0.0,1.0,1.0,True,True
237,P7_B_NULL_RHO30,0.0,0.3,11ce0a5699c5209e355d5f96025ca6f3037b1d3154868e21e350be314aa3266c,True,True,0.00019999999999999966,0.0,0.0,0.0,1.0,1.0,True,True
237,P7_C_EFFECT_RHO0,0.1,0.0,05de1a754d12f88e2179d64955bc9913a0d0f0fbb0614842e6733ef600a4e738,True,True,0.0003000000000000086,-9.99999999999994e-05,1.0,1.0,1.0,1.0,True,True
237,P7_D_EFFECT_RHO30,0.1,0.3,9fd03e21c9aef7d9fa52c8a539ab681f20f93ed784ead9fbf65ac9c4116ddaf1,True,True,0.0002999999999999947,-9.99999999999994e-05,1.0,1.0,1.0,1.0,True,True
238,P7_A_NULL_RHO0,0.0,0.0,8b7826eb7dbf8bf731fb4c7749bd0491ef43a8fb355900d785992bde77332bae,True,True,0.0,0.0,0.0,0.0,1.0,1.0,True,True
238,P7_B_NULL_RHO30,0.0,0.3,7c51aaadf41426ccf0499f09fb1502a9a0f6178e127ad20da9341b04a66da557,True,True,0.0,0.0,0.0,0.0,1.0,1.0,True,True
238,P7_C_EFFECT_RHO0,0.1,0.0,bfb4906da74ce5846faf1a061698234d98764ce8676af63fec01263aed923e65,True,True,0.0,0.0,1.0,1.0,1.0,1.0,True,True
238,P7_D_EFFECT_RHO30,0.1,0.3,21ef96859e5d444a271ef1ed778497c58ec8705a112972e601f12c3641d356e6,True,True,0.0,0.0,1.0,1.0,1.0,1.0,True,True
239,P7_A_NULL_RHO0,0.0,0.0,85aa5811a6c277c87fe46b04dc82bef26a9f89f1222a8db54aa51311bd20dab6,True,True,0.0,0.0,0.0,0.0,1.0,1.0,True,True
239,P7_B_NULL_RHO30,0.0,0.3,b8d9e963937489a59bb1edb7c64c9769c910d16e58392b4b7f491d090a5cf834,True,True,0.0,0.0,0.0,0.0,1.0,1.0,True,True
239,P7_C_EFFECT_RHO0,0.1,0.0,e17bd417414d619341920e864103e7f8279935c59548db14992aff27850642b2,True,True,0.0,0.0,1.0,1.0,1.0,1.0,True,True
239,P7_D_EFFECT_RHO30,0.1,0.3,b6cabc96ba0c571cfe7936ac82abe11db3806ad47d74a0a7e9692eb4e8548843,True,True,0.0,0.0,1.0,1.0,1.0,1.0,True,True
240,P7_A_NULL_RHO0,0.0,0.0,faec01dc25e2f0e3645af341030ccec773f8749246863321124245dc90ea3311,True,True,0.0,0.0,0.0,0.0,1.0,1.0,True,True
240,P7_B_NULL_RHO30,0.0,0.3,feb1914dbf4639f2786ef9de9be1b29f810847940f91a64db15aa24a631211ed,True,True,0.0,0.0,0.0,0.0,1.0,1.0,True,True
240,P7_C_EFFECT_RHO0,0.1,0.0,1a36bea803449bfbecbf592d2f38a1448bd8c5350e5e22b616f73f05038c8478,True,True,0.0,0.0,1.0,1.0,1.0,1.0,True,True
240,P7_D_EFFECT_RHO30,0.1,0.3,75c96ee0ab156b25d059e4304b098ddc1ebe2c97ed953ffcba7ee17810f79363,True,True,0.0,0.0,1.0,1.0,1.0,1.0,True,True
241,P7_A_NULL_RHO0,0.0,0.0,86a72f48435605d9329e31030504ca7673175dba3194f168cacf72e34ec110cf,True,True,-9.99999999999994e-05,0.0,0.0,0.0,1.0,1.0,True,True
241,P7_B_NULL_RHO30,0.0,0.3,d9e48825c62cd7023f6e1329a9d8394aba51a7d505948ef8e126f786d25d8c0f,True,True,-9.99999999999994e-05,0.0,0.0,0.0,1.0,1.0,True,True
241,P7_C_EFFECT_RHO0,0.1,0.0,926efb5ca376ae109e5babfe3101b8eb245f0d508b7ed2e4572a902db9931db3,True,True,-0.00010000000000000286,0.0,1.0,1.0,1.0,1.0,True,True
241,P7_D_EFFECT_RHO30,0.1,0.3,e962f6ba47d5ce4f36ea5e41d4a74aefab8adaa86d4479c792279494ae378a39,True,True,-9.999999999998899e-05,0.0,1.0,1.0,1.0,1.0,True,True
242,P7_A_NULL_RHO0,0.0,0.0,674ced5faed3fabe6639d55acb6de5003464391a9596c611f418761a845a53e7,True,True,0.0005999999999999998,-0.002100000000000001,0.0,0.0,1.0,1.0,True,True
242,P7_B_NULL_RHO30,0.0,0.3,6c0d576bc94cfa0fe9fef72e90c66dcdb3244e1338e66a4124639b4a0d06979b,True,True,0.0005999999999999998,-0.002100000000000001,0.0,0.0,1.0,1.0,True,True
242,P7_C_EFFECT_RHO0,0.1,0.0,a3ff957a7283a43969d00eea2d23c7fa1772e0f05f482c76b66ec8fc4ceb08ae,True,True,0.0006999999999999923,-0.0022000000000000006,1.0,1.0,1.0,1.0,True,True
242,P7_D_EFFECT_RHO30,0.1,0.3,835ac7d8d385781bd81e9ff6b849aec1467e8e4a195fd45d75ac17704fc8bcbf,True,True,0.0005999999999999894,-0.002100000000000001,1.0,1.0,1.0,1.0,True,True
243,P7_A_NULL_RHO0,0.0,0.0,e8d89e6a52ce892ac9527a4151666dfd286fe5e218561dfa781977dd97e540bc,True,True,0.0,0.0,0.0,0.0,1.0,1.0,True,True
243,P7_B_NULL_RHO30,0.0,0.3,a904a7ae470e6f1e0283ef0a2f88017184fa53deca10d098b1df7bc997029da0,True,True,0.0,0.0,0.0,0.0,1.0,1.0,True,True
243,P7_C_EFFECT_RHO0,0.1,0.0,4dcc3268798db54b52f8d9d9ac884b553c0be27d1235b19b95d7cfc10dd93ea0,True,True,-9.999999999998899e-05,0.0001999999999999988,1.0,1.0,1.0,1.0,True,True
243,P7_D_EFFECT_RHO30,0.1,0.3,2b13724e707e66568a6e1a958070c31edb651008608390aaa119d1c69562021a,True,True,0.0,0.0002999999999999982,1.0,1.0,1.0,1.0,True,True
244,P7_A_NULL_RHO0,0.0,0.0,376bca82c969d8bdfd03a0f4a8d079269afe4dc7eae86821e368701a60423746,True,True,0.0,-9.99999999999994e-05,0.0,0.0,1.0,1.0,True,True
244,P7_B_NULL_RHO30,0.0,0.3,088b0a41c330553aec2bc9167906ecc731f4ca18524b7039590876d8bbdb41f5,True,True,-9.99999999999994e-05,-0.00040000000000000105,0.0,0.0,1.0,1.0,True,True
244,P7_C_EFFECT_RHO0,0.1,0.0,9b1290a00d7e1956f934d8ceee5b45eb9e0f4e7d28ee3676bef8d60b9fa3a553,True,True,9.999999999998899e-05,0.0,1.0,1.0,1.0,1.0,True,True
244,P7_D_EFFECT_RHO30,0.1,0.3,366c2970f470e4e559e69eec198ad97c9329267e851ab77f027586270fdece19,True,True,0.0,0.0,1.0,1.0,1.0,1.0,True,True
245,P7_A_NULL_RHO0,0.0,0.0,4ea8d46a6a5dc4238b721a6cd671e30cbd871323e3618fbb1f8e1afb4b8b1ea5,True,True,0.00010000000000000113,-0.0002999999999999982,0.0,0.0,1.0,1.0,True,True
245,P7_B_NULL_RHO30,0.0,0.3,9fce73a335ff6d570dea3129a1f8803502368e5c1e259133e2edacde3eed6c21,True,True,0.00010000000000000113,-0.0002999999999999982,0.0,0.0,1.0,1.0,False,True
245,P7_C_EFFECT_RHO0,0.1,0.0,9e569d0401231b1cc5f289b040a65a5b0d79ce06eea34782150ab7ae545bef32,True,True,0.00010000000000000286,-9.99999999999994e-05,1.0,1.0,1.0,1.0,True,True
245,P7_D_EFFECT_RHO30,0.1,0.3,a42931c217c2c3ae7478ab2b0d647a2775e84d709508d8908fcb5b9c8c1b7ae6,True,True,0.00010000000000000286,-9.99999999999994e-05,1.0,1.0,1.0,1.0,True,True
246,P7_A_NULL_RHO0,0.0,0.0,00a8d7b42a0dbda385fac04495c86e3e4018d566fe6077c79a91bb050b2a820e,True,True,0.0,0.0,0.0,0.0,1.0,1.0,True,True
246,P7_B_NULL_RHO30,0.0,0.3,aa76c5bc1056d82950739df41a4e419239869ab58857e317fd6fd8b8eb2d4f13,True,True,0.0,0.0,0.0,0.0,1.0,1.0,True,True
246,P7_C_EFFECT_RHO0,0.1,0.0,5f74367362cbc5f89d1688cc6abfaf71ce14507685bdf8e9e297d485f120b6f2,True,True,0.0,0.0,1.0,1.0,1.0,1.0,True,True
246,P7_D_EFFECT_RHO30,0.1,0.3,65fb91aa62a62ec891f760cda551a99ba8883603836bd67aeadd5e468b2780ac,True,True,0.0,0.0,1.0,1.0,1.0,1.0,True,True
247,P7_A_NULL_RHO0,0.0,0.0,d8c206ea4fdc6fce7984547adf8bced1ef39f04d6afabb64f7a167ac3e36fdc1,True,True,0.0,0.0001999999999999988,0.0,0.0,1.0,1.0,True,True
247,P7_B_NULL_RHO30,0.0,0.3,4341d70b48d5f836575fcd947e2a50d82babd9cc30406f78232d2594e3f42bac,True,True,0.0,-9.99999999999994e-05,0.0,0.0,1.0,1.0,True,True
247,P7_C_EFFECT_RHO0,0.1,0.0,09ba4f9d2a57053e538c4cbe7f12d569f65b4705fd5d9510b75fd09e720ff697,True,True,0.0,-9.99999999999994e-05,1.0,1.0,1.0,1.0,True,True
247,P7_D_EFFECT_RHO30,0.1,0.3,3d16cf77f8aa8bdd598911e6398d0bfcdd8d3a011cd9cb5297d263f8e0c4e1a1,True,True,0.0,0.0,1.0,1.0,1.0,1.0,True,True
248,P7_A_NULL_RHO0,0.0,0.0,ddac7f8b6e86e1ada9faa110a05afc126780f9a83a8162cd69d7928c2cd5e787,True,True,9.999999999999994e-05,0.0,0.0,0.0,1.0,1.0,True,True
248,P7_B_NULL_RHO30,0.0,0.3,eebda2f9ac246399642c97ffb82ed0c4638f2bf57ae038514745509b03ace3f0,True,True,0.0,0.0,0.0,0.0,1.0,1.0,True,True
248,P7_C_EFFECT_RHO0,0.1,0.0,84ccbaec19916fa4ff2e6d5f598f91119b77f31032508672148c3739d5066b1a,True,True,0.00010000000000000286,-9.99999999999994e-05,1.0,1.0,1.0,1.0,True,True
248,P7_D_EFFECT_RHO30,0.1,0.3,1e62c2a773910722140fa0b2673732596e6c1130558cf2a279b7244def6609d5,True,True,9.999999999998899e-05,-9.99999999999994e-05,1.0,1.0,1.0,1.0,True,True
249,P7_A_NULL_RHO0,0.0,0.0,3dffc1bd72c97f6744f4eaa81959977007ac401cc7b6db44a11ea29ed2fd6d23,True,True,0.0,-0.0003999999999999976,0.0,0.0,1.0,1.0,True,True
249,P7_B_NULL_RHO30,0.0,0.3,3474d1486779cf13e05b47da7dcc41bd3e14954522314ac0951fe1273cb550c5,True,True,0.0,-0.0002999999999999982,0.0,0.0,1.0,1.0,True,True
249,P7_C_EFFECT_RHO0,0.1,0.0,5593f99322e8eb5a762cbb8c894ee6e6538c5bdf38027fbe2338bf5ef25becfc,True,True,0.0,0.0,1.0,1.0,1.0,1.0,True,True
249,P7_D_EFFECT_RHO30,0.1,0.3,15fcb853666dda94c1a0ddf07673ce5e10632a962a914a473c1647b099d5f01e,True,True,0.0,0.0,1.0,1.0,1.0,1.0,True,True
250,P7_A_NULL_RHO0,0.0,0.0,3b46035e97f73a5ed7a8e831e1602db6fdaa9d41a8ada48034f3936dd8a2044d,True,True,0.00040000000000000105,-0.0016000000000000007,0.0,0.0,1.0,1.0,True,True
250,P7_B_NULL_RHO30,0.0,0.3,9b286609baa6258944800f39e68386325ee4d80926f0658b4ba6d5b683f7f9a3,True,True,-0.00010000000000000286,-0.00020000000000000226,0.0,0.0,1.0,1.0,True,True
250,P7_C_EFFECT_RHO0,0.1,0.0,a2a61492b45a1c9a0772eeaa93ddc3027a835c2bd497dd5927e4359edce45d9d,True,True,0.0003000000000000086,-0.001299999999999999,1.0,1.0,1.0,1.0,False,False
250,P7_D_EFFECT_RHO30,0.1,0.3,f2682a8b397d505e7a14a059c1c90a56b06a42bf29ac3058dd9b0624eb25f1f5,True,True,0.0003000000000000086,-0.0011999999999999997,1.0,1.0,1.0,1.0,False,False
251,P7_A_NULL_RHO0,0.0,0.0,c0d5aea43ad089cd43bc908e80839c707d533ac5a918e7feafec34fc89cb9798,True,True,-9.99999999999994e-05,9.99999999999994e-05,0.0,0.0,1.0,1.0,True,False
251,P7_B_NULL_RHO30,0.0,0.3,0fa35d5cebb55d6973eaa3338cc37a8ceb8af90f3cfdb4e0bfafd1007589faaf,True,True,-0.00020000000000000226,9.99999999999994e-05,0.0,0.0,1.0,1.0,True,False
251,P7_C_EFFECT_RHO0,0.1,0.0,e4d950c605b377fe74efca82c33e35a53b3401b2af0d12e06b61c669ef529be5,True,True,-9.999999999998899e-05,0.00020000000000000226,1.0,1.0,1.0,1.0,True,False
251,P7_D_EFFECT_RHO30,0.1,0.3,b8525483da4482ae4e02474be5afb37bb71ea2f2808c30b2302abc38d15da0a3,True,True,-9.999999999998899e-05,0.0002999999999999982,1.0,1.0,1.0,1.0,True,False
252,P7_A_NULL_RHO0,0.0,0.0,08ac9612c30e5f79526856f464f630e155a34fea3de00e4e28b910f8506baa68,True,True,0.0008000000000000004,-0.0023999999999999994,0.0,0.0,1.0,1.0,True,True
252,P7_B_NULL_RHO30,0.0,0.3,5079a632bc9d909338d96a1b9dff5295f2a750fb9f0a462052a28b9067994675,True,True,0.0008000000000000004,-0.0023,0.0,0.0,1.0,1.0,True,True
252,P7_C_EFFECT_RHO0,0.1,0.0,d40def956eeebe37b4934e6b8d3a210eacdf03b1f1e9cd12aa123eefc3477c95,True,True,0.000800000000000009,-0.0022000000000000006,1.0,1.0,1.0,1.0,True,True
252,P7_D_EFFECT_RHO30,0.1,0.3,fb3b18537a4c2607459a41a64c0bd95ab3ef25110bc77b9ae5e5dbaabd3fec20,True,True,0.0007999999999999952,-0.002100000000000001,1.0,1.0,1.0,1.0,True,True
253,P7_A_NULL_RHO0,0.0,0.0,e885a13c15caf391d7e2161e09c513f5dd699db4a93848b4fb77f7c54d54d312,True,True,0.0,0.0,0.0,0.0,1.0,1.0,True,True
253,P7_B_NULL_RHO30,0.0,0.3,b2bf2296cede1334a3be0f763874f8f45d8f61f80db25b525f1d8f1e13623ae4,True,True,0.0,0.0,0.0,0.0,1.0,1.0,True,True
253,P7_C_EFFECT_RHO0,0.1,0.0,b812df67111c0730f9ebc0e36ce968cd4bba72fce91ca95f16d2dbc37a2ea825,True,True,0.0,0.0,1.0,1.0,1.0,1.0,True,True
253,P7_D_EFFECT_RHO30,0.1,0.3,a26777506d411d509c8a81f108b8c4ba4e47e368f2b5866f36f68fc650072fa3,True,True,0.0,0.0,1.0,1.0,1.0,1.0,True,True
254,P7_A_NULL_RHO0,0.0,0.0,3f9b953c5518011b50d6e48951aef99b720af3459b5b119285ceb3bcb7dd8e77,True,True,0.0,0.0,0.0,0.0,1.0,1.0,True,True
254,P7_B_NULL_RHO30,0.0,0.3,fec214da1063fc8b15358dc573d103625c61eade45fe5041615565edc8c99ede,True,True,0.0,0.0,0.0,0.0,1.0,1.0,True,True
254,P7_C_EFFECT_RHO0,0.1,0.0,1182d3a4390cef0e120bd33bb26754aa38d95e5a54e098d385b1f6f17be7d54e,True,True,0.0,0.0,1.0,1.0,1.0,1.0,True,True
254,P7_D_EFFECT_RHO30,0.1,0.3,8dc813b2856abdf382b3a843764bcaad42befd3751ae1541a5f640480b7c36b1,True,True,-0.00010000000000000286,-9.99999999999994e-05,1.0,1.0,1.0,1.0,True,True
255,P7_A_NULL_RHO0,0.0,0.0,1de1a563256c89334ef991a5b39a2784a6ae5e120b67750f932ce0f355beadc1,True,True,-0.0001999999999999988,-0.0002999999999999982,0.0,0.0,1.0,1.0,True,True
255,P7_B_NULL_RHO30,0.0,0.3,1fb3400409355dc026bccbd850083bb270ab1b90a67e6c81cc57ddb2b06dc818,True,True,-0.0001999999999999988,-0.00030000000000000165,0.0,0.0,1.0,1.0,True,True
255,P7_C_EFFECT_RHO0,0.1,0.0,23607b65906cda6c2583adc1f97fd80e78e356ba7136fb707d312652f48f03d3,True,True,-0.00010000000000000286,0.0001999999999999988,1.0,1.0,1.0,1.0,True,True
255,P7_D_EFFECT_RHO30,0.1,0.3,fb56184562fcf2f726d55704f09246750fd887ceedb8f00ffe9cb33b625d4508,True,True,-0.00010000000000000286,0.0001999999999999988,1.0,1.0,1.0,1.0,True,True
256,P7_A_NULL_RHO0,0.0,0.0,6056db2d3c4d8984f45024f6c4348ee77d6e15d5b1417cd3c87066aa479bee35,True,True,0.0,0.0,0.0,0.0,1.0,1.0,True,True
256,P7_B_NULL_RHO30,0.0,0.3,1c4590170181133d7682b4dd326b46c694eb09e4cce19b6ef7bcfed024227a6b,True,True,0.0,0.0,0.0,0.0,1.0,1.0,True,True
256,P7_C_EFFECT_RHO0,0.1,0.0,014388b3728b1e0264843a1ff1d6b498b0ec120b407d81ae201122d72be2df40,True,True,0.0,0.0,1.0,1.0,1.0,1.0,True,True
256,P7_D_EFFECT_RHO30,0.1,0.3,37dbd28e1a69107d222e1ab6bfc3f843ebb2cf6a856036db8a86991b1ac65d97,True,True,0.0,0.0,1.0,1.0,1.0,1.0,True,True
257,P7_A_NULL_RHO0,0.0,0.0,447aa62ff9b164f6f3d7b39589375060181afdb1e5aa4c39f25ab7fc3f350ba4,True,True,0.0,0.0,0.0,0.0,1.0,1.0,False,True
257,P7_B_NULL_RHO30,0.0,0.3,49bb5c8054ab9a22108559ccff5aed740cb592539b3ac5bd51c33af3dec5cac4,True,True,0.0,9.99999999999994e-05,0.0,0.0,1.0,1.0,False,True
257,P7_C_EFFECT_RHO0,0.1,0.0,c648edc0ddd74b915aa342c41477130936c33e4b859ba0a802288a4c74207c61,True,True,0.0,0.00030000000000000165,1.0,1.0,1.0,1.0,False,True
257,P7_D_EFFECT_RHO30,0.1,0.3,f579e2c07c077c17cecd6e9c27e2afac9f85eb003ef8928ba5e6a8c9f85ab69e,True,True,0.0,0.00030000000000000165,1.0,1.0,1.0,1.0,True,True
258,P7_A_NULL_RHO0,0.0,0.0,84369d39abfb7e6ca7620f46d6a811913b449fac227b2d0a4d36f7a923714bf9,True,True,0.0002999999999999999,-0.001400000000000002,0.0,0.0,1.0,1.0,True,True
258,P7_B_NULL_RHO30,0.0,0.3,a269229f57bf10501291f4f7b25ec395afa8981eb497ab55f0113863e3fa1611,True,True,0.0004,-0.0013999999999999985,0.0,0.0,1.0,1.0,True,True
258,P7_C_EFFECT_RHO0,0.1,0.0,0af6e79e273c4ec2a4cd18bb8113d670aadafca1c8ca27a99040839642c5636f,True,True,0.0003999999999999976,-0.0009000000000000015,1.0,1.0,1.0,1.0,True,True
258,P7_D_EFFECT_RHO30,0.1,0.3,d54bf3e9abfe92919acfdc9021dfe0619b063e8a45adba7108bd30b0b784b33c,True,True,0.0003999999999999976,-0.0009000000000000015,1.0,1.0,1.0,1.0,True,True
259,P7_A_NULL_RHO0,0.0,0.0,71a4dce17aaccc4f258dd45a079cfdc77886525284f87bb85dfe52dc5cf9d15d,True,True,-0.0002000000000000001,-9.99999999999994e-05,0.0,0.0,1.0,1.0,True,True
259,P7_B_NULL_RHO30,0.0,0.3,62c2aa3c14184644012374abe96a629d38e6d7cbff7f14ca56aa4887f043be43,True,True,-0.00010000000000000026,0.0,0.0,0.0,1.0,1.0,True,True
259,P7_C_EFFECT_RHO0,0.1,0.0,b3bbde0bc0c4768f5a711c9275fd0a606cb590a5976274a674f5df2e8070886c,True,True,0.0,0.0,1.0,1.0,1.0,1.0,True,True
259,P7_D_EFFECT_RHO30,0.1,0.3,09ab2ca6ce26bc385c3cf9d187889181cfe74a2300881c5551ff34572ecb4422,True,True,-0.00010000000000000286,0.0,1.0,1.0,1.0,1.0,True,True
260,P7_A_NULL_RHO0,0.0,0.0,ed87808cf64e12a78708ffd0142416ac7bb182ee68935076a3fb15619dcb95e1,True,True,0.0,0.0,1.0,1.0,0.0,0.0,True,True
260,P7_B_NULL_RHO30,0.0,0.3,528479906d8828a52d39a96023728b998ac3c454b29cc032d96f4eaf45f458e6,True,True,0.0,0.0,1.0,1.0,0.0,0.0,True,True
260,P7_C_EFFECT_RHO0,0.1,0.0,958dc08aab8913e5d03efccc314a357fd76938b7baf6fb02ecb1e6b8ea8a3763,True,True,0.0,0.0,1.0,1.0,0.0,0.0,True,True
260,P7_D_EFFECT_RHO30,0.1,0.3,cdf5778747765b8d720ac90049ac93735878ec90d69eac3eeb7334e5dcdcb0d1,True,True,0.0,0.0,1.0,1.0,0.0,0.0,True,True
261,P7_A_NULL_RHO0,0.0,0.0,d9f55aa0342197ae1726aabfce31db184b28dc976a91b73a72392a1fc24f7252,True,True,0.0,0.0,0.0,0.0,1.0,1.0,True,True
261,P7_B_NULL_RHO30,0.0,0.3,1e7654c6aa2bf185e5236f4245b0f3156ff352c04227e4bfe4a3964c99287333,True,True,0.0,0.0,0.0,0.0,1.0,1.0,True,True
261,P7_C_EFFECT_RHO0,0.1,0.0,3997f7ddb3017868a0f43e35135b620cafbed77b379885473b5cfd4155575f34,True,True,0.0,0.0,1.0,1.0,1.0,1.0,True,True
261,P7_D_EFFECT_RHO30,0.1,0.3,dcd103a9848b300347ae6d84864c79ccc21d0c8a2ce7d207089a1fe9be26a457,True,True,0.0,0.0,1.0,1.0,1.0,1.0,True,True
262,P7_A_NULL_RHO0,0.0,0.0,993754ddcb238dce1fa4fe7d74dc756baa56fc90f76cfda26cf51e6c9956d6e3,True,True,0.0,0.0,0.0,0.0,1.0,1.0,True,True
262,P7_B_NULL_RHO30,0.0,0.3,f14190737a0a63a9d69e79c8032b834b57aad416729bb09a28c4de6b5c2390d3,True,True,0.0,0.0,0.0,0.0,1.0,1.0,True,True
262,P7_C_EFFECT_RHO0,0.1,0.0,6e749ac3e7efd831da0396d6efcfe90e0859b3fee67acfe2deda052524d3d9ff,True,True,0.0003000000000000086,-0.0010000000000000009,1.0,1.0,1.0,1.0,True,True
262,P7_D_EFFECT_RHO30,0.1,0.3,35ef620714a1fd9aa7a1b222d1a381d3ae27cdf45a36421489d2462db4aa1e80,True,True,0.0003000000000000086,-0.0009000000000000015,1.0,1.0,1.0,1.0,True,True
263,P7_A_NULL_RHO0,0.0,0.0,6dd24e83be2e97062a3a06677102c131e54f7f39aa3475922377f634540529a0,True,True,0.00040000000000000105,-0.0013999999999999985,0.0,0.0,1.0,1.0,True,True
263,P7_B_NULL_RHO30,0.0,0.3,615169911017b2a814ad8592dd7498c6a3cd8debe61b983242ba84f8de235280,True,True,0.00030000000000000165,-0.0013000000000000025,0.0,0.0,1.0,1.0,True,True
263,P7_C_EFFECT_RHO0,0.1,0.0,8d815f09d1ce69fc367aaf6c97444cca3c6b7329b78e0d97daa94982dff14abd,True,True,0.0003999999999999976,-0.0015000000000000013,1.0,1.0,1.0,1.0,True,True
263,P7_D_EFFECT_RHO30,0.1,0.3,d756a4deb1fbf10aed48ae012bf58f651a163c2dbcd4592441f8f709c308fe0b,True,True,0.0003999999999999976,-0.0014999999999999979,1.0,1.0,1.0,1.0,True,True
264,P7_A_NULL_RHO0,0.0,0.0,eeb25c04bef6d9ed452d7e643232d131941346447f11db0abb1b873c44eb5bf8,True,True,0.0,0.0,0.0,0.0,1.0,1.0,False,False
264,P7_B_NULL_RHO30,0.0,0.3,b7ce730f77efa90dcf27cdc4c03dd5e49760c600068011cbb1f103d14f95f979,True,True,0.0,9.99999999999994e-05,0.0,0.0,1.0,1.0,False,False
264,P7_C_EFFECT_RHO0,0.1,0.0,d28406e926380fbdadf709c2643cab78fb45eca55e1bfb3a4ce5e8017349ec8f,True,True,-0.00019999999999999185,-0.0002999999999999982,1.0,1.0,1.0,1.0,True,True
264,P7_D_EFFECT_RHO30,0.1,0.3,c6eb186b58e936e61c872b8b0c846b8d59c35b1db3e91af6283b208fd92437da,True,True,-0.00019999999999999185,-0.0003999999999999976,1.0,1.0,1.0,1.0,True,True
265,P7_A_NULL_RHO0,0.0,0.0,efe3535e05b29b01d6c94bcacd8b179de4e6e62fe3bde311552dd86a6ac58ed7,True,True,0.0,0.0,0.0,0.0,1.0,1.0,True,True
265,P7_B_NULL_RHO30,0.0,0.3,7aa053ebe40cd1b9f69f0551398b27c9b74a8a455021a69fbc172043cd4baf44,True,True,0.0,0.0,0.0,0.0,1.0,1.0,True,True
265,P7_C_EFFECT_RHO0,0.1,0.0,3c6c558b8969793791c1adabfcf995fda2cecd39981009a3ee86c222f3162b7d,True,True,9.999999999998899e-05,0.0,1.0,1.0,1.0,1.0,True,True
265,P7_D_EFFECT_RHO30,0.1,0.3,a7efc671238e94a5b0a343ad8cdccc7759b115c6676433b182664ee8bcd18f89,True,True,0.0,0.0,1.0,1.0,1.0,1.0,True,True
266,P7_A_NULL_RHO0,0.0,0.0,748144aded2658608f246fd654296f7fbcc1cd5954183945f95f5637a63e362b,True,True,0.0,-9.99999999999994e-05,0.0,0.0,1.0,1.0,True,True
266,P7_B_NULL_RHO30,0.0,0.3,4238237bc53ed68619c6d30fc69d55f38236e5d81a9a20f36002211dc2021979,True,True,0.0,0.0,0.0,0.0,1.0,1.0,True,True
266,P7_C_EFFECT_RHO0,0.1,0.0,c6c6d09a6a4e7a5ecda3e8e4082d16a1f499e6c2815a425cb7913c9304927b5d,True,True,0.0,-9.99999999999994e-05,1.0,1.0,1.0,1.0,True,False
266,P7_D_EFFECT_RHO30,0.1,0.3,897e6c86da8cfdbdce7139c6c507f7840ba366099815f560518b1143393813d7,True,True,-0.00010000000000000286,-9.99999999999994e-05,1.0,1.0,1.0,1.0,True,False
267,P7_A_NULL_RHO0,0.0,0.0,83eecb1867163a7c06f3980a9227051c5e59ddf766dee297806c5576716addc1,True,True,0.0,-0.00030000000000000165,0.0,0.0,1.0,1.0,True,True
267,P7_B_NULL_RHO30,0.0,0.3,3682d2c4dc0861dffa5ac2266e32636073b50caf1b74daf96e69e992ab9cba50,True,True,0.0,-0.00020000000000000226,0.0,0.0,1.0,1.0,True,True
267,P7_C_EFFECT_RHO0,0.1,0.0,9a0a4467c83c219e44e963c708bec41313563f17181115c0b05ff2ce00a34366,True,True,0.00010000000000000286,-0.0006999999999999992,1.0,1.0,1.0,1.0,True,True
267,P7_D_EFFECT_RHO30,0.1,0.3,23347dc729003ebe44ddb1256838960c1ac996a693ee24bea382a2e9d4f6c239,True,True,0.00010000000000000286,-0.0005999999999999998,1.0,1.0,1.0,1.0,True,True
268,P7_A_NULL_RHO0,0.0,0.0,ed4090aaf316bcc6cad8e5c041ac30782f6a94b0cb5a7a0ed8bddc9248fa82b2,True,True,-0.00010000000000000113,-0.00030000000000000165,0.0,0.0,1.0,1.0,True,True
268,P7_B_NULL_RHO30,0.0,0.3,c86952c27af7857d3639d60b53133b337adff874f71865a5658460bcc085b99a,True,True,-0.00020000000000000052,-0.00040000000000000105,0.0,0.0,1.0,1.0,True,True
268,P7_C_EFFECT_RHO0,0.1,0.0,80c5b955d62e5a1013b6dbfb3cb9d54b520b56825ebc53786d779bc9dee62ca3,True,True,0.0,-0.00020000000000000226,1.0,1.0,1.0,1.0,True,True
268,P7_D_EFFECT_RHO30,0.1,0.3,f9519be481bf2fdf17567263690ee6ad77084f33d9612fbf0742c265b6e44688,True,True,-0.00010000000000000286,-0.00030000000000000165,1.0,1.0,1.0,1.0,True,True
269,P7_A_NULL_RHO0,0.0,0.0,a42da3ba922d4ab871494203c378330cbfe05dee40d7ba73bef394f997ec74e8,True,True,0.0,0.0,0.0,0.0,1.0,1.0,True,True
269,P7_B_NULL_RHO30,0.0,0.3,3b8adb4890e77cc42f1dbde06625c551c18e3685a29dafb09226b523fd8f90df,True,True,0.0,0.0,0.0,0.0,1.0,1.0,True,True
269,P7_C_EFFECT_RHO0,0.1,0.0,b958a6b1e669a6c7fbeb56ac52d33698680c6328a456d72e972c7fdd932e91cb,True,True,0.00010000000000000286,-0.0005000000000000004,1.0,1.0,1.0,1.0,True,True
269,P7_D_EFFECT_RHO30,0.1,0.3,724f0bfa244400a33261136a59fcfa40d378480a718bea883c26bc0d4aa59225,True,True,0.0,-0.00020000000000000226,1.0,1.0,1.0,1.0,True,True
270,P7_A_NULL_RHO0,0.0,0.0,1c950977f5a5ec5d4c3c45be5586d38a2b932dfc48d299feda402789ba89864a,True,True,0.0,0.0,0.0,0.0,1.0,1.0,True,True
270,P7_B_NULL_RHO30,0.0,0.3,e9a63e59dcbf1a368f0b6e40bf8ba1453d5d051751162bc519cc5feaad850e3e,True,True,-0.00010000000000000286,0.0,0.0,0.0,1.0,1.0,True,True
270,P7_C_EFFECT_RHO0,0.1,0.0,20efa527528691d44bd65a11f048d9e3cb9d6604e9099f3d41ba0115d9309e8e,True,True,0.00010000000000000286,0.0,1.0,1.0,1.0,1.0,True,True
270,P7_D_EFFECT_RHO30,0.1,0.3,980642a8519a3ac9ae50a3170458f10f97808ef055771186956ef7015a125176,True,True,0.0,0.0,1.0,1.0,1.0,1.0,True,True
271,P7_A_NULL_RHO0,0.0,0.0,611ea14a639c18ab9defd9c9fb78f4b6a669b4938ca2e8cb884de4097df2b5d4,True,True,9.999999999999983e-05,-0.0005000000000000004,0.0,0.0,1.0,1.0,False,True
271,P7_B_NULL_RHO30,0.0,0.3,072819220dfdae788edfe5df89793d9daf9ae45255c559ed305b9f7408fbcac2,True,True,0.00010000000000000026,-0.0005000000000000004,0.0,0.0,1.0,1.0,False,False
271,P7_C_EFFECT_RHO0,0.1,0.0,87dd8f72a21ab51f6bd774437cffa8859321acb88e7642df11d4b90e320d4278,True,True,0.00019999999999999185,-0.0005999999999999998,1.0,1.0,1.0,1.0,True,True
271,P7_D_EFFECT_RHO30,0.1,0.3,86cb696ee9ba986a09d29627ca85ca6572aaf70e28c89698169003e84c6f57b8,True,True,0.00020000000000000573,-0.0005999999999999998,1.0,1.0,1.0,1.0,True,True
272,P7_A_NULL_RHO0,0.0,0.0,f61a4a4ac56a2c430a85377e3dcf9c9442588fad8951ab9c3eeb705a0e183583,True,True,0.0,0.0,1.0,1.0,0.0,0.0,True,True
272,P7_B_NULL_RHO30,0.0,0.3,88109a32b2c9730b7d2c5521afa754ae933552b36d857af4bc372e1ff236ac5c,True,True,0.0,0.00010000000000000286,1.0,1.0,0.0,0.0,True,True
272,P7_C_EFFECT_RHO0,0.1,0.0,98f407e64983b20bacf5ca6d0d055c082beeac8091bc727e9018c12646aca974,True,True,0.0,-0.0002999999999999982,1.0,1.0,0.0,0.0,True,True
272,P7_D_EFFECT_RHO30,0.1,0.3,aac3997f3f8b10690aa4ea09ded841e990a7be1787b274a0196810ba10575426,True,True,0.0,0.0,1.0,1.0,0.0,0.0,True,True
273,P7_A_NULL_RHO0,0.0,0.0,f9a7c3684bb1cc3af4a432844afe5de1f068db2b0255a5fa4101b9f0cc342305,True,True,0.0008000000000000021,-0.0007999999999999986,0.0,0.0,1.0,1.0,True,True
273,P7_B_NULL_RHO30,0.0,0.3,073405d23c81d1accdc95d65d0de9cfd46d1a7d1bc04c100308f1fa18752bb10,True,True,0.0007999999999999986,-0.0006999999999999992,0.0,0.0,1.0,1.0,True,True
273,P7_C_EFFECT_RHO0,0.1,0.0,72a988437e602a946ac119a0ce56db1102e1e49a3356fcc8bb5e9226ef0972b2,True,True,0.0007999999999999952,-0.0005999999999999998,1.0,1.0,1.0,1.0,True,True
273,P7_D_EFFECT_RHO30,0.1,0.3,a35a8eb5448f10eae8203506af925eaef3eb77e0d498707e2c45e5b74b584594,True,True,0.0006999999999999923,-0.00040000000000000105,1.0,1.0,1.0,1.0,True,True
274,P7_A_NULL_RHO0,0.0,0.0,c91145a533d164a1e49a14316401e633f030d2f239bfb0a6c44acc5afdac8fca,True,True,0.0,-0.0009000000000000015,0.0,0.0,1.0,1.0,True,True
274,P7_B_NULL_RHO30,0.0,0.3,6949bd58a3bc174240c94e307b2d810b024bad942b609711c7ec164ddeb63f3a,True,True,0.0,-0.0010000000000000009,0.0,0.0,1.0,1.0,True,True
274,P7_C_EFFECT_RHO0,0.1,0.0,3db7f1bf78b0827c0a87203cd8e886a4e5fe2cce67133c85ed48508dcf74904c,True,True,-0.00010000000000000286,-0.0011000000000000003,1.0,1.0,1.0,1.0,True,True
274,P7_D_EFFECT_RHO30,0.1,0.3,6b50d52f7001abba4939d87d356098adf7ef3fb443c8cd952deb54b83ebfa9ff,True,True,0.0,-0.0010000000000000009,1.0,1.0,1.0,1.0,True,True
275,P7_A_NULL_RHO0,0.0,0.0,534035c56638af1f8cad69f2bd6d702f016cbba1a55d10c09151a5bda702087e,True,True,9.99999999999994e-05,-0.0005000000000000004,0.0,0.0,1.0,1.0,False,False
275,P7_B_NULL_RHO30,0.0,0.3,e7fec0dabdae3167e533c8a78721af651eed9422705068bfacba88e2d79647ce,True,True,-9.99999999999994e-05,-9.99999999999994e-05,0.0,0.0,1.0,1.0,True,False
275,P7_C_EFFECT_RHO0,0.1,0.0,490a3526563705d6adb34f717207ecb0e1f000d4790ba3988ee58725a0e5f7c2,True,True,0.0,-9.99999999999994e-05,1.0,1.0,1.0,1.0,True,False
275,P7_D_EFFECT_RHO30,0.1,0.3,2091e44fd4646bad8712464b00e5afeb125ff4840da94db66eab9eba3f387466,True,True,-9.999999999998899e-05,-9.99999999999994e-05,1.0,1.0,1.0,1.0,True,False
276,P7_A_NULL_RHO0,0.0,0.0,82874203f6048733a356214380796655013f7181d2f4723090ffd7aa63216875,True,True,0.0,0.0,0.0,0.0,1.0,1.0,True,True
276,P7_B_NULL_RHO30,0.0,0.3,5885c8f7f79a6b3ae4a1c0cd93eef433384af6b5442d1aefd9b4a24bdca0dc06,True,True,-0.00010000000000000005,-0.00010000000000000286,0.0,0.0,1.0,1.0,True,True
276,P7_C_EFFECT_RHO0,0.1,0.0,8dd5f8783eeb8dc04e61596f1573a8233aaec1b19cd71f8a5edbec6a3b22eed4,True,True,-0.00010000000000000286,-0.0001999999999999988,1.0,1.0,1.0,1.0,True,True
276,P7_D_EFFECT_RHO30,0.1,0.3,a4409ccac3e2b6fe443ca2fce7a3d575a99b579a4429410f74641ce53089a8e6,True,True,-0.00010000000000000286,-0.0001999999999999988,1.0,1.0,1.0,1.0,True,True
277,P7_A_NULL_RHO0,0.0,0.0,7b4137d6124b7d87313c0c4843febd6b19cdeea87a0f3f9beaac7d4f223d6b4f,True,True,0.0,-0.0007999999999999986,1.0,1.0,0.0,0.0,True,True
277,P7_B_NULL_RHO30,0.0,0.3,748f45f7d475d6d75f7d5a7d17409a0ee2a5ccf98346db205ae176f0f840b0a7,True,True,0.00010000000000000286,-0.0007999999999999986,0.0,1.0,1.0,0.0,True,True
277,P7_C_EFFECT_RHO0,0.1,0.0,cc405cedb366fe51f1842dad46c9d0f6d3a0b093b56baaef84b697333aa461bf,True,True,9.999999999998899e-05,-0.0009000000000000015,1.0,1.0,1.0,1.0,True,True
277,P7_D_EFFECT_RHO30,0.1,0.3,302626db19918dbe5c5d7a06015e1eb196a61965c12277551d6f2458b2afd256,True,True,9.999999999998899e-05,-0.0009000000000000015,1.0,1.0,1.0,1.0,True,True
278,P7_A_NULL_RHO0,0.0,0.0,36206726b5155d55e6bf72abb75e95790612c866593bdaefef87f6b564317a2e,True,True,0.0,0.0,0.0,0.0,1.0,1.0,True,True
278,P7_B_NULL_RHO30,0.0,0.3,1b1f78a8570db82ad8729d3a1b96c8787e861ddffed4c428bef6dce66cd64697,True,True,0.0,0.0,0.0,0.0,1.0,1.0,True,True
278,P7_C_EFFECT_RHO0,0.1,0.0,22e9c15caa6d767bc112bc8251daf3ee991d72ee4ea50ab5303bc739193a76cc,True,True,0.0,0.0,1.0,1.0,1.0,1.0,True,True
278,P7_D_EFFECT_RHO30,0.1,0.3,c90289203c6ddd33514a51b5ff5e81f0b4d8ffff2598ef000f421658874e9de9,True,True,0.0,0.0,1.0,1.0,1.0,1.0,False,True
279,P7_A_NULL_RHO0,0.0,0.0,a1c1b404a140d40e7dad9dddc1ee7ef25f3b284b4197c3abab04fef4ddfae000,True,True,-0.00039999999999999996,-9.99999999999994e-05,0.0,0.0,1.0,1.0,True,True
279,P7_B_NULL_RHO30,0.0,0.3,4648d6c345b9abedd99dd0dd3a2b3de9ecf464e97d7b43c9d63148df0614994e,True,True,-0.0002999999999999999,-9.99999999999994e-05,0.0,0.0,1.0,1.0,True,True
279,P7_C_EFFECT_RHO0,0.1,0.0,992bbbe4efe8d78474d62f16b5de658773dd075c9ad9fb8eae5b9f6a8d69fe97,True,True,-0.0006000000000000033,-0.00020000000000000226,1.0,1.0,1.0,1.0,True,False
279,P7_D_EFFECT_RHO30,0.1,0.3,035448461e87c89dbf59a10f1229b979ed8e61f8399a33a91396707c4c1e9136,True,True,-0.0005000000000000004,-0.00020000000000000226,1.0,1.0,1.0,1.0,True,False
280,P7_A_NULL_RHO0,0.0,0.0,6d0c1a4761c752e92eadf93b52b79aaf4c7a40c92fe447d7733c7ce91a7e30c2,True,True,0.0,0.0,0.0,0.0,1.0,1.0,True,True
280,P7_B_NULL_RHO30,0.0,0.3,ac08f160bcac6a83604b6a3d588d3935c891efa145f741286f1c157e3bac27eb,True,True,0.0,0.0,0.0,0.0,1.0,1.0,True,True
280,P7_C_EFFECT_RHO0,0.1,0.0,2927fd4f585a16c9bb1e6d9e01cd8db3f1a9fda44a27fc83c033c448c763a6b4,True,True,0.0,0.0,1.0,1.0,1.0,1.0,True,True
280,P7_D_EFFECT_RHO30,0.1,0.3,2180c7e982fdfacf3786a2350bcd70736972f83a2f905a8e6dde70ae88586ac1,True,True,0.0,0.0,1.0,1.0,1.0,1.0,True,True
281,P7_A_NULL_RHO0,0.0,0.0,7335c067fa465f732c0aba2aa2d94dc12282233d48369c9a28df9aa6189732c2,True,True,-0.0002999999999999999,-0.0005000000000000004,0.0,0.0,1.0,1.0,True,True
281,P7_B_NULL_RHO30,0.0,0.3,1a2302caafac5461e265c5a563ee0c88076be5a010c6cc2be4d2e40a6beb84b2,True,True,-0.0002000000000000001,-0.0005000000000000004,0.0,0.0,1.0,1.0,True,True
281,P7_C_EFFECT_RHO0,0.1,0.0,8892819dc9e1c572fc9af70c3f6e6c028e67721ebb5abd5c79c9e71c13682634,True,True,-0.00010000000000000286,-0.0002999999999999982,1.0,1.0,1.0,1.0,True,True
281,P7_D_EFFECT_RHO30,0.1,0.3,d7a7fd05e3fd66c0a932b91526cfc0a3004ee9b92f3b9dd93d946f4ea2c09dd2,True,True,-0.00010000000000000286,-0.0001999999999999988,1.0,1.0,1.0,1.0,True,True
282,P7_A_NULL_RHO0,0.0,0.0,8ad2072625caae6c1383aeaac577f550b4ab6e40f867f418c51ffd2ab8e315ef,True,True,0.0,0.0,0.0,0.0,1.0,1.0,True,True
282,P7_B_NULL_RHO30,0.0,0.3,45259a6a3bcfd26aa83e1c8844b33754f1bec4037ea0107684c1520940dbd336,True,True,0.0,0.0,0.0,0.0,1.0,1.0,True,True
282,P7_C_EFFECT_RHO0,0.1,0.0,8543bff120367606002f0e08f67c1f05dc2671787f1dcd2c5bb247785baaf42f,True,True,0.0,0.0,1.0,1.0,1.0,1.0,True,True
282,P7_D_EFFECT_RHO30,0.1,0.3,145294b7f9ca045c3d73c9b58037ffdd143bd5eaa0ca480f3f1633a78cbc19d2,True,True,0.0,0.0,1.0,1.0,1.0,1.0,True,True
283,P7_A_NULL_RHO0,0.0,0.0,a13a49de4ecb049c47d150f3309f29e8b3ca513a0228964ec65677e664794d11,True,True,-0.00020000000000000226,0.0006000000000000033,0.0,0.0,1.0,1.0,True,False
283,P7_B_NULL_RHO30,0.0,0.3,4116286803464b76af85b2921e46156cde1b86aaa8862912336e44e5af74cad7,True,True,-0.0001999999999999988,0.0006000000000000033,0.0,0.0,1.0,1.0,True,False
283,P7_C_EFFECT_RHO0,0.1,0.0,66929de2a27b48dd90ab86cd379e55060090874f450191a2d4dc4aabd1ff7a0d,True,True,-0.00040000000000001146,-0.0005999999999999998,1.0,1.0,1.0,1.0,True,True
283,P7_D_EFFECT_RHO30,0.1,0.3,8dfbee283ffa28fc86e85d5a5c5228d7e2e6c7ca25bfd9d25821b36f9cc71f50,True,True,-0.0003999999999999976,-0.0006999999999999992,1.0,1.0,1.0,1.0,True,True
284,P7_A_NULL_RHO0,0.0,0.0,32540c3d4da55b3f5cbacdc1b2ad950a460bee59e00b2ab941519aeadde5da8d,True,True,0.0,0.0,0.0,0.0,1.0,1.0,True,True
284,P7_B_NULL_RHO30,0.0,0.3,a52e63ef3995766e8cd7575eb6ed9313eaa87b3ef0f1c999ff779722d1f8054d,True,True,0.0,0.0,0.0,0.0,1.0,1.0,True,True
284,P7_C_EFFECT_RHO0,0.1,0.0,40ffac81892bd8684d8706690d35694a91c2ba044a4423b818cb537398691014,True,True,0.0,0.0,1.0,1.0,1.0,1.0,True,True
284,P7_D_EFFECT_RHO30,0.1,0.3,2df2cacae6194df14521618fc5041a93131e3014451f8745911b0495c51babff,True,True,0.0,0.0,1.0,1.0,1.0,1.0,True,True
285,P7_A_NULL_RHO0,0.0,0.0,6b683c7283c1b6735e790b5341a784e76ed5626d7741155b55d8eff971f8ab4a,True,True,-9.99999999999994e-05,-0.00040000000000000105,0.0,0.0,1.0,1.0,True,True
285,P7_B_NULL_RHO30,0.0,0.3,95f35da5484ca40d0ebeaa57f71609d815792c9e3ba448615d3c7fb10baca7a3,True,True,-0.00010000000000000286,-0.00040000000000000105,0.0,0.0,1.0,1.0,True,True
285,P7_C_EFFECT_RHO0,0.1,0.0,292718d2929ceb11005aca7a2ea833b30cc9945c5503b875fa7d839a540360f8,True,True,0.0,0.0,1.0,1.0,1.0,1.0,True,True
285,P7_D_EFFECT_RHO30,0.1,0.3,361c5cb510919620c5d31b05cc20dc55afb359216a456782c0058108705e7492,True,True,9.999999999998899e-05,0.0,1.0,1.0,1.0,1.0,True,True
286,P7_A_NULL_RHO0,0.0,0.0,01ba4efb4f62283656094f53cfa889af3c292148a0d02638bbb43fb3b6b0be76,True,True,0.0005000000000000004,-0.00030000000000000165,0.0,0.0,1.0,1.0,True,True
286,P7_B_NULL_RHO30,0.0,0.3,1cf572fe77cb2478d20b25b62597cdc18d56707519ef0901e2bc9324f9250396,True,True,0.00040000000000000105,-0.0001999999999999988,0.0,0.0,1.0,1.0,True,True
286,P7_C_EFFECT_RHO0,0.1,0.0,7fea912d91380364ce5de828dbbd124b621e0cb3a3d7ffce65ef175c52376be1,True,True,0.0003999999999999837,-0.00020000000000000226,1.0,1.0,1.0,1.0,True,True
286,P7_D_EFFECT_RHO30,0.1,0.3,829c93e115b0f46f9e898bf9bc51874adbd882114de50218cb9a7a475c7154cf,True,True,0.0003999999999999837,-0.00020000000000000226,1.0,1.0,1.0,1.0,True,True
287,P7_A_NULL_RHO0,0.0,0.0,4804612f1015f67bf91546273be328e6105307fcab3ad8f07e1976176a14c512,True,True,-9.99999999999994e-05,0.0,0.0,0.0,1.0,1.0,True,True
287,P7_B_NULL_RHO30,0.0,0.3,c0bb9cc093a167688bfb2346b6b358134ab72144dc848c990a8410a61861cd45,True,True,0.0,0.0,0.0,0.0,1.0,1.0,True,True
287,P7_C_EFFECT_RHO0,0.1,0.0,f423a853222aabf2c537db94d0bd08f3f48a40bc8875e2063478487abab90dd8,True,True,0.0,0.0,1.0,1.0,1.0,1.0,True,True
287,P7_D_EFFECT_RHO30,0.1,0.3,7d9048264e3bf5de30f58ac20d7d7a7683c5d0e682d9dac40ca35d1c4b4bced8,True,True,0.0,0.0,1.0,1.0,1.0,1.0,True,True
288,P7_A_NULL_RHO0,0.0,0.0,9d27191d84f96bdf82872ffb723c0dc33b19da48ae48aa3298ed4531a624d509,True,True,0.0,0.0,0.0,0.0,1.0,1.0,True,True
288,P7_B_NULL_RHO30,0.0,0.3,50f0834d97a65b12031a9b31e67cc8eaa5f53ee2fb119904cb777f61dddf4ba0,True,True,0.0,0.0,0.0,0.0,1.0,1.0,True,True
288,P7_C_EFFECT_RHO0,0.1,0.0,8b76002881fef777d037fcd48cc8abe8b843d1be73ac9a4d09f8fc50b8561b13,True,True,0.0,-9.99999999999994e-05,1.0,1.0,1.0,1.0,True,True
288,P7_D_EFFECT_RHO30,0.1,0.3,1ad0d0f1f9c917d70d77e96aae44a2a7b9de182db9bee822b4d4688a05b5afea,True,True,0.00010000000000000286,-9.99999999999994e-05,1.0,1.0,1.0,1.0,True,True
289,P7_A_NULL_RHO0,0.0,0.0,f5c424392e76fa4777c138a29a4caff5c42b4fc46879757ff645e82afe98ab9e,True,True,0.0,0.0,0.0,0.0,1.0,1.0,True,True
289,P7_B_NULL_RHO30,0.0,0.3,db8bc6a4950410adb510df56bac421567dfa1cc0fb942ea5951151b16e9939b6,True,True,0.0,0.0,0.0,0.0,1.0,1.0,True,True
289,P7_C_EFFECT_RHO0,0.1,0.0,387149cc307310f094806c5aa45dad3077f70f74518747d538fc987572f4d403,True,True,0.0,-0.0005000000000000004,1.0,1.0,1.0,1.0,True,True
289,P7_D_EFFECT_RHO30,0.1,0.3,2c5b3b0b6a2584ad82a35889583c5993f8345fb6d91635478082cfe76c79bbfe,True,True,0.00010000000000000286,-0.00040000000000000105,1.0,1.0,1.0,1.0,True,True
290,P7_A_NULL_RHO0,0.0,0.0,48fb12b0afe68ed6b33c411171315cba7cea020815e93c3923d219855b113a9e,True,True,0.0,0.0,0.0,0.0,1.0,1.0,True,False
290,P7_B_NULL_RHO30,0.0,0.3,d560251680d5a4d54f2f0adc49b1e0a3725ba348c479976fd4ee12cf501e7781,True,True,0.0,-9.99999999999994e-05,0.0,0.0,1.0,1.0,True,False
290,P7_C_EFFECT_RHO0,0.1,0.0,91080d1ae75c1dbb11cb7f6fa38ce09833af7d99951acd1cd3aade053e01bc10,True,True,-0.00010000000000000286,-0.0001999999999999988,1.0,1.0,1.0,1.0,True,False
290,P7_D_EFFECT_RHO30,0.1,0.3,c3a3f7be45cac48b6a6a584b9ddbbfea81cdcd908a7c9e97a35249fcea65ae3e,True,True,-0.00010000000000000286,9.99999999999994e-05,1.0,1.0,1.0,1.0,True,False
291,P7_A_NULL_RHO0,0.0,0.0,b33a645cf4f1f2ee1b5507f8a10af5df4817920ff6ce5a32f6d27e206e5a80a7,True,True,0.0005999999999999998,-0.0001999999999999988,0.0,0.0,1.0,1.0,True,True
291,P7_B_NULL_RHO30,0.0,0.3,d8c9cd5190cc9a2dd0572190db3a4216744f56ae1d22eeb2cb8dc67f0d839456,True,True,0.000499999999999997,-0.0001999999999999988,0.0,0.0,1.0,1.0,True,True
291,P7_C_EFFECT_RHO0,0.1,0.0,16e3c1619b92ca12f52d18c6164e1ee785a2a6996015300221567f7e3ed3a047,True,True,0.0003999999999999976,-9.99999999999994e-05,1.0,1.0,1.0,1.0,True,True
291,P7_D_EFFECT_RHO30,0.1,0.3,ecac4241caaad8b17de1cddb4c2cb377985675142dab85b0b4f5b274e6aec5b9,True,True,0.0003000000000000086,-9.99999999999994e-05,1.0,1.0,1.0,1.0,True,True
292,P7_A_NULL_RHO0,0.0,0.0,3c3a9d541ad04060a7a5088e304e9bff7a9e6f38c87ba0823624eaa5deca1628,True,True,0.0005999999999999998,-0.0017999999999999995,0.0,0.0,1.0,1.0,True,True
292,P7_B_NULL_RHO30,0.0,0.3,7e9bb9f5a2e455ad21a3a38c9dfd303b064d04976185e170f2dce15b74fe5a62,True,True,0.0005000000000000004,-0.001899999999999999,0.0,0.0,1.0,1.0,True,True
292,P7_C_EFFECT_RHO0,0.1,0.0,6a2b33ccce02e3ba6e7b99503f5453b33ed5fd4814f6c2471e6718a7a0449340,True,True,0.0006000000000000172,-0.0017000000000000001,1.0,1.0,1.0,1.0,True,True
292,P7_D_EFFECT_RHO30,0.1,0.3,d68ca0e302403d2dff7575a2fb77c4f19233387551925f46354cb895802c2a89,True,True,0.0005999999999999894,-0.0017000000000000001,1.0,1.0,1.0,1.0,True,True
293,P7_A_NULL_RHO0,0.0,0.0,f68c7b65a0f9e338afbf036404957a23c516833681bcd612a1f46be3fa2eef04,True,True,-9.99999999999994e-05,0.0001999999999999988,0.0,0.0,1.0,1.0,False,False
293,P7_B_NULL_RHO30,0.0,0.3,df0bcb04d230e6cff8223c6ca10c636a7273226d4cb4c3d18399ffe7162ca04b,True,True,-0.00010000000000000026,0.00020000000000000226,0.0,0.0,1.0,1.0,True,False
293,P7_C_EFFECT_RHO0,0.1,0.0,1be87fe2b2a779db9d09d3cddbba52a5780be2d2cc2ca26dd717b53cdf01a1f4,True,True,0.0,0.0,1.0,1.0,1.0,1.0,False,False
293,P7_D_EFFECT_RHO30,0.1,0.3,90db7e74753a0e7faf5e1602ec60f3938d6c2dd403b40613a934901a4e36a3ef,True,True,0.0,0.0,1.0,1.0,1.0,1.0,True,True
294,P7_A_NULL_RHO0,0.0,0.0,1191b54764f72beb51cfdb20659e6ffbc228e23be2cdb2994545093d04c92dd6,True,True,0.0,0.0,0.0,0.0,1.0,1.0,True,True
294,P7_B_NULL_RHO30,0.0,0.3,e914ade9e92a925a6888e164328a7193918bc20264d9d017b8a2c788f54f6277,True,True,0.0,0.0,0.0,0.0,1.0,1.0,True,True
294,P7_C_EFFECT_RHO0,0.1,0.0,baf015987690d8f276a388484fc38f843d856032d2b647acc672110ca4f31607,True,True,0.0,-0.00040000000000000105,1.0,1.0,1.0,1.0,True,True
294,P7_D_EFFECT_RHO30,0.1,0.3,f33f1230b6b8982786626773f642e694bb5c36b8e76ecd1489bc1e393c1321df,True,True,0.0,-0.00040000000000000105,1.0,1.0,1.0,1.0,True,True
295,P7_A_NULL_RHO0,0.0,0.0,cc60c972cc6573d6cd192b584fe8beb4a6862eca6813d8495e2c966eb931688d,True,True,-9.999999999999983e-05,-0.00020000000000000226,0.0,0.0,1.0,1.0,True,False
295,P7_B_NULL_RHO30,0.0,0.3,b6928710610d6fe84bf771406d2c17ab7ac779fa13c81ddac48611f6bedf4f81,True,True,-9.999999999999983e-05,-0.00030000000000000165,0.0,0.0,1.0,1.0,True,False
295,P7_C_EFFECT_RHO0,0.1,0.0,5705859d93186c8c4cf94e857f02f30be814b5e7bcfee12ac58bdc7732352398,True,True,-9.999999999998899e-05,-0.00020000000000000226,1.0,1.0,1.0,1.0,True,False
295,P7_D_EFFECT_RHO30,0.1,0.3,c1a0a5b5e73bd39d675ab69a11ef45be0717669d55c0dba1d73e1695323647ab,True,True,-0.00010000000000000286,-0.00020000000000000226,1.0,1.0,1.0,1.0,True,False
296,P7_A_NULL_RHO0,0.0,0.0,43fb02609e0e6d2378b759d665c5e1fce127d4c1b72a5695f87c13a922e43ce1,True,True,0.0,0.0,0.0,0.0,1.0,1.0,True,True
296,P7_B_NULL_RHO30,0.0,0.3,9840fceea5825b018df6963ce247bcb4b291b5685db9ba814881cd5cae13ca63,True,True,0.0,0.0,0.0,0.0,1.0,1.0,True,True
296,P7_C_EFFECT_RHO0,0.1,0.0,41aec7f7e7244f6c3b1024d5893fd36eb183daa44090de7b6545f99097f1a873,True,True,0.0,0.0,1.0,1.0,1.0,1.0,True,True
296,P7_D_EFFECT_RHO30,0.1,0.3,9c94ab1690afd329a32906a92869cf13d24c708575dc9071d3e39d6f25c5c004,True,True,0.0,0.0,1.0,1.0,1.0,1.0,True,True
297,P7_A_NULL_RHO0,0.0,0.0,15ccd46a7c5085e7d8d7293098b2d58b231a16be7c7382eeb83c258b3f8e641f,True,True,0.0,0.0,0.0,0.0,1.0,1.0,True,True
297,P7_B_NULL_RHO30,0.0,0.3,123f669e827aa80d1b1ba08d618519a484890a506d5275bb74badcf10f028d25,True,True,0.0,0.0,0.0,0.0,1.0,1.0,True,True
297,P7_C_EFFECT_RHO0,0.1,0.0,0399e5bb8081a66cc670dbe35347dd70bb77222d92a3f3508b926c9af1f6e0a2,True,True,-0.00010000000000000286,0.00010000000000000286,1.0,1.0,1.0,1.0,True,False
297,P7_D_EFFECT_RHO30,0.1,0.3,f3bec5c0720d1c8fefb7233c6701acb964a51e06edbd74d07a50c2a654013d02,True,True,0.0,0.0,1.0,1.0,1.0,1.0,True,False
298,P7_A_NULL_RHO0,0.0,0.0,9d7cffe4f169930ba4afaa666e84d166891fc7c01bb820490ccf2c8046297e97,True,True,0.0,0.0,0.0,0.0,1.0,1.0,True,True
298,P7_B_NULL_RHO30,0.0,0.3,7c5705ae72bba0d5148095776614c73d3152768ddff317489ca29f4e9d3787b6,True,True,0.0,0.0,0.0,0.0,1.0,1.0,True,True
298,P7_C_EFFECT_RHO0,0.1,0.0,89c88e31088f4ea109fec34c104d1caa9d19476103ccbf53f26d4b6c587268c0,True,True,0.0,0.0,1.0,1.0,1.0,1.0,True,True
298,P7_D_EFFECT_RHO30,0.1,0.3,319d1c143aaa49096abaa4b5f327e6985f412ae007936ec58b557a77fb2b3ae9,True,True,0.0,0.0,1.0,1.0,1.0,1.0,True,True
299,P7_A_NULL_RHO0,0.0,0.0,b4525af6437d2730f59402034d85c2cf2f1fae1bd930601e01aafefbe6ac3ad9,True,True,0.0,0.0,0.0,0.0,1.0,1.0,True,True
299,P7_B_NULL_RHO30,0.0,0.3,e6a9c42e982dd08011641648b6361efd286890b313dcfe7b33163981fa31cd6b,True,True,0.0,0.0,0.0,0.0,1.0,1.0,True,True
299,P7_C_EFFECT_RHO0,0.1,0.0,a6d5581add7bb295b531af7b48266f632d05b26ce62aeba706986fa6b54af036,True,True,0.0,9.99999999999994e-05,1.0,1.0,1.0,1.0,True,True
299,P7_D_EFFECT_RHO30,0.1,0.3,a4df79c2e8b7f64b4732126f31ef0e837d1e371741f95a9f443cfafb87ad0984,True,True,0.0,0.0,1.0,1.0,1.0,1.0,True,True
300,P7_A_NULL_RHO0,0.0,0.0,edc7afb129049011b0274bb0aec390702fd9dee7455eeddb3d84ba7e2de3752e,True,True,-0.0003000000000000008,-0.0006999999999999992,0.0,0.0,1.0,1.0,True,True
300,P7_B_NULL_RHO30,0.0,0.3,34c3b31f1673d6d364dc1b70caa698148a18772997e1a8b99e99cdb2010dc81a,True,True,-0.0002999999999999999,-0.0007000000000000027,0.0,0.0,1.0,1.0,True,True
300,P7_C_EFFECT_RHO0,0.1,0.0,8a31b044b8ddba00f76d9e328d3dd156c40d38779c486e36c4fc331e1aa7ddbe,True,True,-0.00020000000000000573,-0.00040000000000000105,1.0,1.0,1.0,1.0,True,True
300,P7_D_EFFECT_RHO30,0.1,0.3,2efe2f445b4015ea99d9982d0a72aaa42cf0aa9d354b0591d6ceb3834e243c77,True,True,-0.0002999999999999947,-0.0005999999999999998,1.0,1.0,1.0,1.0,True,True
301,P7_A_NULL_RHO0,0.0,0.0,c4387fe82589a2fca2d01d21f3dc817ce2219c2ab2fdbbf6b45a822b43b11f19,True,True,0.0,0.0,0.0,0.0,1.0,1.0,True,True
301,P7_B_NULL_RHO30,0.0,0.3,129da6c58063415fd5e1106d561ece4a9f65c766f08a21029c6b63bf86891df0,True,True,0.0,0.0,0.0,0.0,1.0,1.0,True,True
301,P7_C_EFFECT_RHO0,0.1,0.0,c79f7e2a6a74ffc5704a8f504e491c933161aa0d29537ccccbd36d442b62deb3,True,True,0.0,-9.99999999999994e-05,1.0,1.0,1.0,1.0,False,True
301,P7_D_EFFECT_RHO30,0.1,0.3,3dd3a3f18dab787dded2eca161bdfee0d458c804528b47054e200b3975ff5bcf,True,True,-9.999999999998899e-05,0.0,1.0,1.0,1.0,1.0,True,True
302,P7_A_NULL_RHO0,0.0,0.0,6eb627e50c1a732a6194fdd551ceb056cb1538b5f11ea6c096658f17c8cf1372,True,True,0.0002999999999999982,-0.0005000000000000004,0.0,0.0,1.0,1.0,True,True
302,P7_B_NULL_RHO30,0.0,0.3,e543327ea1c720cfb04be6440924e9298eaaae2c984e21c803d31626859b6868,True,True,0.0002999999999999982,-0.0005000000000000004,0.0,0.0,1.0,1.0,True,True
302,P7_C_EFFECT_RHO0,0.1,0.0,da70feb61cc6312604d59a700eacfbc33685a95468cdaf3eb93c4da0972d52f5,True,True,0.00040000000000001146,-0.00040000000000000105,1.0,1.0,1.0,1.0,True,True
302,P7_D_EFFECT_RHO30,0.1,0.3,20f8c009520be85c9ccc0f65cb84985b51655b08e977a614aff99da13cd61b11,True,True,0.0002999999999999947,-0.0005000000000000004,1.0,1.0,1.0,1.0,True,True
303,P7_A_NULL_RHO0,0.0,0.0,960d573b968204330727f4175d7c252b386598460b3ef80fafa027c1417c07ef,True,True,0.0,0.0,0.0,0.0,1.0,1.0,True,True
303,P7_B_NULL_RHO30,0.0,0.3,41369411c8c661ba25afbfd34c80d2a796414beeab103b3f5092ead044c9c9f9,True,True,0.0,0.0,0.0,0.0,1.0,1.0,True,True
303,P7_C_EFFECT_RHO0,0.1,0.0,4f09a8189aaaccf2004402614a833ee736e861b65a5f23824af0112e950e510a,True,True,0.0,0.0,1.0,1.0,1.0,1.0,True,True
303,P7_D_EFFECT_RHO30,0.1,0.3,f316f8ddca337d98d24f8a6a27cf57c05a40908c86c8f89a687baea8df98f27e,True,True,0.0,0.0,1.0,1.0,1.0,1.0,True,True
304,P7_A_NULL_RHO0,0.0,0.0,90055537fed43159fb8e89654b0f3e54f101eface0ab777b0c5e0f7fc9d3bb26,True,True,0.0008000000000000004,-0.001299999999999999,0.0,0.0,1.0,1.0,True,True
304,P7_B_NULL_RHO30,0.0,0.3,7f91ebcfc1caf9adedbe5e0c5993c05920847c7983fe16f7e65a9cb6735c7af2,True,True,0.0008000000000000004,-0.001299999999999999,0.0,0.0,1.0,1.0,True,True
304,P7_C_EFFECT_RHO0,0.1,0.0,12598f8fb4311cb9c3b633479ef04005b0bf0331c121b1dbbb16853400c2279d,True,True,0.000899999999999998,-0.001400000000000002,1.0,1.0,1.0,1.0,True,True
304,P7_D_EFFECT_RHO30,0.1,0.3,8e4cc5183e2c97f5b9bf5b931f6730d7fb2316c4f5b1e3481b041c1f32af9122,True,True,0.0007999999999999952,-0.0011999999999999997,1.0,1.0,1.0,1.0,True,True
305,P7_A_NULL_RHO0,0.0,0.0,47c765e163b0fa09b1397c0de418367c748a7cb164c7bf96741fbf584db79bb5,True,True,0.0,0.0002999999999999982,0.0,0.0,1.0,1.0,True,True
305,P7_B_NULL_RHO30,0.0,0.3,a9540accbf2ac8a03d387e7bc6b3d3021176ea60f07004903bb9cf09d37ba3a9,True,True,-9.99999999999994e-05,0.0002999999999999982,0.0,0.0,1.0,1.0,True,True
305,P7_C_EFFECT_RHO0,0.1,0.0,c8f7f2e00a8bc8d884c400fa736ea195dcc6728c2f8f6b9e181bf8323647848b,True,True,-0.00010000000000000286,9.99999999999994e-05,1.0,1.0,1.0,1.0,True,True
305,P7_D_EFFECT_RHO30,0.1,0.3,536439034945328ea755aa8d97d0f53d824ff85f033fae4ad0e87ec6457e5e21,True,True,-0.00010000000000000286,-0.0001999999999999988,1.0,1.0,1.0,1.0,True,True
306,P7_A_NULL_RHO0,0.0,0.0,b4c4ad0fa5db8008e9f887dfb7f380276874237b5f02a2e18164094c7d125902,True,True,0.00030000000000000165,-0.00030000000000000165,0.0,0.0,1.0,1.0,True,True
306,P7_B_NULL_RHO30,0.0,0.3,fe2fb1232008b65d870ca210c16ddcd04c03de2eb49ef8f221087f666e1ab5d2,True,True,0.00030000000000000165,-0.00030000000000000165,0.0,0.0,1.0,1.0,True,True
306,P7_C_EFFECT_RHO0,0.1,0.0,9076f1dc434b920343f5d55cc86a36cbced82d23facba7a388bfe167ce65ce16,True,True,0.0002999999999999947,-0.00020000000000000226,1.0,1.0,1.0,1.0,True,True
306,P7_D_EFFECT_RHO30,0.1,0.3,80bdf9ef19cb78cb5f51f141f30effc6db53198f913ef119c0896c6387df1ff3,True,True,0.0002999999999999947,-0.00020000000000000226,1.0,1.0,1.0,1.0,True,True
307,P7_A_NULL_RHO0,0.0,0.0,90c42cd82b6cda83be7408a61f753f6b0ec6f6b40b95a9435717b6b05a176603,True,True,-9.99999999999994e-05,0.00020000000000000226,0.0,0.0,1.0,1.0,True,False
307,P7_B_NULL_RHO30,0.0,0.3,76c88c69e5f5428eee5be1c6212acea3c392b49019448e56c5e80e5f58950617,True,True,-0.00010000000000000113,-0.0002999999999999982,0.0,0.0,1.0,1.0,True,True
307,P7_C_EFFECT_RHO0,0.1,0.0,1999083c811424e850a07950f17a10c2a2312c152e3544d9363e188290cf52ca,True,True,-0.00020000000000000573,0.0,1.0,1.0,1.0,1.0,True,False
307,P7_D_EFFECT_RHO30,0.1,0.3,c320320fd86b18f4b5508cfaa95df31fe10888ad5187ec221b6db8d634fea5ce,True,True,-0.00010000000000000286,0.00010000000000000286,1.0,1.0,1.0,1.0,True,False
308,P7_A_NULL_RHO0,0.0,0.0,9b9ea00961678ba4c029d03c22dde9ca57447895652b42d94d8a839557e4ef87,True,True,0.0,0.0,0.0,0.0,1.0,1.0,True,True
308,P7_B_NULL_RHO30,0.0,0.3,2b9edd90ab859f9cfc139cb55c3f5cab605b11123b39c1227e20611a4f71c5c1,True,True,0.0,0.0,0.0,0.0,1.0,1.0,True,True
308,P7_C_EFFECT_RHO0,0.1,0.0,e63ede91a702d328661ee4422aee2624c08a4bd8d8425fda3694bcc9e7e7ae2c,True,True,-0.0006000000000000033,-0.0011000000000000003,1.0,1.0,1.0,1.0,True,True
308,P7_D_EFFECT_RHO30,0.1,0.3,cb8b925fc489961b66016f6a350622c559ff43c1babe69c572c1f8cfc7c9df0d,True,True,-0.0003999999999999976,-9.99999999999994e-05,1.0,1.0,1.0,1.0,True,True
309,P7_A_NULL_RHO0,0.0,0.0,4669cb8862204167a83ab11c855618a1ce02767ece7a6f0da937980198c65011,True,True,0.0,0.00010000000000000286,0.0,0.0,1.0,1.0,True,True
309,P7_B_NULL_RHO30,0.0,0.3,3efc131c631b162f63f428347f9e2be797b9e089a0b5562df8eb5626f20cc3fe,True,True,0.0,0.00020000000000000226,0.0,0.0,1.0,1.0,False,True
309,P7_C_EFFECT_RHO0,0.1,0.0,8f3f2da40b549a6f35af5a35f45d8f07140f836c3a93b0b16ce6307606c7c5b9,True,True,0.0,0.0,1.0,1.0,1.0,1.0,True,True
309,P7_D_EFFECT_RHO30,0.1,0.3,1a8814ea95d81801cd05629c107a9940ad7bc7de70835c2762e0400228cc36ee,True,True,0.0,0.0,1.0,1.0,1.0,1.0,True,True
310,P7_A_NULL_RHO0,0.0,0.0,9193f9fb1f67434963fdde9542fcf801f6c111425064e16a4a0e453bb94d8b8e,True,True,0.0,0.0,0.0,0.0,1.0,1.0,True,True
310,P7_B_NULL_RHO30,0.0,0.3,8e5c70bb68ab650f16ba0bb885b9495c8783ef13f1693bad4e4eed8de7627018,True,True,0.0,0.0,0.0,0.0,1.0,1.0,True,True
310,P7_C_EFFECT_RHO0,0.1,0.0,4fa46894b0462c90649eeab2e7fa02ace4198c6f0d893e9a220db65c2b5f5f24,True,True,-0.00010000000000000286,-0.0006999999999999992,1.0,1.0,1.0,1.0,True,True
310,P7_D_EFFECT_RHO30,0.1,0.3,b5e2d5131487a7ee980d9b0d4fe1d073a16f385ee5d561090fe4275df41a0e41,True,True,0.0,-0.0007999999999999986,1.0,1.0,1.0,1.0,True,True
311,P7_A_NULL_RHO0,0.0,0.0,3ca6dc99eec913b5dc2fcc49eef17194222ec4a7404fdd664e32f9a69d27c57e,True,True,0.0,-9.99999999999994e-05,0.0,0.0,1.0,1.0,False,True
311,P7_B_NULL_RHO30,0.0,0.3,4d728cd6ee42420918d0f7ca45cdb5d237c97300ae17569de04a43692ec6d9df,True,True,0.0,0.0,0.0,0.0,1.0,1.0,False,True
311,P7_C_EFFECT_RHO0,0.1,0.0,686d8b1c028eabd7c222200a9549099b79241c7f3c6f7df79ba73b270d6b9845,True,True,0.0,-9.99999999999994e-05,1.0,1.0,1.0,1.0,False,True
311,P7_D_EFFECT_RHO30,0.1,0.3,0fc8c01fac39a67574152e5437cc3c2300f80bf59c8435bd23452f8c1a4ba6cb,True,True,0.0,0.0,1.0,1.0,1.0,1.0,True,True
312,P7_A_NULL_RHO0,0.0,0.0,7d3cebbfcb2492774cf0284e33bbdd39a17df96a3f8c7d8fd819fc80634d2785,True,True,0.0003999999999999993,-0.0010000000000000009,0.0,0.0,1.0,1.0,True,True
312,P7_B_NULL_RHO30,0.0,0.3,47121c9dcfa6945355f55175bcb72063994557f9d101d6c7014e4459bfbdd138,True,True,0.0002999999999999999,-0.0010000000000000009,0.0,0.0,1.0,1.0,True,True
312,P7_C_EFFECT_RHO0,0.1,0.0,b4146dcac4f51b668d3f375396c7463cc42ff2faabff4d12228546b76242dfdb,True,True,0.0002999999999999947,-0.0011999999999999997,1.0,1.0,1.0,1.0,False,False
312,P7_D_EFFECT_RHO30,0.1,0.3,343608b8fd013208b089cba9947022714ede1f9e9a43bf640fce3a60a51b9168,True,True,0.0003999999999999976,-0.0011999999999999997,1.0,1.0,1.0,1.0,False,False
313,P7_A_NULL_RHO0,0.0,0.0,2228a875c634768ff7b57c8946ffae578cd235352b9f0ac5b128dca94e965858,True,True,0.0008000000000000021,-0.001400000000000002,0.0,0.0,1.0,1.0,True,True
313,P7_B_NULL_RHO30,0.0,0.3,f70d8566fa1fccc5297175325ce61d32a934ec91d5faafa2045f7406b153fa0a,True,True,0.0008000000000000021,-0.001299999999999999,0.0,0.0,1.0,1.0,True,True
313,P7_C_EFFECT_RHO0,0.1,0.0,2fbaa91721f3e33559ef5eeafb65cc9e555ad2b26b29e385348f673c1893ef5e,True,True,0.0009000000000000119,-0.0016000000000000007,1.0,1.0,1.0,1.0,True,True
313,P7_D_EFFECT_RHO30,0.1,0.3,9a8f0394f2992a34f939bda9194f8f2f393a42b65c2bd0415d3a530e01d81254,True,True,0.0008999999999999841,-0.001400000000000002,1.0,1.0,1.0,1.0,True,True
314,P7_A_NULL_RHO0,0.0,0.0,ef543f57febd2ccc4a885c7e96c7d956a4f9d9f69415c4127cc21e633eafef9c,True,True,0.0,0.0,0.0,0.0,1.0,1.0,True,True
314,P7_B_NULL_RHO30,0.0,0.3,038482a369ca6754280ae6cde4ae013fa30592cb7e8448a7d7d9a2c614bdfce0,True,True,0.0005999999999999998,-0.002799999999999997,0.0,0.0,1.0,1.0,True,True
314,P7_C_EFFECT_RHO0,0.1,0.0,eb4f173e42837384cf56db6ee2ee9e5a82860cf1098c03341755e2fea4684d13,True,True,0.0007000000000000062,-0.0029,1.0,1.0,1.0,1.0,True,True
314,P7_D_EFFECT_RHO30,0.1,0.3,cff9a520a9a004cf35a8a1c70f397fa253c3aa9c22377a2aa1f6fa81032ff5a4,True,True,0.0,0.0,1.0,1.0,1.0,1.0,True,True
315,P7_A_NULL_RHO0,0.0,0.0,ed241537526459782ce771a4d04b70ff302bd76a5c30cb3d36840cf56922d7a2,True,True,-0.0001999999999999988,-0.00030000000000000165,0.0,0.0,1.0,1.0,True,True
315,P7_B_NULL_RHO30,0.0,0.3,822f05d74cd9d9d377ff1e9181981a92ca655df2d5803c1a9dc6676fb21810e6,True,True,-0.0001999999999999988,-0.00030000000000000165,0.0,0.0,1.0,1.0,True,True
315,P7_C_EFFECT_RHO0,0.1,0.0,c8d3e1b71e9043c12f6f8d01097e163290427da54a714e6ec87468e386dc8d82,True,True,-9.999999999998899e-05,-0.00030000000000000165,1.0,1.0,1.0,1.0,True,True
315,P7_D_EFFECT_RHO30,0.1,0.3,5d6d8b923187f4c1cb9d39864c89bf2fb174314df91a9bf330409c2e6e997ec6,True,True,-0.00010000000000000286,-0.00020000000000000226,1.0,1.0,1.0,1.0,True,True
316,P7_A_NULL_RHO0,0.0,0.0,3bf9ed94ba5308220b4a7decd67261b4df433b4b628522e9ed73e2f6c695a4c3,True,True,0.0,0.0,0.0,0.0,1.0,1.0,True,True
316,P7_B_NULL_RHO30,0.0,0.3,38b7c0ac2407e07a518c800a668cbd30b006d5aaf08965f7c47b33b38e0e1730,True,True,0.0,-0.0001999999999999988,0.0,0.0,1.0,1.0,True,True
316,P7_C_EFFECT_RHO0,0.1,0.0,ce795c6eeb7a1bd438dd8328425e22f1d26339f3804768b432a170b8b3bf11ef,True,True,-0.00010000000000000286,0.0,1.0,1.0,1.0,1.0,True,True
316,P7_D_EFFECT_RHO30,0.1,0.3,48e8160182ae906bc4d21ffc4165c64c12f3514b1e6c8d1c7c33942105761973,True,True,0.0,0.0,1.0,1.0,1.0,1.0,True,True
317,P7_A_NULL_RHO0,0.0,0.0,6b775d7cfa9c54f711d1730cfc3ab39b33a3db762e37ecda284a07829ae32148,True,True,0.0008999999999999998,-0.0010000000000000009,0.0,0.0,1.0,1.0,True,True
317,P7_B_NULL_RHO30,0.0,0.3,1ab00b312928d5d19060d195eb21b8055440bc20ba1d2c28bc7411e441876800,True,True,0.0008000000000000004,-0.0009000000000000015,0.0,0.0,1.0,1.0,True,True
317,P7_C_EFFECT_RHO0,0.1,0.0,83df8c5a91157c029d805dd8d76c956d23684f6a9df3e797ed37902c251eeb35,True,True,0.000899999999999998,-0.0010000000000000009,1.0,1.0,1.0,1.0,True,True
317,P7_D_EFFECT_RHO30,0.1,0.3,4b4b76ae75936f6dc2e54edca526d73ef6fd594b90d926d4296767c6239d1caf,True,True,0.000899999999999998,-0.0010000000000000009,1.0,1.0,1.0,1.0,True,True
318,P7_A_NULL_RHO0,0.0,0.0,5399bf7af9cec4b966a4d55ec678ef457c0c897913c26015a2e405b84c770877,True,True,-0.00020000000000000052,-0.0001999999999999988,0.0,0.0,1.0,1.0,True,True
318,P7_B_NULL_RHO30,0.0,0.3,2cd263f5ad07f59029e8d085be2c99ad6593b96de35ca15d9bb06360df64c4cf,True,True,-0.00010000000000000113,-0.0001999999999999988,0.0,0.0,1.0,1.0,True,True
318,P7_C_EFFECT_RHO0,0.1,0.0,474508d661a091b1200eccf994fb6f9ac3bab7f31cf5254ea82fca10f4611e0f,True,True,0.0,0.0,1.0,1.0,1.0,1.0,True,True
318,P7_D_EFFECT_RHO30,0.1,0.3,d39aa1fad545a0fb5ba9ba52b9f9ea5144f5463459b752038c7da999f3231fe8,True,True,-0.00010000000000000286,-0.00030000000000000165,1.0,1.0,1.0,1.0,True,True
319,P7_A_NULL_RHO0,0.0,0.0,5d4151b7283da8031880cc85ce9ef01a01b494250afdd3e03fd046e2ccca8d6f,True,True,0.0,0.0,0.0,0.0,1.0,1.0,True,True
319,P7_B_NULL_RHO30,0.0,0.3,cfc4ff79428561af22a8a16e3caa3933124ce5585f6dbf0787566ea977af0bd6,True,True,0.0,-9.99999999999994e-05,0.0,0.0,1.0,1.0,True,True
319,P7_C_EFFECT_RHO0,0.1,0.0,666ca7dd60ae86a64c56831ef2d7b174fd0d2c39b810699d6186338779882c53,True,True,0.0,0.0,1.0,1.0,1.0,1.0,True,True
319,P7_D_EFFECT_RHO30,0.1,0.3,e2ce9100ecd1519361375d481aa8282a70339059097ec16eee0a0ccd9e0a3bfb,True,True,0.0,0.0,1.0,1.0,1.0,1.0,True,True
320,P7_A_NULL_RHO0,0.0,0.0,fd89d479ac23b0514b29b100020e902773757a9760542dc8a4924d408158b3e4,True,True,0.0,0.0,0.0,0.0,1.0,1.0,True,True
320,P7_B_NULL_RHO30,0.0,0.3,f102703b037d21aeb0ea2a126d20dc8aa38a95cde6b84661a63a5a37786e2482,True,True,0.0,0.0,0.0,0.0,1.0,1.0,True,True
320,P7_C_EFFECT_RHO0,0.1,0.0,4a745f0041688792499a6c94911f5b200890a17521a92f5ac79bf6fa4fdd5c82,True,True,0.0,0.0,1.0,1.0,1.0,1.0,True,True
320,P7_D_EFFECT_RHO30,0.1,0.3,537162d1916950c68d6d651a11b627f47e9c99a4ed7df08039677749923ea2bf,True,True,0.0,0.0,1.0,1.0,1.0,1.0,True,True
321,P7_A_NULL_RHO0,0.0,0.0,91f2ebec151425954120ef69cb1cea3a18745ddbc3658557be24d09859bcd644,True,True,0.00030000000000000165,-0.0005000000000000004,0.0,0.0,1.0,1.0,True,True
321,P7_B_NULL_RHO30,0.0,0.3,dab6fe4fb3279fb95e91748f1b4eb22bd957ac7444c0aa06688a5c2b1c81db3f,True,True,0.0002999999999999982,-0.00040000000000000105,0.0,0.0,1.0,1.0,True,True
321,P7_C_EFFECT_RHO0,0.1,0.0,60858fc37b3236e2e99cbaeece0a1502662f47d2ee1e109ca2c36d6583faccce,True,True,0.0003999999999999976,-0.0005999999999999998,1.0,1.0,1.0,1.0,True,True
321,P7_D_EFFECT_RHO30,0.1,0.3,f760562d59edd8e528ae6921beaa234d3cc99cf0bb33a2e990efaa2c93729c47,True,True,0.0003999999999999976,-0.0006999999999999992,1.0,1.0,1.0,1.0,True,True
322,P7_A_NULL_RHO0,0.0,0.0,d0f52814d66b332907c8e4c86fe474ab0a64c7acb96079d2d96aff27079c1d2a,True,True,-9.99999999999994e-05,-9.99999999999994e-05,0.0,0.0,1.0,1.0,True,True
322,P7_B_NULL_RHO30,0.0,0.3,a56924d0d9ca4dbeff81bc3c10385e85b89deadeb8dd5eb6da10559e32dc505f,True,True,-9.99999999999994e-05,-9.99999999999994e-05,0.0,0.0,1.0,1.0,True,True
322,P7_C_EFFECT_RHO0,0.1,0.0,8a7d688e8e97e02ee4eb874b4e34960b931627defc09a1d8c0ba2614b085dce2,True,True,-0.00010000000000000286,-0.00030000000000000165,1.0,1.0,1.0,1.0,True,True
322,P7_D_EFFECT_RHO30,0.1,0.3,9674f24af8fba1e4e3a06b43734cf002285e894b1f7b86b97f30182efb821e63,True,True,-0.00010000000000000286,-0.00030000000000000165,1.0,1.0,1.0,1.0,True,True
323,P7_A_NULL_RHO0,0.0,0.0,f907307aaada6e05f48d19ca896eba9f0523fc1f2e6169718c04f5c7178e163d,True,True,-0.00010000000000000026,-9.99999999999994e-05,0.0,0.0,1.0,1.0,True,True
323,P7_B_NULL_RHO30,0.0,0.3,fe4ce71cc8f891718c305687648ea4381b58a25aa581a8fcc399710d48db4ca3,True,True,-0.00010000000000000026,0.0,0.0,0.0,1.0,1.0,True,True
323,P7_C_EFFECT_RHO0,0.1,0.0,586b9272bcd686023d63dfb32a26a04344a73d5097b36137887cbb1ea3e10bc6,True,True,0.0,-9.99999999999994e-05,1.0,1.0,1.0,1.0,True,True
323,P7_D_EFFECT_RHO30,0.1,0.3,44e5cf241607ec526819e746d981358842d2d44f0fb4642c321e549c9b724abe,True,True,0.0,0.0,1.0,1.0,1.0,1.0,True,True
324,P7_A_NULL_RHO0,0.0,0.0,40da4816cc95a85e6128224a145a68aba43a4f78232d1cd417ed77d42cded4f8,True,True,0.00030000000000000165,-0.0013999999999999985,0.0,0.0,1.0,1.0,False,False
324,P7_B_NULL_RHO30,0.0,0.3,2b89cb3678e16d36e142d5c3756b61aff79816f8ef111c63691824cae7bdd2d0,True,True,0.00030000000000000165,-0.0013999999999999985,0.0,0.0,1.0,1.0,False,False
324,P7_C_EFFECT_RHO0,0.1,0.0,a900e1d0223b3adcef214a337079fc3497707005b776431fb80517f5ceeb39d3,True,True,0.0005999999999999894,-0.0011000000000000003,1.0,1.0,1.0,1.0,False,True
324,P7_D_EFFECT_RHO30,0.1,0.3,32650025c6ea688c0e1db67eda3bebb3b57f5fcfbcb5e1d2a1402097cee03a98,True,True,0.0005000000000000004,-0.0011000000000000003,1.0,1.0,1.0,1.0,False,True
325,P7_A_NULL_RHO0,0.0,0.0,2420224279d32d680ca6bad646609fabb0d38bff046265f3bd2d73a701bb6ee7,True,True,9.99999999999994e-05,-0.00020000000000000226,0.0,0.0,1.0,1.0,False,False
325,P7_B_NULL_RHO30,0.0,0.3,e17ab07efa8046d8e0f5c50e739579b6eac2c76a25c4c3e364f5d9251b69dc38,True,True,9.99999999999994e-05,-0.00010000000000000286,0.0,0.0,1.0,1.0,False,False
325,P7_C_EFFECT_RHO0,0.1,0.0,a9b88694509e53d825cd0a7a5a8f8405701ad07448da974fd5193110346d70c4,True,True,9.999999999998899e-05,-0.0002999999999999982,1.0,1.0,1.0,1.0,False,False
325,P7_D_EFFECT_RHO30,0.1,0.3,498e12db424ae742787f305ad6459f56040e47df2b1ccf40723f69e25006cc5a,True,True,0.0,-0.0001999999999999988,1.0,1.0,1.0,1.0,False,False
326,P7_A_NULL_RHO0,0.0,0.0,fd9ba47680e18a0b1a7db8f16398e5596edc6220f6dae45d1dc041630bba9b7f,True,True,0.0001999999999999988,-0.0002999999999999982,0.0,0.0,1.0,1.0,True,True
326,P7_B_NULL_RHO30,0.0,0.3,577581a9a19a5bf1e27f23ae257929502e55d4815f44d5735325127f29cd24f8,True,True,0.0002999999999999999,-0.0001999999999999988,0.0,0.0,1.0,1.0,True,True
326,P7_C_EFFECT_RHO0,0.1,0.0,9dea30982d66ee9262cc7ed8fe27d9ad3f255922c366050ce97c4654f69bf459,True,True,0.0002999999999999947,-0.00030000000000000165,1.0,1.0,1.0,1.0,True,True
326,P7_D_EFFECT_RHO30,0.1,0.3,467e9bf80ed61d963eaae0d1dfa4240c27a9890c81620c0b94c7533b28331fff,True,True,0.0002999999999999947,-0.00020000000000000226,1.0,1.0,1.0,1.0,True,True
327,P7_A_NULL_RHO0,0.0,0.0,979e9c418fd782c025c56084df343821883ff48886d0533489d60c3e066e8688,True,True,-0.00040000000000000105,-0.0005999999999999998,0.0,0.0,1.0,1.0,True,True
327,P7_B_NULL_RHO30,0.0,0.3,8956315030dde33f0ceae61bb63c372d108a6b7007ddf37762dfdf2f49f59d9c,True,True,-0.0002999999999999982,-0.0006999999999999992,0.0,0.0,1.0,1.0,True,True
327,P7_C_EFFECT_RHO0,0.1,0.0,c4b0ee63d2e7f6217ccc5bad89eda1ee3b2f75732f1a0896c7db6046ba5f00f6,True,True,-0.00019999999999999185,0.0005000000000000004,1.0,1.0,1.0,1.0,True,True
327,P7_D_EFFECT_RHO30,0.1,0.3,881b12243fb9c363fdb0852b03e6225be4cf37b678e44ad05feeee76d5f40f59,True,True,-0.00010000000000000286,0.00040000000000000105,1.0,1.0,1.0,1.0,True,True
328,P7_A_NULL_RHO0,0.0,0.0,91dddde2dd97e2e1125cb0fa4e9293ac7dcbba8ab364bfb201e81658fdd3be4e,True,True,0.0,-9.99999999999994e-05,0.0,0.0,1.0,1.0,True,False
328,P7_B_NULL_RHO30,0.0,0.3,38618601266694c91da6d0b925a86bd56b546eb87bb1b82ff118665cd14f4552,True,True,0.0005000000000000004,-0.001400000000000002,0.0,0.0,1.0,1.0,False,False
328,P7_C_EFFECT_RHO0,0.1,0.0,0df5fd24703b22016b5ed1e3ab258afda733b4b2bec46c63f16b7f88a6a65b06,True,True,0.0,-0.00010000000000000286,1.0,1.0,0.0,0.0,True,False
328,P7_D_EFFECT_RHO30,0.1,0.3,4fee9f4fd0d6aa9cdd69a76fc8e96c76c36536224c21fa4dd622af22af92bc40,True,True,-9.999999999999593e-05,-9.99999999999994e-05,1.0,1.0,0.0,0.0,True,False
329,P7_A_NULL_RHO0,0.0,0.0,9bac74c7cc78cd3999057c1865ac5c6ad7504252d818aaa1f33ed80c9cfe217a,True,True,0.0005000000000000004,-0.0020000000000000018,0.0,0.0,1.0,1.0,True,True
329,P7_B_NULL_RHO30,0.0,0.3,1ca5926df3cd7b3f25e5c7415eea07018803dd41793b1747bfc95809e96660b9,True,True,0.0003999999999999993,-0.001800000000000003,0.0,0.0,1.0,1.0,True,True
329,P7_C_EFFECT_RHO0,0.1,0.0,18f7098dceb424673e3f3f278a4a2daeb1f35f5812feefb73a1beb966412b3b8,True,True,-0.00010000000000000286,-0.00020000000000000226,1.0,1.0,1.0,1.0,True,True
329,P7_D_EFFECT_RHO30,0.1,0.3,577a49e217f480e0401af6407f2ede70ee1a6ffff67b81e3c6f6f9a2d2d39510,True,True,0.0005000000000000004,-0.001899999999999999,1.0,1.0,1.0,1.0,True,True
330,P7_A_NULL_RHO0,0.0,0.0,a9a820172e85d3cb0bd25338421e07a2356560a0e378d78378e2145a7f0288c2,True,True,0.00040000000000000105,-0.0005999999999999998,0.0,0.0,1.0,1.0,True,True
330,P7_B_NULL_RHO30,0.0,0.3,8ee197758a0f80fdfd4226382b298eb637fcf63ebc2bc0d2296b8a0da9d6b647,True,True,0.00040000000000000105,-0.0006999999999999992,0.0,0.0,1.0,1.0,False,True
330,P7_C_EFFECT_RHO0,0.1,0.0,b0cbb8a49b43d4453659d974cf1c8eb314e37a3fe2f1465cdda8711cf594a9ff,True,True,0.00020000000000000573,-0.0005000000000000004,1.0,1.0,1.0,1.0,True,True
330,P7_D_EFFECT_RHO30,0.1,0.3,f8d9860fbfd9eeb9b1f2b3825bc11ff8266c1daabbaadbc6c195b39e5af91abd,True,True,0.00019999999999997797,-0.0006999999999999992,1.0,1.0,1.0,1.0,True,True
331,P7_A_NULL_RHO0,0.0,0.0,1a0f624943f4faf88a297a79fdb0ed4ef2ffc4df46becef28a7154f53a3e955c,True,True,0.0008999999999999998,-0.0029,0.0,0.0,1.0,1.0,True,True
331,P7_B_NULL_RHO30,0.0,0.3,dfd2465f49962133f1d91c48de173193ce3853714ea831cfac8b89214ab8fe31,True,True,0.0008999999999999998,-0.0028000000000000004,0.0,0.0,1.0,1.0,True,True
331,P7_C_EFFECT_RHO0,0.1,0.0,90467350659307d79fd5be33e8a454a787438cb50dfd3c9a0d2afd33f8d29419,True,True,-0.00019999999999999185,-0.00030000000000000165,1.0,1.0,1.0,1.0,True,True
331,P7_D_EFFECT_RHO30,0.1,0.3,9862fd110d1b436a63b7899b61e44e72ce7ec4d23ed61ce55e68a7feb5946306,True,True,0.000899999999999998,-0.0022000000000000006,1.0,1.0,1.0,1.0,False,True
332,P7_A_NULL_RHO0,0.0,0.0,d28d5273805649d0d288ea7c151728208358722540c9b5393be97f5e917aff54,True,True,0.0,0.0,0.0,0.0,1.0,1.0,True,True
332,P7_B_NULL_RHO30,0.0,0.3,9e4835a6b4a042f8d44b49e6425ed9d5daecfd9fb4bde97f0740535c54ed37ac,True,True,0.0,0.0,0.0,0.0,1.0,1.0,True,True
332,P7_C_EFFECT_RHO0,0.1,0.0,5b130055360df9b46a16da2be1b584e02065d40e3497b808bc409201e5e7a927,True,True,0.0,-0.00020000000000000226,1.0,1.0,1.0,1.0,True,True
332,P7_D_EFFECT_RHO30,0.1,0.3,49283e2630f8ed21f49be27c55904b7180a2ef1ce855ed9fb4467cf3bce9e072,True,True,0.0,0.0,1.0,1.0,1.0,1.0,True,True
333,P7_A_NULL_RHO0,0.0,0.0,1cf3a3c2fc51d0c547d7f0caf6a1709bc0fd529a7d15734e12846e21421487ff,True,True,0.0,0.0,0.0,0.0,1.0,1.0,True,True
333,P7_B_NULL_RHO30,0.0,0.3,c62184e599d4e0c2bdfbf850a5983b04340d30623dbfbb55fa445790f606549e,True,True,0.0,0.0,0.0,0.0,1.0,1.0,True,True
333,P7_C_EFFECT_RHO0,0.1,0.0,bcc959fdcbcd44682adfd54e228efbc6d5161a8e57ec818ab8736b405064a154,True,True,0.0,0.0,1.0,1.0,1.0,1.0,True,True
333,P7_D_EFFECT_RHO30,0.1,0.3,219cd4da3c8da6a8932c9f9efbddb23c223cd2549c5fe83e6f75a525c4905657,True,True,0.0,0.0,1.0,1.0,1.0,1.0,True,True
334,P7_A_NULL_RHO0,0.0,0.0,2cf8468c0ec5b27a611661df7d9c3792a880ad09319eebfc33a72fb94caeb080,True,True,0.0,0.00040000000000000105,0.0,0.0,1.0,1.0,True,True
334,P7_B_NULL_RHO30,0.0,0.3,e3e197c6ec9f1223f22c92f66d462dc9e4bf2410c7b793a88adbf583381a2724,True,True,0.0,0.00040000000000000105,0.0,0.0,1.0,1.0,True,True
334,P7_C_EFFECT_RHO0,0.1,0.0,620100609a6efdf685567c8b5399bf0d57fb7119313b715b7a16f73cc3bd121a,True,True,0.0,0.0,1.0,1.0,1.0,1.0,True,True
334,P7_D_EFFECT_RHO30,0.1,0.3,f6a751af4f863a914a7de4edd193d446cd35e4354f0c7e01105f2e8e5d53b336,True,True,0.0,0.0,1.0,1.0,1.0,1.0,True,True
335,P7_A_NULL_RHO0,0.0,0.0,d9fb551eb10953bdc6064c3af055e9af94a7bf15262d972d6735625278178a01,True,True,0.0,-9.99999999999994e-05,0.0,0.0,1.0,1.0,True,True
335,P7_B_NULL_RHO30,0.0,0.3,52e492b96ead59a583ddedde91c628f866db89e31e7bf366974439f6647f7457,True,True,0.0,-9.99999999999994e-05,0.0,0.0,1.0,1.0,False,True
335,P7_C_EFFECT_RHO0,0.1,0.0,34019ef76ee535d3cef2b35b0ad92e2e87704ac5355e6f1e1c8aca8817b65f4b,True,True,-9.999999999998899e-05,-0.00020000000000000226,1.0,1.0,1.0,1.0,True,True
335,P7_D_EFFECT_RHO30,0.1,0.3,49f6f1c57c61be4a30b77bb440e023b33b110a1bb81ec974b0d6f8493ed36bc7,True,True,-0.00010000000000000286,-0.00010000000000000286,1.0,1.0,1.0,1.0,True,True
336,P7_A_NULL_RHO0,0.0,0.0,5bb860014333aaf80e1157b9a02ec51e6789eea6c9f5f4d61f16c9cbf6481b31,True,True,-0.00010000000000000026,0.0,0.0,0.0,1.0,1.0,True,True
336,P7_B_NULL_RHO30,0.0,0.3,3da4273ed969b98c9998b2042583476a66573aba579cd7e6b390ad5be1bfd5b5,True,True,0.0,-0.0011000000000000003,0.0,0.0,1.0,1.0,True,True
336,P7_C_EFFECT_RHO0,0.1,0.0,c669924db81ab8c0d3bcfc5232f20dd5ebf482daacd98f804417098c967033a2,True,True,0.0,0.0,1.0,1.0,1.0,1.0,True,True
336,P7_D_EFFECT_RHO30,0.1,0.3,91dd9bc9c74c812c5416e1ce90a34261eeabeb3d94cad11a3e857fa53e210e2e,True,True,0.0,0.0,1.0,1.0,1.0,1.0,True,True
337,P7_A_NULL_RHO0,0.0,0.0,cc7370dcf770e282780c118d2d30076e1276f7b95f77b33d6014f78c18261241,True,True,-0.0001999999999999988,-0.00030000000000000165,0.0,0.0,1.0,1.0,True,False
337,P7_B_NULL_RHO30,0.0,0.3,f3b1295600e105482b7866453833dcc029c1caace14b96e3bbf2bae25ea76992,True,True,-9.99999999999994e-05,-0.00030000000000000165,0.0,0.0,1.0,1.0,True,False
337,P7_C_EFFECT_RHO0,0.1,0.0,5f82ebe3a612cdc78698af69006bb0712a4d948a3bce36fe8a26c5874f98553f,True,True,-0.00020000000000000573,-0.00040000000000000105,1.0,1.0,1.0,1.0,True,False
337,P7_D_EFFECT_RHO30,0.1,0.3,27b56a052fb9481cccc06df0392808884d9c8631922788b3cbe8b37f9d04f1b8,True,True,-0.00019999999999999185,0.00040000000000000105,1.0,1.0,1.0,1.0,True,False
338,P7_A_NULL_RHO0,0.0,0.0,2bf8b9ff28e7b154032590bde7ac00d24e698ea1dfc86147451aee4aa1912f60,True,True,-0.0002000000000000001,-0.0001999999999999988,0.0,0.0,1.0,1.0,True,True
338,P7_B_NULL_RHO30,0.0,0.3,1d5cd149f1fdaccffc4a91869da074bf4644b3753b8159cfd413ce63ef6a47e8,True,True,0.0,0.00010000000000000286,0.0,0.0,1.0,1.0,True,True
338,P7_C_EFFECT_RHO0,0.1,0.0,948948a8310fc75dada179dc8bd9ecf72fee056b657395d9b5c43e13078a5e46,True,True,-0.00020000000000000573,-0.00030000000000000165,1.0,1.0,1.0,1.0,True,True
338,P7_D_EFFECT_RHO30,0.1,0.3,148f042192b720797883f947b8375dc02420adf76ac2d91b0c5dd10bfe11fbf1,True,True,-0.00020000000000000573,-0.00030000000000000165,1.0,1.0,1.0,1.0,True,True
339,P7_A_NULL_RHO0,0.0,0.0,5423881932c8393a8d9f98d320b5d03a845c5121de4c86b59b1fcd67465b37cc,True,True,0.0004000000000000045,-0.0011999999999999997,0.0,0.0,1.0,1.0,True,True
339,P7_B_NULL_RHO30,0.0,0.3,dd9607744f658deb54d3ab0a711c3ec1b9d1cf6abb597f69aabb6ab3fdaede39,True,True,0.0005000000000000004,-0.0011999999999999997,0.0,0.0,1.0,1.0,True,True
339,P7_C_EFFECT_RHO0,0.1,0.0,2bb5a6d7049be1cd6252ae1a2567b7154b02c548f2b57323a41d96e6c65a60e8,True,True,0.0004000000000000045,-0.0010000000000000009,1.0,1.0,1.0,1.0,True,True
339,P7_D_EFFECT_RHO30,0.1,0.3,ba9f905a3bcdf3aeb0b44cde687be2cae0072b6ec9e1cc36a0ceb6c4f64cd250,True,True,0.0003999999999999976,-0.0011000000000000003,1.0,1.0,1.0,1.0,True,True
340,P7_A_NULL_RHO0,0.0,0.0,fdd42e1ceb75fa4ae5830f4c25315e09601ff73c3e2835961e5e1d6c16852b24,True,True,0.0002999999999999999,-0.00040000000000000105,0.0,0.0,1.0,1.0,True,True
340,P7_B_NULL_RHO30,0.0,0.3,965f5e0532fe07da7b3f4abccf4f0e89c13256dea2b27cc97c04be8f4967b752,True,True,0.0002999999999999999,-0.00030000000000000165,0.0,0.0,1.0,1.0,True,True
340,P7_C_EFFECT_RHO0,0.1,0.0,6965c9456a3a3b6c6a46608f53f2a96d6359e1e9077a56043107d8fc897f8b3c,True,True,0.0002999999999999947,-0.0005000000000000004,1.0,1.0,1.0,1.0,True,True
340,P7_D_EFFECT_RHO30,0.1,0.3,91661ee2b1e7a0bfb6f902b41eebb189cad2ae036df2310d55972760fa5ea45f,True,True,0.00020000000000000573,-0.0005000000000000004,1.0,1.0,1.0,1.0,True,True
341,P7_A_NULL_RHO0,0.0,0.0,600380984055863dbf3153bc678e8eb10f535a260c5bf764867992903c92d4c0,True,True,9.999999999999593e-05,-0.0005000000000000004,1.0,1.0,0.0,0.0,False,False
341,P7_B_NULL_RHO30,0.0,0.3,ddd40e6bc09a50281574bf2fe845f96ec520bdd50271895b45ef66a721d1a652,True,True,0.00010000000000000286,-0.00040000000000000105,1.0,1.0,0.0,0.0,False,False
341,P7_C_EFFECT_RHO0,0.1,0.0,a6f6f166a4766f5a27c5e80586e9a753327443575ab0776773a2664caef4d461,True,True,0.00020000000000000573,-0.0005999999999999998,1.0,1.0,0.0,0.0,False,False
341,P7_D_EFFECT_RHO30,0.1,0.3,eb758223e12d4589e763037e39171b47407a41ea9054e9d276aa357945441eee,True,True,9.999999999998899e-05,-0.0005000000000000004,1.0,1.0,0.0,0.0,False,False
342,P7_A_NULL_RHO0,0.0,0.0,c4b0e239fb5e9be15f2d0d5431c67375cd544b7be724b3a34c8d60db34a67c22,True,True,0.0,0.0,0.0,0.0,1.0,1.0,True,False
342,P7_B_NULL_RHO30,0.0,0.3,dd403a8214453c3135497d7b5f3c0c5bd4c899aa1e1d4a47f4bfd54540c21273,True,True,0.0,-0.00010000000000000286,0.0,0.0,1.0,1.0,True,False
342,P7_C_EFFECT_RHO0,0.1,0.0,391828c107316c9c1f430198b8f08633ba23024e8dbd2396c3df40421a989d63,True,True,0.0,0.0,1.0,1.0,1.0,1.0,True,True
342,P7_D_EFFECT_RHO30,0.1,0.3,206e42f9054d9c3957b8a38e675e96c3562fa1f0d7d92d5963ccdbffc213cc24,True,True,0.0,0.0,1.0,1.0,1.0,1.0,True,True
343,P7_A_NULL_RHO0,0.0,0.0,26aba19005acdec69a591e00aa16fd95f364b9b72cb000cf0d800efb3a28a832,True,True,0.00030000000000000165,-0.00030000000000000165,0.0,0.0,1.0,1.0,True,True
343,P7_B_NULL_RHO30,0.0,0.3,355c839e372cc5bdf64478cb6df79e8e741fee4c27eadf46582de9f308c0f56b,True,True,0.00020000000000000226,-0.00030000000000000165,0.0,0.0,1.0,1.0,True,True
343,P7_C_EFFECT_RHO0,0.1,0.0,9e4243d5f076d60c6a8ad7bb35902c6b68f25f59130977133bf5e06f53a40d3c,True,True,0.00020000000000000573,-0.00010000000000000286,1.0,1.0,1.0,1.0,True,True
343,P7_D_EFFECT_RHO30,0.1,0.3,5d09255bc2b75565a65e2260d740cc3527b950865550c9117e3f075a52d5b0ba,True,True,0.00019999999999999185,-0.00010000000000000286,1.0,1.0,1.0,1.0,True,True
344,P7_A_NULL_RHO0,0.0,0.0,1bb1ea2a1c1dd3145c2ddf76bd9e6796989bd91b3f7130b51d5c386cad49b48c,True,True,0.0,0.0,0.0,0.0,1.0,1.0,True,True
344,P7_B_NULL_RHO30,0.0,0.3,84195847c5edf06ff071a1a20c742ac40a9e1d27a265dae43261d09b7a64ad7b,True,True,0.0,0.0,0.0,0.0,1.0,1.0,True,True
344,P7_C_EFFECT_RHO0,0.1,0.0,faa32280a5f9174b3efb6a7b34c170cba90c7d37753ffa0326e7b7525ba80da3,True,True,0.0,0.0,1.0,1.0,1.0,1.0,True,True
344,P7_D_EFFECT_RHO30,0.1,0.3,4d5c2b505c66392315511af56ec57b47a5183d79dc4e4e770de6148bc8345ba5,True,True,0.0,0.0,1.0,1.0,1.0,1.0,True,True
345,P7_A_NULL_RHO0,0.0,0.0,3192acb7855aff40cc5660b0603728f707e786ed7ef3c3bad369d8eaabf3892a,True,True,0.0,-0.0005999999999999998,0.0,0.0,1.0,1.0,True,True
345,P7_B_NULL_RHO30,0.0,0.3,729e19aa4cc7dcce2863f2198b5db193252229517c35b1b1064d47b0bb35bea1,True,True,9.99999999999994e-05,-0.0005999999999999998,0.0,0.0,1.0,1.0,True,True
345,P7_C_EFFECT_RHO0,0.1,0.0,1c0c3b917d979b3aa2bc7d13488e5a75229e83bbb793541bbda33014bb5133a3,True,True,0.0,0.0,1.0,1.0,1.0,1.0,True,True
345,P7_D_EFFECT_RHO30,0.1,0.3,4b874f0df0552b32258e7ab634a01bc3235aa979a7c36fd857413f7f872cd9d5,True,True,0.0,0.0,1.0,1.0,1.0,1.0,True,True
346,P7_A_NULL_RHO0,0.0,0.0,cc7bfa19eb99cdae6affb032caf15114d2711a40c2c6a2c3793e1687ea181b99,True,True,0.00030000000000000165,-0.001400000000000002,0.0,0.0,1.0,1.0,True,True
346,P7_B_NULL_RHO30,0.0,0.3,6410a95e2dde615cded11f026040bebffe510f4636963f0c3e579f477336a523,True,True,0.00030000000000000165,-0.0015000000000000013,0.0,0.0,1.0,1.0,True,True
346,P7_C_EFFECT_RHO0,0.1,0.0,b7bb803033c82e80075c6b236f209e64a5dbb2fc4103c48771dfeca9674af374,True,True,0.00030000000000000165,-0.0014999999999999979,1.0,1.0,1.0,1.0,True,True
346,P7_D_EFFECT_RHO30,0.1,0.3,9bf0f8fff3721bd2a9c4ebe9c90fd8ecc2e45854be468fb30988bb9964dfe7f3,True,True,0.0003999999999999976,-0.0015000000000000013,1.0,1.0,1.0,1.0,True,True
347,P7_A_NULL_RHO0,0.0,0.0,cc1a379adeedbb1590b9b19eb9ab9089ae4cbd3d2337dea5f3c5cd182307fd67,True,True,0.0,-0.0010000000000000009,0.0,0.0,1.0,1.0,True,True
347,P7_B_NULL_RHO30,0.0,0.3,45b7548c92e2dc02233f3b47b76c53e9262f598d69e7cad0dbdd96a00fc52c59,True,True,0.0,-0.0009000000000000015,0.0,0.0,1.0,1.0,True,True
347,P7_C_EFFECT_RHO0,0.1,0.0,059a9d9dde695d06735ad78b461440b03e0fa9708011830910e6113445fe92bc,True,True,0.0,0.0,1.0,1.0,1.0,1.0,True,True
347,P7_D_EFFECT_RHO30,0.1,0.3,24a493c77102772ecf2976ffda7079517961273840238a758f91d7c736cc2fd8,True,True,-0.00010000000000000286,-0.00040000000000000105,1.0,1.0,1.0,1.0,True,True
348,P7_A_NULL_RHO0,0.0,0.0,99adc486343b8bb41c5e16b3aa8852409664f7ef3d681ef9896ab268715e5198,True,True,0.0,-0.00040000000000000105,0.0,0.0,1.0,1.0,True,True
348,P7_B_NULL_RHO30,0.0,0.3,cb057d83123132146e4c70c72a816885d0ace33609ea3164eeaac6b7cf04e37a,True,True,0.0,-0.00040000000000000105,0.0,0.0,1.0,1.0,True,True
348,P7_C_EFFECT_RHO0,0.1,0.0,9d0ab352ffd216496d766486c94eba747a47e7d03356ccac221c41e910f7dcb5,True,True,0.0,-0.0001999999999999988,1.0,1.0,1.0,1.0,True,True
348,P7_D_EFFECT_RHO30,0.1,0.3,8b000445cbc02ea224266fa925eb86f96a30a6f746d52a6911982ea1f0afc6cf,True,True,0.0,0.0,1.0,1.0,1.0,1.0,True,True
349,P7_A_NULL_RHO0,0.0,0.0,412810d3b62ab29e8454fcfe6ff869bafe261d48b64b1f4f1e03bce129d1b1e3,True,True,-0.0001999999999999988,-0.00040000000000000105,0.0,0.0,1.0,1.0,True,True
349,P7_B_NULL_RHO30,0.0,0.3,a1ed75e3814e7bce0f7c4dfa1815255ca50cbfefc3828727d8c0e3f8be8ffdd9,True,True,-0.00040000000000000105,-0.0005999999999999998,0.0,0.0,1.0,1.0,True,True
349,P7_C_EFFECT_RHO0,0.1,0.0,f5bec8617c67dee7ea6d4b585f9d55f6cccc0dd4362508d52a46305308f5324d,True,True,-0.00020000000000000573,-0.0005000000000000004,1.0,1.0,1.0,1.0,True,True
349,P7_D_EFFECT_RHO30,0.1,0.3,35de42d950ae85385edc3d53f41f91973267c70993a5a3db09ed31972732ef4a,True,True,-0.0002999999999999947,-0.0005999999999999998,1.0,1.0,1.0,1.0,True,True
350,P7_A_NULL_RHO0,0.0,0.0,425cc38934b277b2f6119aeed23361f4dc5b0bbbe9f6eb3645d32b0b7ab6b4c1,True,True,0.00020000000000000052,0.0,0.0,0.0,1.0,1.0,True,True
350,P7_B_NULL_RHO30,0.0,0.3,8494ebc1483367ee5f07f010d80a7fd2dba2d18e193e1e9322b05e5a301aa0a9,True,True,0.00020000000000000052,0.0,0.0,0.0,1.0,1.0,True,True
350,P7_C_EFFECT_RHO0,0.1,0.0,3113f56c096fbc83226b070d8a32356db064467982ca2c53ea1a29ff7a8b0411,True,True,0.00019999999999999185,0.0,1.0,1.0,1.0,1.0,True,True
350,P7_D_EFFECT_RHO30,0.1,0.3,667c573d69704b40c5b9c235fc16d3865818abdae0c56cde56daaf9c1e1e65f9,True,True,0.00020000000000000573,0.0,1.0,1.0,1.0,1.0,True,True
351,P7_A_NULL_RHO0,0.0,0.0,d01bbbb70af4abb20036ce5f59cfa36c537289c3e8702a1d04451de87dbe690f,True,True,0.0,0.0,0.0,0.0,1.0,1.0,True,True
351,P7_B_NULL_RHO30,0.0,0.3,657481a32e2c50280520c55ce878550b6fb42a0c6e70bb190528365f5dc378c9,True,True,0.0,0.0,0.0,0.0,1.0,1.0,True,True
351,P7_C_EFFECT_RHO0,0.1,0.0,157d950ba144653cfe560f3b7c75a1bc5a7b2813cdb6077b2da3294701fd0f6f,True,True,0.0,0.0,1.0,1.0,1.0,1.0,True,True
351,P7_D_EFFECT_RHO30,0.1,0.3,1da546252f859b1dde2cdd59917bddf3aa21ea6f986e0c23a8708b6b9f92911f,True,True,0.0,0.0,1.0,1.0,1.0,1.0,True,True
352,P7_A_NULL_RHO0,0.0,0.0,9cca6a3c93b53f008bc661cfe20c8a57c08db0dc5c6bb18ad526cc8c6cfdd635,True,True,-0.0002000000000000001,-0.0005000000000000004,0.0,0.0,1.0,1.0,True,False
352,P7_B_NULL_RHO30,0.0,0.3,b927036f3cb09acc239b5ac00b3b155daec82e853063c6b6bf0a231ab02d91cf,True,True,-0.00030000000000000035,-0.0005000000000000004,0.0,0.0,1.0,1.0,True,False
352,P7_C_EFFECT_RHO0,0.1,0.0,89ed5c0b046da149ff27deb7486ef93dd997595b141c2fc27d16741322456403,True,True,-0.00010000000000000286,0.0002999999999999982,1.0,1.0,1.0,1.0,False,False
352,P7_D_EFFECT_RHO30,0.1,0.3,fe6a288447b318af027d5ca1153de5893e410c6fc0facb01bb94f2f36c909b32,True,True,-0.00010000000000000286,0.0005999999999999998,1.0,1.0,1.0,1.0,False,False
353,P7_A_NULL_RHO0,0.0,0.0,3632eb42e3eba0343ac34bafd0673326bb87d59e1a08c4967f08b3eb805297a2,True,True,0.0,0.0,0.0,0.0,1.0,1.0,True,True
353,P7_B_NULL_RHO30,0.0,0.3,12f223cfcc96b1825bf047ce2abca3f74f10453f6928ca0b4256789caa6b9ab5,True,True,0.0,-0.001299999999999999,0.0,0.0,1.0,1.0,True,True
353,P7_C_EFFECT_RHO0,0.1,0.0,dd12434d7dba03ff8ef820b2a865ffb01e9bf583d18131e5450c29342cab6206,True,True,0.0,0.0,1.0,1.0,1.0,1.0,True,True
353,P7_D_EFFECT_RHO30,0.1,0.3,e51be9d4a71c33e75f6a96d14bac9ffed6a79451aea2da8b4df34e7e5a459f99,True,True,-0.00010000000000000286,-0.000899999999999998,1.0,1.0,1.0,1.0,True,True
354,P7_A_NULL_RHO0,0.0,0.0,ec48fffe80f1bf3d731bc031ee9e66815abda2273e6fe97f73dde2cb7718a514,True,True,0.0,0.0,0.0,0.0,1.0,1.0,True,False
354,P7_B_NULL_RHO30,0.0,0.3,92bf8b55f2b362692ae38da15619243afaf7184bf23cc62017855021c38751d6,True,True,0.0,0.0,0.0,0.0,1.0,1.0,True,False
354,P7_C_EFFECT_RHO0,0.1,0.0,a9ac71bae59571482fd683c5b016c37b4d4a9c51fd001e730be5ecff9b56644a,True,True,-0.00010000000000000286,0.0,1.0,1.0,1.0,1.0,True,False
354,P7_D_EFFECT_RHO30,0.1,0.3,c56b01fa92596d96e78f03078a3e73ab25c7979f72eb0401f6116451fd265b55,True,True,-0.00010000000000000286,-9.99999999999994e-05,1.0,1.0,1.0,1.0,True,True
355,P7_A_NULL_RHO0,0.0,0.0,a4647e751f2d786b51da65e4be9bd3dc29a10ace35193b77a64d5513bb6936e1,True,True,0.0006999999999999992,-0.0009000000000000015,0.0,0.0,1.0,1.0,True,True
355,P7_B_NULL_RHO30,0.0,0.3,d15b81b17bba7b316cb356bd26aa98afd049c8f4ca57ba2a2b73407dba1b105d,True,True,0.0006999999999999992,-0.0007999999999999986,0.0,0.0,1.0,1.0,True,True
355,P7_C_EFFECT_RHO0,0.1,0.0,fe2cbe16a1462e8979b24eb30d96ca849b47cfb6490ce8bff20e6ddcc9c84a24,True,True,0.0006999999999999923,-0.0008000000000000021,1.0,1.0,1.0,1.0,True,True
355,P7_D_EFFECT_RHO30,0.1,0.3,ba3ee8366473df09d72c6d3aba09b29ac17355a2366d6b5988d6b42b692cfe54,True,True,0.0006000000000000033,-0.0005999999999999998,1.0,1.0,1.0,1.0,True,True
356,P7_A_NULL_RHO0,0.0,0.0,0fb903f3c480ad1768fcc5457ddaa57dafc7a6c7352ccc9c8dfd9474c2988ba5,True,True,0.0003999999999999993,-0.0005000000000000004,0.0,0.0,1.0,1.0,True,True
356,P7_B_NULL_RHO30,0.0,0.3,28a7d57a7aab1128734793ac8c80228514b0e440b257c4c7105b62845894891d,True,True,0.0003999999999999993,-0.0005000000000000004,0.0,0.0,1.0,1.0,True,True
356,P7_C_EFFECT_RHO0,0.1,0.0,0c68b98dcf0af744793684f663aacf31ca46c78c2cb60017226986f42b7d73df,True,True,0.0005000000000000004,-0.0005000000000000004,1.0,1.0,1.0,1.0,True,True
356,P7_D_EFFECT_RHO30,0.1,0.3,5ef6fb08f9d7cb3ca30d6e4981855b23e9504c07f033db0cef85dfa9fc24547f,True,True,0.0003999999999999976,-0.00040000000000000105,1.0,1.0,1.0,1.0,True,True
357,P7_A_NULL_RHO0,0.0,0.0,ff4a687ddac1860338aec0eb681863d64ee2684130960583871e659400807192,True,True,-0.0002,-0.0003999999999999976,0.0,0.0,1.0,1.0,True,True
357,P7_B_NULL_RHO30,0.0,0.3,b8d76a72ce1012a80cabd9bd091cd30fe6ddb72ca33044e8fc1d6c334794a42a,True,True,-0.00019999999999999998,-0.0005000000000000004,0.0,0.0,1.0,1.0,True,True
357,P7_C_EFFECT_RHO0,0.1,0.0,3ef65041381a20b08e1bc3623ca0f56054a7f7bff55a2bf0c2c2229ed3306845,True,True,-0.0002999999999999947,-0.0005000000000000004,1.0,1.0,1.0,1.0,True,True
357,P7_D_EFFECT_RHO30,0.1,0.3,150f47ef92da1e847d7ff515f7e7928b510fa0c6a4923e49992f92d32c57e203,True,True,-0.0003000000000000086,-0.0005000000000000004,1.0,1.0,1.0,1.0,True,True
358,P7_A_NULL_RHO0,0.0,0.0,191e90b4853db9f2c90257e53dc478c770dafcfbc49314552d60a0aabb0c8cb7,True,True,0.0,0.0,0.0,0.0,1.0,1.0,True,True
358,P7_B_NULL_RHO30,0.0,0.3,aa8c71b934d0cb880f1fd5a491887f7a0f07a905403ecfb12c182a0e71907762,True,True,0.0,0.0,0.0,0.0,1.0,1.0,True,True
358,P7_C_EFFECT_RHO0,0.1,0.0,7b317e13dc16f7d36fe7de9d002e82d355f55a5063435f6f3b1248e9b236afd4,True,True,0.0,-9.99999999999994e-05,1.0,1.0,1.0,1.0,True,True
358,P7_D_EFFECT_RHO30,0.1,0.3,50405add4f2441b99cec73af44b6d2b10131b2fb3ba9aaf373b024c9e3a915f5,True,True,0.0,-9.99999999999994e-05,1.0,1.0,1.0,1.0,True,True
359,P7_A_NULL_RHO0,0.0,0.0,9d3c2ebbc441c19c688db2410a58a59f939dab1de496ae256bc1be109d4af47d,True,True,-0.00010000000000000113,-9.99999999999994e-05,0.0,0.0,1.0,1.0,True,True
359,P7_B_NULL_RHO30,0.0,0.3,866577ec06cba4bc014918d1e5e7a81cd59ac81e67d05ff91e1136b50de66582,True,True,0.0,-9.99999999999994e-05,0.0,0.0,1.0,1.0,True,True
359,P7_C_EFFECT_RHO0,0.1,0.0,1af5e9f6c237725627cd811739c33cef58dfa16a215533aa94da31a8c83e7da5,True,True,-9.999999999998899e-05,-9.99999999999994e-05,1.0,1.0,1.0,1.0,True,False
359,P7_D_EFFECT_RHO30,0.1,0.3,51b0fb1f04c02988251b6edaf043a44109eb86dde86dda80a508330fe31fa9f2,True,True,-0.00010000000000000286,0.0001999999999999988,1.0,1.0,1.0,1.0,True,False
360,P7_A_NULL_RHO0,0.0,0.0,544de3dcd922378234fef6ac3d6404dba3423546109f33e803dcbf0c063d01e9,True,True,0.0,0.0,0.0,0.0,1.0,1.0,True,True
360,P7_B_NULL_RHO30,0.0,0.3,61a0d049c23a1e155a4e18201ef37a1b24208d986dd2a4ab9fb42d35ebabd4bf,True,True,0.0,0.0,0.0,0.0,1.0,1.0,True,True
360,P7_C_EFFECT_RHO0,0.1,0.0,68f633857f8ba65456c0803fd3adbfd93f0df471100df0ab18a568bd4859afa6,True,True,0.0,-0.00020000000000000226,1.0,1.0,1.0,1.0,True,True
360,P7_D_EFFECT_RHO30,0.1,0.3,ecaacf8f23695e285a98630841a2745e1dddf7d39ab5a005361d2a310dc0a2b1,True,True,0.0,-0.00020000000000000226,1.0,1.0,1.0,1.0,True,True
361,P7_A_NULL_RHO0,0.0,0.0,0ebf88480f0120b3b8c432e3cbc4c015799ce06ee6fbf61a1e524c69731b9f6a,True,True,0.0002999999999999982,-0.0009000000000000015,0.0,0.0,1.0,1.0,True,True
361,P7_B_NULL_RHO30,0.0,0.3,b50ef4274612ad9b4590d82576f83d72f9c14e8d47b06a52afe588177a731840,True,True,-0.0002999999999999982,-0.0005000000000000004,0.0,0.0,1.0,1.0,True,True
361,P7_C_EFFECT_RHO0,0.1,0.0,527e0644d535883e6689b0146c9e272e99eaf2858997c1dc3b16546db98cad85,True,True,-0.00019999999999999185,-0.00040000000000000105,1.0,1.0,1.0,1.0,True,True
361,P7_D_EFFECT_RHO30,0.1,0.3,e0cd7766110eaef2403627c1d5700890a2b6cf0bdeffdd4bf73e2c9a3bd2dfbc,True,True,0.0005000000000000004,-0.0012000000000000031,1.0,1.0,1.0,1.0,True,True
362,P7_A_NULL_RHO0,0.0,0.0,67a1ce5d6438cda3478b01b95939e48a62d05b93d0d71ec8a94dcfcb8cc70ca0,True,True,0.0,0.0,0.0,0.0,1.0,1.0,True,True
362,P7_B_NULL_RHO30,0.0,0.3,07fb36ebf3ed70c22c089fc93c5dd1424d49a83c1879ebdf6844ffaa3d0f9610,True,True,0.0,0.0,0.0,0.0,1.0,1.0,False,True
362,P7_C_EFFECT_RHO0,0.1,0.0,2941085cb22518e7c4360c118d30b4c2f03f3f732361d1c71d98a1e7b4423a2e,True,True,0.0,0.00020000000000000226,1.0,1.0,1.0,1.0,False,True
362,P7_D_EFFECT_RHO30,0.1,0.3,2badfa1d86e5be815a91c66e0af634f31526b9e3aac5dcd425a265d8fa1698af,True,True,0.0,0.00020000000000000226,1.0,1.0,1.0,1.0,True,True
363,P7_A_NULL_RHO0,0.0,0.0,9e1ae73415c4c2e332f17769f196faa947e8934189a3aeac90a7379013fab011,True,True,0.0,0.0,0.0,0.0,1.0,1.0,True,True
363,P7_B_NULL_RHO30,0.0,0.3,68dab39ef0e0e6866175a44f7f34b69a27a5e7883f97d035daf5367a5b3edb04,True,True,0.0,0.0,0.0,0.0,1.0,1.0,True,True
363,P7_C_EFFECT_RHO0,0.1,0.0,c5accb8dc25eb7d859d26597271f9afcebfc60fb7cbe51cfed02152265f1740c,True,True,0.0,-0.0002999999999999982,1.0,1.0,1.0,1.0,False,True
363,P7_D_EFFECT_RHO30,0.1,0.3,36f9c77bd5652fab739d24a50807d42bbeef23a624dcf8be8d9a76ee00558fc4,True,True,0.0,-9.99999999999994e-05,1.0,1.0,1.0,1.0,False,True
364,P7_A_NULL_RHO0,0.0,0.0,90cbabc69851d5ce0910e2b26d1ea4bdf1d9b1f7c34800a7113da33a22e9194b,True,True,0.0003999999999999993,-0.0001999999999999988,0.0,0.0,1.0,1.0,True,True
364,P7_B_NULL_RHO30,0.0,0.3,ecc275c782b863fbd3667531335fc1ea18b5637815e0257bb342f81ea1c2b02a,True,True,0.0005000000000000004,-0.0002999999999999982,0.0,0.0,1.0,1.0,True,True
364,P7_C_EFFECT_RHO0,0.1,0.0,5932cc57932c6dcd16d7674c0b212b84af37acee3a66396872b3c3b6d52eb2bf,True,True,0.0003999999999999976,-9.99999999999994e-05,1.0,1.0,1.0,1.0,True,True
364,P7_D_EFFECT_RHO30,0.1,0.3,8ba895d84c40007ea09e599b50e99b9b24814e02832dace37a96bffcd987c20a,True,True,0.0003999999999999976,-9.99999999999994e-05,1.0,1.0,1.0,1.0,True,True
365,P7_A_NULL_RHO0,0.0,0.0,bd416c3ffd319ce1adfb1c966f3008ccc1d4ae0ffaf22e8b5460f1768efab409,True,True,0.00020000000000000052,-0.0007999999999999986,0.0,0.0,1.0,1.0,False,False
365,P7_B_NULL_RHO30,0.0,0.3,48ba4b2bc7a30c9155933394192fdb8305da848f56c9c7833bd47b0b746c3275,True,True,0.00020000000000000052,-0.0007999999999999986,0.0,0.0,1.0,1.0,False,False
365,P7_C_EFFECT_RHO0,0.1,0.0,a152ddf10784977020777c97739d7df18ff81968c919b4f5ec4ec9238a5b88b3,True,True,0.0,0.0,1.0,1.0,1.0,1.0,True,True
365,P7_D_EFFECT_RHO30,0.1,0.3,4f5bdbc82ce4441862b676cd92b57b14e8c5c19ecd5200b53d9e5ce24c11c956,True,True,0.0,0.0,1.0,1.0,1.0,1.0,True,True
366,P7_A_NULL_RHO0,0.0,0.0,e44fbd740fa1350b3dfa27e6c9d9fb948ce40ebae8a9297a957b76c6f3565587,True,True,0.0,9.99999999999994e-05,0.0,0.0,1.0,1.0,False,False
366,P7_B_NULL_RHO30,0.0,0.3,10ae859f24eea9c700b0a078540597bbec9c68687e7345ee93b34f99d5d9b64a,True,True,-9.999999999999593e-05,0.0001999999999999988,0.0,0.0,1.0,1.0,False,False
366,P7_C_EFFECT_RHO0,0.1,0.0,439bace6d5c06c7ed2a70843f008bd068e228cbfec667903f4a62fe9518c6cba,True,True,0.00010000000000000286,-0.00020000000000000226,1.0,1.0,1.0,1.0,False,False
366,P7_D_EFFECT_RHO30,0.1,0.3,225fec6cc3dbed1accbbc26140249d2ad76f9e02dd91160bc5892f7514393835,True,True,0.0,0.0,1.0,1.0,1.0,1.0,False,False
367,P7_A_NULL_RHO0,0.0,0.0,767dbf254cad83018946670b28e22482d91e23fe8e9faa4a8f72c9a4be18dfeb,True,True,-9.99999999999994e-05,0.00020000000000000226,0.0,0.0,1.0,1.0,True,False
367,P7_B_NULL_RHO30,0.0,0.3,0a1f893c082ab2bd1b7df5ee0a212c49b6ff895db6522b77ada17b3458545dc3,True,True,-0.00010000000000000026,0.00020000000000000226,0.0,0.0,1.0,1.0,True,False
367,P7_C_EFFECT_RHO0,0.1,0.0,152c361c015d7344dfd4215a10dda117bdfc630ec4f768ac2939a70c7a97f58b,True,True,-0.00010000000000000286,-0.00020000000000000226,1.0,1.0,1.0,1.0,True,True
367,P7_D_EFFECT_RHO30,0.1,0.3,45bc0272b5545215b9954454c7b5b7ac67ff6a0dad2f35bc215dceb630788c12,True,True,-0.00010000000000000286,-0.00020000000000000226,1.0,1.0,1.0,1.0,True,True
368,P7_A_NULL_RHO0,0.0,0.0,b1bd1d5ef946a0524d9a4e0477c700bc4f523d8097a3c39ae08a5cb194623057,True,True,-0.00010000000000000286,9.99999999999994e-05,0.0,0.0,1.0,1.0,True,False
368,P7_B_NULL_RHO30,0.0,0.3,8f61738cd22ee149545afb342dceb3d3c667fe4b86740d20b5e2c8ea78702a91,True,True,-0.0001999999999999988,0.0,0.0,0.0,1.0,1.0,True,False
368,P7_C_EFFECT_RHO0,0.1,0.0,e0a72094855ad685a4551af43deff3aa76ba935dcb8ac9fa2d5138457299610f,True,True,-0.00020000000000000573,-9.99999999999994e-05,1.0,1.0,1.0,1.0,True,True
368,P7_D_EFFECT_RHO30,0.1,0.3,bf677ecf7af7a503ac2d06f270f373e0feb42ee17bfff6b7c26e8c09bc9be7d3,True,True,-0.00020000000000000573,-9.99999999999994e-05,1.0,1.0,1.0,1.0,True,True
369,P7_A_NULL_RHO0,0.0,0.0,400f5bf1eb7a82d072b5772e75ecc30fc868a59d3a0dc029adadb788ee3411d4,True,True,0.0,0.0,0.0,0.0,1.0,1.0,True,True
369,P7_B_NULL_RHO30,0.0,0.3,3a343e61bf5eb51823a7d2e5f0895255ca2bb437a7c2f277d11c8e661ecf66ab,True,True,0.0,0.0,0.0,0.0,1.0,1.0,True,True
369,P7_C_EFFECT_RHO0,0.1,0.0,70316e78444514ac4110aee67aac1a1b2e2b76e1de937c6ffbfe29e6f24b1892,True,True,9.999999999998899e-05,-0.0016000000000000007,1.0,1.0,1.0,1.0,True,True
369,P7_D_EFFECT_RHO30,0.1,0.3,fe732606964a0a07a7b1e42a28f3a86ccea398c6d5c0b6853d04aa2205010cbe,True,True,0.0,0.0,1.0,1.0,1.0,1.0,True,True
370,P7_A_NULL_RHO0,0.0,0.0,8ca2eacdf6f86bb5777fa993bb6f3ccb5c0f9e52cb531e8e8fc9743a7257a96f,True,True,0.00040000000000000105,-0.0007999999999999986,0.0,0.0,1.0,1.0,False,True
370,P7_B_NULL_RHO30,0.0,0.3,3bfa1fe70e3f61026769874d057d2b4e98f9e728480bca43dfdbbacb25e9b702,True,True,0.00030000000000000165,-0.0010000000000000009,0.0,0.0,1.0,1.0,False,True
370,P7_C_EFFECT_RHO0,0.1,0.0,e90e1bec84cdd4d452d707b4934099360506babc61061a85d521050f8cb09911,True,True,-0.00010000000000000286,-9.99999999999994e-05,1.0,1.0,1.0,1.0,True,False
370,P7_D_EFFECT_RHO30,0.1,0.3,a44debe2316c23445490b06b8c4811956c5cd7366d9f66f182789b318c0f18a2,True,True,-0.00010000000000000286,-0.0001999999999999988,1.0,1.0,1.0,1.0,True,False
371,P7_A_NULL_RHO0,0.0,0.0,c72ad5bb627c4dae8d9592190bc95030835540cd8dacab73ee9ea42f94a9cb81,True,True,9.99999999999994e-05,-0.0005000000000000004,0.0,0.0,1.0,1.0,True,True
371,P7_B_NULL_RHO30,0.0,0.3,8e57af78a047d6eb8b17dea4181210bc7cfffbf89c84c1891c9a7339cb49a2c5,True,True,9.99999999999994e-05,-0.00040000000000000105,0.0,0.0,1.0,1.0,True,True
371,P7_C_EFFECT_RHO0,0.1,0.0,1763f00726a4c85de46318f460a18512c92e363909143cd2cf0e4c66c075a76f,True,True,0.00010000000000000286,-0.00030000000000000165,1.0,1.0,1.0,1.0,True,True
371,P7_D_EFFECT_RHO30,0.1,0.3,0954d59d9db5932da90a3babc00e38f8716d9ab0cf4f53bd13d4319fdf8dcc29,True,True,0.0,0.0,1.0,1.0,1.0,1.0,True,True
372,P7_A_NULL_RHO0,0.0,0.0,4b23eb386d4eb4ea451979a722816336284ddcd30338a40beee989a954c88c6e,True,True,-0.0002000000000000001,-0.000499999999999997,0.0,0.0,1.0,1.0,True,True
372,P7_B_NULL_RHO30,0.0,0.3,21187e06a006936821aadae2b48cbe9ab727dc17e645242cfe2179e655f469d5,True,True,-0.0002999999999999999,-0.0005000000000000004,0.0,0.0,1.0,1.0,True,True
372,P7_C_EFFECT_RHO0,0.1,0.0,94fac54f7a93c5b746830c24df781d68a4174519b41a3321ff3802ece2555c85,True,True,-0.0002999999999999947,-0.0003999999999999976,1.0,1.0,1.0,1.0,True,True
372,P7_D_EFFECT_RHO30,0.1,0.3,54720457518bc076eba870e2c626706c647dadb7a8300f6b6f35bcf14004cdce,True,True,-0.0002999999999999947,-0.0003999999999999976,1.0,1.0,1.0,1.0,True,True
373,P7_A_NULL_RHO0,0.0,0.0,db5cd6a6cea0744c616229a5407ae12d61d8cf7a9d136cc992fc8e5709260423,True,True,0.0,-9.99999999999994e-05,0.0,0.0,1.0,1.0,False,False
373,P7_B_NULL_RHO30,0.0,0.3,532838fa9b9ead146185c7bf8cf3a6699486f5f3cecf4c73e4235443ef7989f4,True,True,0.0,0.0,0.0,0.0,1.0,1.0,False,False
373,P7_C_EFFECT_RHO0,0.1,0.0,23f5fb0eadc4d02b2af56a66362078b278dbd569acf5759d3ad6f8e6c5658008,True,True,0.0,-9.99999999999994e-05,1.0,1.0,1.0,1.0,False,False
373,P7_D_EFFECT_RHO30,0.1,0.3,fbe8d16d2428a6cf41e80a203c32e27b7517a3a5414fb954bdd1e731df968ae4,True,True,0.00010000000000000286,-9.99999999999994e-05,1.0,1.0,1.0,1.0,False,False
374,P7_A_NULL_RHO0,0.0,0.0,860fe8cfc9cfc1fb1c65b0fe6dde15c2440130927c688e3fb1080f3f386fbae9,True,True,0.0,0.0,0.0,0.0,1.0,1.0,True,True
374,P7_B_NULL_RHO30,0.0,0.3,bb73767a69c61eb90a594bf17a5fb4775363080f7bd0cd38c69cfae006f3af1b,True,True,0.0,0.0,0.0,0.0,1.0,1.0,True,True
374,P7_C_EFFECT_RHO0,0.1,0.0,23224d1c196c5a845bddb2395649f9252704f2e0cd5db6bc4992ffc689b64cc2,True,True,0.0,0.0,1.0,1.0,1.0,1.0,True,True
374,P7_D_EFFECT_RHO30,0.1,0.3,98be3681de8794f66b9b7d5eafdea1118e16997777f7d00d43a5079646e8ba65,True,True,0.0,0.0,1.0,1.0,1.0,1.0,True,True
375,P7_A_NULL_RHO0,0.0,0.0,4611c7cdc3b0ea36f5c7623fe83af137da02a6a3d110a2eb683335d1cbce8deb,True,True,0.0,-0.00040000000000000105,0.0,0.0,1.0,1.0,True,True
375,P7_B_NULL_RHO30,0.0,0.3,d7bff71e96d76ae8a0ec73a957a6f79610616cf46cc865254787426b1239dc32,True,True,9.999999999999994e-05,-0.0001999999999999988,0.0,0.0,1.0,1.0,True,True
375,P7_C_EFFECT_RHO0,0.1,0.0,5b16d3f405274d50403803efab86819c651f933785e82f7f6c3fd8f3e36ca727,True,True,0.0,0.0,1.0,1.0,1.0,1.0,True,True
375,P7_D_EFFECT_RHO30,0.1,0.3,653250b6a42acf1febfb998e3f9e6826d4b3a01edd6cd80194f745c49c9cf426,True,True,0.0,0.0,1.0,1.0,1.0,1.0,True,True
376,P7_A_NULL_RHO0,0.0,0.0,f0a39719b2fe0317c65b4f8f4bdf14ef50e633882d17a63737ef088d1658c28f,True,True,0.0,0.0,0.0,0.0,1.0,1.0,True,True
376,P7_B_NULL_RHO30,0.0,0.3,f1f490a1245d0a8a9629656ca1f3b84474a275c04d3bc31700fe907dba4391e1,True,True,0.0,0.0,0.0,0.0,1.0,1.0,True,True
376,P7_C_EFFECT_RHO0,0.1,0.0,ada28aa7c4718638c196689bded34b6b3ac7097bb848deca522291308f2744c8,True,True,-0.00010000000000000286,0.0,1.0,1.0,1.0,1.0,True,True
376,P7_D_EFFECT_RHO30,0.1,0.3,d6244728fc235edef3c4adbaca1d945dd9fda851d32866b19e8b464e72b39292,True,True,-9.999999999998899e-05,0.0,1.0,1.0,1.0,1.0,True,True
377,P7_A_NULL_RHO0,0.0,0.0,f5084724a3fb577f4a9df71baa7c660bc98c1ea48cc41c7700719986aeb232a6,True,True,0.0,-0.00030000000000000165,0.0,0.0,1.0,1.0,True,True
377,P7_B_NULL_RHO30,0.0,0.3,fc127e4e06dd9777f58750ee67fedcc7efed56ce33dc8e89c08d75804a2992b5,True,True,0.0,-9.99999999999994e-05,0.0,0.0,1.0,1.0,True,True
377,P7_C_EFFECT_RHO0,0.1,0.0,fde467afb43d0bd1864f5162d497fc39a8e1076d6679538cd6bd03b02f8b1ecf,True,True,0.0,-0.0005999999999999998,1.0,1.0,1.0,1.0,True,True
377,P7_D_EFFECT_RHO30,0.1,0.3,51c45e6424621af48425aff61d5b855fdc0c91223213c4b123567be05f7cb442,True,True,0.0,-0.0002999999999999982,1.0,1.0,1.0,1.0,True,True
378,P7_A_NULL_RHO0,0.0,0.0,60f193aeb6db6a257176169438e124a225b9c0342092fd271cc902f73c1aff2e,True,True,0.0,0.0,1.0,1.0,0.0,0.0,True,True
378,P7_B_NULL_RHO30,0.0,0.3,58c496b3e499c7a8fe81ff4a66de7f87be2e43d18b9985cbb4b4c3be1076713d,True,True,0.0,0.0,1.0,1.0,0.0,0.0,True,True
378,P7_C_EFFECT_RHO0,0.1,0.0,0b31560c34bb7857c55c30519a7245f7a545240c79dae50fd8ecb071f9740ade,True,True,0.0,-0.00010000000000000286,1.0,1.0,0.0,0.0,True,False
378,P7_D_EFFECT_RHO30,0.1,0.3,016684ba9ff852fcafbf8c6bdb95ce86a715d9525ac3677d79d2db1fde29b290,True,True,-9.999999999998899e-05,-9.99999999999994e-05,1.0,1.0,0.0,0.0,True,False
379,P7_A_NULL_RHO0,0.0,0.0,dbd38c5e2599659f384b1a4a08768cf8ed780a6da1f8553149e3dcf87d2d6487,True,True,0.0,0.0,0.0,0.0,1.0,1.0,False,False
379,P7_B_NULL_RHO30,0.0,0.3,5ea8245eb556611363c5cce2832264f260ff8a60fa0183e861490ab0ec710d3d,True,True,0.0,-9.99999999999994e-05,0.0,0.0,1.0,1.0,False,False
379,P7_C_EFFECT_RHO0,0.1,0.0,7098ba6db11019be50f085df7152a70705a1b2052abfe5fd588f1ef74db97d1e,True,True,0.0,-9.99999999999994e-05,1.0,1.0,1.0,1.0,True,False
379,P7_D_EFFECT_RHO30,0.1,0.3,d1c1481c60d48b46c0aec6a8824fe7bcf8cb1956a7c04f02a6b63715b7831743,True,True,0.0,-0.0001999999999999988,1.0,1.0,1.0,1.0,False,False
380,P7_A_NULL_RHO0,0.0,0.0,9feb5df5447c645061ccf880e58a0bfe9dbc04149f4017d28976384efa42d95b,True,True,0.00010000000000000113,-0.0005999999999999998,0.0,0.0,1.0,1.0,True,True
380,P7_B_NULL_RHO30,0.0,0.3,61b06090098f17deefe1ea5ac3068ae2650d5dc277f4500f407d0917ed34a53b,True,True,0.00010000000000000113,-0.0005999999999999998,0.0,0.0,1.0,1.0,True,True
380,P7_C_EFFECT_RHO0,0.1,0.0,015b7088da106d671682a643776567bc87bb6baf6298bcc8f5ec70a54888f0fc,True,True,-0.00019999999999999185,-0.0001999999999999988,1.0,1.0,1.0,1.0,True,False
380,P7_D_EFFECT_RHO30,0.1,0.3,77313f954f7991d0d90622e8e8b617278f75a2e07f0dcbace6a11ffb5f1faf54,True,True,0.00010000000000000286,-0.0005000000000000004,1.0,1.0,1.0,1.0,False,False
381,P7_A_NULL_RHO0,0.0,0.0,59a14c0524a7a862b70899d147823028f9422f67b9c8e26a91dc9a02ed3bd868,True,True,9.99999999999994e-05,0.0,0.0,0.0,1.0,1.0,True,True
381,P7_B_NULL_RHO30,0.0,0.3,80ad65af9d8aa9f3e0b65eb21ba9cdb7ae5cefbd7b571c2d6039868c26cd4e63,True,True,9.99999999999994e-05,0.0,0.0,0.0,1.0,1.0,True,True
381,P7_C_EFFECT_RHO0,0.1,0.0,e07255bdbc02ce76121ee47ec6ec722041e68a7e061dad2c3c924440dfbf1755,True,True,0.00010000000000000286,0.0,1.0,1.0,1.0,1.0,True,True
381,P7_D_EFFECT_RHO30,0.1,0.3,eaa1cab26c7b6ca050a1849edf3e918b6723b50f6fabe1172141c3737dfd9ab4,True,True,0.00010000000000000286,0.0,1.0,1.0,1.0,1.0,True,True
382,P7_A_NULL_RHO0,0.0,0.0,daa041a51e7c048047bdee486a7002db6403255e09823b169ba761577cd136ce,True,True,-0.00020000000000000052,-0.00030000000000000165,0.0,0.0,1.0,1.0,True,True
382,P7_B_NULL_RHO30,0.0,0.3,b39dbbaa563289cac435540aa60766fe9eb7584e1c5e6a8eb3d8e29ff0417230,True,True,-0.0002999999999999999,-0.00040000000000000105,0.0,0.0,1.0,1.0,True,False
382,P7_C_EFFECT_RHO0,0.1,0.0,8fa79bbc2f5a51ad2aba7a665efd41a1816bf5e0feb5a2e8b82adb0c94dbcbb0,True,True,-0.00010000000000000286,-0.00020000000000000226,1.0,1.0,1.0,1.0,True,True
382,P7_D_EFFECT_RHO30,0.1,0.3,5fdfe4dc5e25197f4997ac6bce8d0dcd4124eb06c12c94a18811d4cecb357150,True,True,-0.0002999999999999947,-0.00040000000000000105,1.0,1.0,1.0,1.0,True,True
383,P7_A_NULL_RHO0,0.0,0.0,70c94083ee6469b004de16b845ac869dd63bfab87b82432e134fb2c54941d072,True,True,0.0,0.0,0.0,0.0,1.0,1.0,True,True
383,P7_B_NULL_RHO30,0.0,0.3,9e4a1d3f4b7b565d6a7b7361887b313b001fcdbb7fab982e93cad1c891039326,True,True,0.0002999999999999999,-0.0005999999999999998,0.0,0.0,1.0,1.0,True,True
383,P7_C_EFFECT_RHO0,0.1,0.0,24b2f413b43c8e18ced6246f90433d69b4dcd72f2db4564c1f80569bed9c71d6,True,True,0.00040000000000001146,-0.0006999999999999992,1.0,1.0,1.0,1.0,True,True
383,P7_D_EFFECT_RHO30,0.1,0.3,6e28d3d699f85aa35c0605386c625322f704738180be48d194e6bcef9261757a,True,True,0.00040000000000001146,-0.0006999999999999992,1.0,1.0,1.0,1.0,True,True
384,P7_A_NULL_RHO0,0.0,0.0,388a31d27ee8b2425814e28984ef0baffd102c3cb08beec8a565c2bff9d67d94,True,True,0.0,0.0,0.0,0.0,1.0,1.0,True,True
384,P7_B_NULL_RHO30,0.0,0.3,245ab4103bc598de009ce6d196fcb24b0408aad8c022990d08d7955cc8c3f829,True,True,0.0,0.0,0.0,0.0,1.0,1.0,True,True
384,P7_C_EFFECT_RHO0,0.1,0.0,c3d1de62355482077cb4d0df886112842abb37e10c0210a48a247ac5cba823c6,True,True,0.0,0.0,1.0,1.0,1.0,1.0,True,True
384,P7_D_EFFECT_RHO30,0.1,0.3,58d0df2c0469a67b0d4292f0e991ad7531d5481e3c249f7ee63695de39dd0ecf,True,True,0.0,0.0,1.0,1.0,1.0,1.0,True,True
385,P7_A_NULL_RHO0,0.0,0.0,9c6fea02b707ef7cbfd4d0bbc8709550240a9b7ad8d84b6779396b06e6e5d4ff,True,True,0.0,0.0,0.0,0.0,1.0,1.0,True,True
385,P7_B_NULL_RHO30,0.0,0.3,98c621e8f34176eca5b451ad6524cb049b9f25636c3e9acbbf38324ab1bf4c1b,True,True,-0.00010000000000000113,0.0,0.0,0.0,1.0,1.0,True,True
385,P7_C_EFFECT_RHO0,0.1,0.0,fd8d3983a5ae563090a7337321321b445557951b0c556ae75b38342a0a7a8a5e,True,True,0.0,-0.00020000000000000226,1.0,1.0,1.0,1.0,True,True
385,P7_D_EFFECT_RHO30,0.1,0.3,ad2bbd1f44947915c8ba1228c7d1e034d9cbbd766584f73e0f291e52eb01e3da,True,True,-0.00010000000000000286,-0.00040000000000000105,1.0,1.0,1.0,1.0,True,True
386,P7_A_NULL_RHO0,0.0,0.0,d661be191e95fe67ae8735afb3309fa753173a76b377dd810ba3a901ed651d42,True,True,-0.00030000000000000035,-0.0006999999999999992,0.0,0.0,1.0,1.0,True,True
386,P7_B_NULL_RHO30,0.0,0.3,9da0a0d518e05864bbde18e0f331efbfb718f18edc0b30a5869b496d5b694002,True,True,-0.00010000000000000026,0.00040000000000000105,0.0,0.0,1.0,1.0,True,True
386,P7_C_EFFECT_RHO0,0.1,0.0,e1a650d03ea2e70829d5f357eb35af7aaef2bd17d22f61a44cdea5a045d28175,True,True,-9.999999999998899e-05,0.00040000000000000105,1.0,1.0,1.0,1.0,True,True
386,P7_D_EFFECT_RHO30,0.1,0.3,431fde48a39897d8df1e83d606c41a9ef28081cb5b9bca6220a4a6451e2a4d17,True,True,-0.0005000000000000004,-0.0008000000000000021,1.0,1.0,1.0,1.0,True,True
387,P7_A_NULL_RHO0,0.0,0.0,655036caff1e9a8764f7d16a86f1d268b036c6a1243f6eafe78cd3d597b950a6,True,True,0.0006999999999999992,-0.0022000000000000006,0.0,0.0,1.0,1.0,True,True
387,P7_B_NULL_RHO30,0.0,0.3,011556e224b83d8e7ad0f19c59cbf01acfdfa1b0c247e50d1d4de9864524b7cc,True,True,0.0007999999999999986,-0.0020000000000000018,0.0,0.0,1.0,1.0,True,True
387,P7_C_EFFECT_RHO0,0.1,0.0,acba54972fcb2a46b2eea2a9be92495820a4d56a05fb15dd3ac620c921987e91,True,True,0.000800000000000009,-0.0023,1.0,1.0,1.0,1.0,True,True
387,P7_D_EFFECT_RHO30,0.1,0.3,3c0eab3b502fe3abcd9450d44b34d67ec1df15a5b92edb09fd9a0e7ea5dd90f5,True,True,-0.0003999999999999976,-0.0006999999999999992,1.0,1.0,1.0,1.0,True,True
388,P7_A_NULL_RHO0,0.0,0.0,f233751130cb781fec5a9ae1d1eef1f14f64f90b3af2f6d4d43900d608b94399,True,True,0.0,0.0,0.0,0.0,1.0,1.0,True,True
388,P7_B_NULL_RHO30,0.0,0.3,3d3a59e8387bd1719fe30da8b7fdbdf0f02a41a88ca9665e385d1e2e7853bb68,True,True,0.0,0.0,0.0,0.0,1.0,1.0,True,True
388,P7_C_EFFECT_RHO0,0.1,0.0,8261a90bad6d51fac535ec2a131bb7b3a855e2ddbfc242f92be18e74eb07a0a1,True,True,0.0,0.0,1.0,1.0,1.0,1.0,True,True
388,P7_D_EFFECT_RHO30,0.1,0.3,3218063d11674e4e29bd4ca8d5b90fe87d849230162760184725430f4bdfe778,True,True,0.0,0.0,1.0,1.0,1.0,1.0,True,True
389,P7_A_NULL_RHO0,0.0,0.0,df14b6c890131aa3f1a00918360952e573e67d8d1af0927479a4987f24f19a6a,True,True,-0.00020000000000000052,-0.00030000000000000165,0.0,0.0,1.0,1.0,True,False
389,P7_B_NULL_RHO30,0.0,0.3,a39f2a6201d85b1cce975fc4d633eb8d03aa6340716bba99e67fa7422d16e970,True,True,-0.00020000000000000052,-0.00040000000000000105,0.0,0.0,1.0,1.0,True,False
389,P7_C_EFFECT_RHO0,0.1,0.0,561f999c9b76b79a2e976c2a64737e2dafb66aeea9bfca93eafba12259b0dfa3,True,True,-0.00019999999999999185,-0.00030000000000000165,1.0,1.0,1.0,1.0,True,False
389,P7_D_EFFECT_RHO30,0.1,0.3,a3b059b8fe426426983e4d0fd13f131f8c9f4fa5ea59cfebc8ceedbce2fd6ac6,True,True,0.0006000000000000033,-0.0017999999999999995,1.0,1.0,1.0,1.0,False,False
390,P7_A_NULL_RHO0,0.0,0.0,f074425d00292b72a0e01977b406ad2129422ed8d876dd84342351ef74942a4f,True,True,0.0004999999999999987,-0.001299999999999999,0.0,0.0,1.0,1.0,True,True
390,P7_B_NULL_RHO30,0.0,0.3,e5770e6d1db488a310f522521783374c49f1a5cf9c69fe8afaad2a08c9ae20cd,True,True,0.0003999999999999976,-0.0011000000000000003,0.0,0.0,1.0,1.0,True,True
390,P7_C_EFFECT_RHO0,0.1,0.0,27210260b344d745d13d58fa2e26056cd09eb5bb2f8b32d866f6514c97ddbeba,True,True,0.0005000000000000004,-0.0009000000000000015,1.0,1.0,1.0,1.0,True,True
390,P7_D_EFFECT_RHO30,0.1,0.3,8e1a78d7880b2755079684d81a5c5af62e3cf9c5edf8798fc7ae7e55d18c7b32,True,True,0.0006000000000000033,-0.0010000000000000009,1.0,1.0,1.0,1.0,True,True
391,P7_A_NULL_RHO0,0.0,0.0,f96745f9a057d04c320233a6384fb92363177d8ce6748a254c3f275cad28b52c,True,True,0.0,0.0,0.0,0.0,1.0,1.0,True,True
391,P7_B_NULL_RHO30,0.0,0.3,2d3cfc40d463310568b2f69acfb94c6b422e975235005d014355f95bd18dbc49,True,True,0.0,0.0,0.0,0.0,1.0,1.0,True,True
391,P7_C_EFFECT_RHO0,0.1,0.0,9167b1863af17c9cfd0a27cb5ebb01aa69b33ffbe7d0f39a2c24e64534424f03,True,True,0.0,-9.99999999999994e-05,1.0,1.0,1.0,1.0,True,True
391,P7_D_EFFECT_RHO30,0.1,0.3,78cb83fdd2963f565d49249109948fbd243da8ed7ab14be4f9f2d9e36a4c1125,True,True,0.00010000000000000286,-0.0002999999999999982,1.0,1.0,1.0,1.0,True,True
392,P7_A_NULL_RHO0,0.0,0.0,6e84e877f81169f9df3bc0d9f5210072a54e8c0d3f11dddf4869376010249bd0,True,True,9.99999999999994e-05,-0.0005999999999999998,0.0,0.0,1.0,1.0,True,True
392,P7_B_NULL_RHO30,0.0,0.3,c998fc9220f59101cca25e0991b01157704d708c60195908fe3eff5b67bfd64a,True,True,9.99999999999994e-05,-0.0005000000000000004,0.0,0.0,1.0,1.0,True,True
392,P7_C_EFFECT_RHO0,0.1,0.0,2455064261efe2c17a1a2020b5ec6c974fba6132f00376761741fb60c6e8ef2b,True,True,0.0,-0.0009000000000000015,1.0,1.0,1.0,1.0,True,True
392,P7_D_EFFECT_RHO30,0.1,0.3,4f551827fa4f6c124ca51975d0ce5664f7a4e69974ec2c8ac7f220607cc15136,True,True,0.0,0.0,1.0,1.0,1.0,1.0,True,True
393,P7_A_NULL_RHO0,0.0,0.0,081f7e8039712439fee37dfca26af558a813b758ecdf8f05873d2bab45011cef,True,True,0.0,0.0,0.0,0.0,1.0,1.0,True,True
393,P7_B_NULL_RHO30,0.0,0.3,509939c7552c389a47652aa6bea8eaad30aa2d33974a23a1238cabaa0162a760,True,True,0.0,0.0,0.0,0.0,1.0,1.0,True,True
393,P7_C_EFFECT_RHO0,0.1,0.0,01698d4aad6a1c30a19fb8d80e578a143a9597c38fbaef902f2e87621b9b933a,True,True,0.0,0.0,1.0,1.0,1.0,1.0,True,True
393,P7_D_EFFECT_RHO30,0.1,0.3,7d634c7ec4d3ab2c2e840c1d72f8d2b6ad44d74c2cbcde3866c4371575f42970,True,True,0.0,0.0,1.0,1.0,1.0,1.0,True,True
394,P7_A_NULL_RHO0,0.0,0.0,efdb232e92ea7dc77f50976f4d58d77408c3c1604769a8791381c4eba6050219,True,True,0.0,-0.0002999999999999982,0.0,0.0,1.0,1.0,True,True
394,P7_B_NULL_RHO30,0.0,0.3,64a24ebf2685083b9c583978eecfd7fb5646cc3ea5b1d4292bc959c4a7c45d7b,True,True,0.0,-0.00030000000000000165,0.0,0.0,1.0,1.0,True,True
394,P7_C_EFFECT_RHO0,0.1,0.0,52d6c5907af737ef38d9c5bef68da2f0edfe246837d4b474b9a0272353b8752f,True,True,0.0,0.0,1.0,1.0,1.0,1.0,True,True
394,P7_D_EFFECT_RHO30,0.1,0.3,2e4f486577e57c3ba390692bfc3691cf0290d43723717137bac68f71133f5e44,True,True,0.0,0.0,1.0,1.0,1.0,1.0,True,True
395,P7_A_NULL_RHO0,0.0,0.0,9e76381f7bc8e05df5e2975414fa4995c629dfe4e0343a77ecb5e08ff1d0d533,True,True,0.0,-0.00040000000000000105,0.0,1.0,1.0,0.0,True,True
395,P7_B_NULL_RHO30,0.0,0.3,d2c9cebff19c1bca885ccd96c15442e852e2ced12d9a3078e94884a8ebf94d97,True,True,0.0,-0.0002999999999999982,1.0,1.0,0.0,0.0,False,True
395,P7_C_EFFECT_RHO0,0.1,0.0,8c0c636de179c40a780167cca0ef76673d98ca7829fc9257b328911fada9b802,True,True,0.0,-0.00040000000000000105,1.0,1.0,0.0,0.0,True,True
395,P7_D_EFFECT_RHO30,0.1,0.3,cd245be254c68d15f7bbabb7c5d961e334b4c14fda34fdb222eea133958580a0,True,True,0.0,-0.0003999999999999976,1.0,1.0,0.0,0.0,True,True
396,P7_A_NULL_RHO0,0.0,0.0,a28065601435d5fe5f0f736563625bb055d70954064d824b2c07fab03189a4d7,True,True,0.00010000000000000026,-0.0006999999999999992,0.0,0.0,1.0,1.0,True,True
396,P7_B_NULL_RHO30,0.0,0.3,6f6571e379f1d4022542424578e3cb31d692f63b772b431b20cc99e338664823,True,True,0.00010000000000000026,-0.00040000000000000105,0.0,0.0,1.0,1.0,True,True
396,P7_C_EFFECT_RHO0,0.1,0.0,f02a5f55e49ef3c20f0f0728677a2ef30ec4f33c0e1da4ba0dcc52dfa7075b03,True,True,0.00010000000000000286,-0.0006999999999999992,1.0,1.0,1.0,1.0,True,True
396,P7_D_EFFECT_RHO30,0.1,0.3,ae61828bb755d3e42924ae5c3a95fffe8334e96b220f83119b699deb674bdd87,True,True,0.0,0.0,1.0,1.0,1.0,1.0,True,True
397,P7_A_NULL_RHO0,0.0,0.0,7301b514a2a4b4adae2eb97898b0e76f0835e2a4aacf9f231fed0fcc60a3e6ba,True,True,0.0002999999999999947,-0.0010000000000000009,1.0,1.0,0.0,0.0,True,True
397,P7_B_NULL_RHO30,0.0,0.3,abdafe9bc95cf5251f0a19654c0fbacf3daa629c5878d4b974411857fe21d70c,True,True,0.0,0.0,1.0,1.0,0.0,0.0,True,True
397,P7_C_EFFECT_RHO0,0.1,0.0,015dddef958067379f087ba995469b70f557593bb303061fee86e50796d3ff91,True,True,0.00030000000000000165,-0.001299999999999999,1.0,1.0,0.0,0.0,True,True
397,P7_D_EFFECT_RHO30,0.1,0.3,ec5da3912e8eaf2937780f79a4bdba8a5e6e5d1fffc1e67c4f875f77169437e4,True,True,0.0001999999999999988,-0.0011999999999999997,1.0,1.0,0.0,0.0,True,True
398,P7_A_NULL_RHO0,0.0,0.0,31388301a94757c02822cebe315625eeb40ab83374a89ef71d8589902958cb1e,True,True,0.0,0.0,0.0,0.0,1.0,1.0,True,True
398,P7_B_NULL_RHO30,0.0,0.3,6e40541a218323830766acabee2f48934fe8ac5d99af17fbad31352b94e3290e,True,True,0.0,0.0,0.0,0.0,1.0,1.0,True,True
398,P7_C_EFFECT_RHO0,0.1,0.0,4aae17f31ab2e56e618ebb351f14a35336554d64d02bd4969c76d3c423cebf87,True,True,0.0,0.0,1.0,1.0,1.0,1.0,True,True
398,P7_D_EFFECT_RHO30,0.1,0.3,5de0ec148bdf59bdd088cec8915533e545fcd8773a0e6d54802e09b8a2e55ad1,True,True,0.0,0.0,1.0,1.0,1.0,1.0,True,True
399,P7_A_NULL_RHO0,0.0,0.0,fa86c9f5f477fc3cf5b2d2ae92568432d64044882091c550cac2096712e0a6f9,True,True,0.0009999999999999992,-0.0017000000000000001,0.0,0.0,1.0,1.0,True,True
399,P7_B_NULL_RHO30,0.0,0.3,a287853f3280ea2e18fe193b07cff72f19189f660b0aa9970314e111aeee89c2,True,True,0.0008999999999999998,-0.0016000000000000007,0.0,0.0,1.0,1.0,True,True
399,P7_C_EFFECT_RHO0,0.1,0.0,f007f8f3a4d6b41cc7f45cc99c7b5b92d01d0909fd38ede91b048099272c08ae,True,True,0.0007000000000000062,-0.0010000000000000009,1.0,1.0,1.0,1.0,True,True
399,P7_D_EFFECT_RHO30,0.1,0.3,5680bbb1b254b4a6e01366c8e5b652fb5777b875b868ca203b1b9e2004c0a033,True,True,0.0006999999999999923,-0.0010000000000000009,1.0,1.0,1.0,1.0,True,True
400,P7_A_NULL_RHO0,0.0,0.0,08af82b2ee8738542a2850c2d8b2559400d665e8e42a7ff485f078da08875a9d,True,True,-0.00020000000000000052,0.0005999999999999998,0.0,0.0,1.0,1.0,True,False
400,P7_B_NULL_RHO30,0.0,0.3,440a6dbf549ccd7f1b8952ccbe3cba88088c2eaa2e02f87ee7d944d1b2b8f526,True,True,-0.00020000000000000052,0.0005999999999999998,0.0,0.0,1.0,1.0,True,False
400,P7_C_EFFECT_RHO0,0.1,0.0,81150f9ad6fde7ed8816c5b92a2a47a3bd809c77e7e2ce802c3cbaf4b73feefc,True,True,-0.00010000000000000286,0.0001999999999999988,1.0,1.0,1.0,1.0,False,False
400,P7_D_EFFECT_RHO30,0.1,0.3,7158468328f7d55e36beb5037e47989deaafd71b472c5d9f463bbf96f30b33e1,True,True,-0.00010000000000000286,0.0001999999999999988,1.0,1.0,1.0,1.0,False,False
401,P7_A_NULL_RHO0,0.0,0.0,b7610d58888014ae704e11b2cd6b635e00bb65efe39d7173d5945047fd4712ad,True,True,0.00010000000000000026,-0.0005999999999999998,0.0,0.0,1.0,1.0,False,False
401,P7_B_NULL_RHO30,0.0,0.3,831a144418d898853b37f97a1c5fb51a6ca7bdf6461bdcadc65466009ccd21fd,True,True,9.99999999999994e-05,-0.0005999999999999998,0.0,0.0,1.0,1.0,False,False
401,P7_C_EFFECT_RHO0,0.1,0.0,95d9c30aadffa62ae9a66644755a6d02f923770b156a584fe89ed68630ae0816,True,True,-0.00010000000000000286,-9.99999999999994e-05,1.0,1.0,1.0,1.0,True,False
401,P7_D_EFFECT_RHO30,0.1,0.3,8ee6ef05bb855b018ede0ef8b9a2798167c1e78b6e1172d0a87c86e5aaa30b3e,True,True,9.999999999998899e-05,-0.0006999999999999992,1.0,1.0,1.0,1.0,False,False
402,P7_A_NULL_RHO0,0.0,0.0,286c3bcba69cdc6e4ff099a1d19b916ca24c449a88e91b3cbccb01ded41436b2,True,True,0.0,0.0,0.0,0.0,1.0,1.0,True,True
402,P7_B_NULL_RHO30,0.0,0.3,7883fa6ff755e4bdd440e960ae8b4ab9bd82f605b41eeb49d1ab6cd5d3f31077,True,True,9.99999999999994e-05,0.0,0.0,0.0,1.0,1.0,True,True
402,P7_C_EFFECT_RHO0,0.1,0.0,530b39d006589319273164f5ad989eca5a761de27746f3508f7f8b08bf358a9d,True,True,-9.999999999998899e-05,9.99999999999994e-05,1.0,1.0,1.0,1.0,False,False
402,P7_D_EFFECT_RHO30,0.1,0.3,87e8a66c80e503debcdc62a6de1b0ee13f5d1b16d8b511da5a40390bb04ffbff,True,True,-0.00010000000000000286,9.99999999999994e-05,1.0,1.0,1.0,1.0,True,False
403,P7_A_NULL_RHO0,0.0,0.0,963fc957684e72373ccbea74e009187a1306240d065f6df1b849e6cfcd147e01,True,True,-9.999999999999593e-05,-9.99999999999994e-05,0.0,0.0,1.0,1.0,True,True
403,P7_B_NULL_RHO30,0.0,0.3,d7275cbf8dc323e63b3aa5df55604c4fb12a4b49132949ac98e9150a739b8a4a,True,True,0.00010000000000000286,-0.0001999999999999988,0.0,0.0,1.0,1.0,True,True
403,P7_C_EFFECT_RHO0,0.1,0.0,d0cf37d45ac09ad89f5d52ab316ef2a32507ac4410d69b371c52dd6c29be5535,True,True,0.00010000000000001674,-9.99999999999994e-05,1.0,1.0,1.0,1.0,True,True
403,P7_D_EFFECT_RHO30,0.1,0.3,8beea988cfa22db9a662ac9622241327e9b22b5f8cf620a04b94114a0485723e,True,True,-9.999999999998899e-05,-0.00020000000000000226,1.0,1.0,1.0,1.0,True,True
404,P7_A_NULL_RHO0,0.0,0.0,6b982421336142da4c3921abf7549bd30e3a079c391a222d4e468d00dde87f30,True,True,0.0,0.0,0.0,0.0,1.0,1.0,False,False
404,P7_B_NULL_RHO30,0.0,0.3,d4e3e451a2dcbc3b1332498a34912841edfe7cc5396e146424d4898db3af8e7b,True,True,0.0,9.99999999999994e-05,0.0,0.0,1.0,1.0,False,False
404,P7_C_EFFECT_RHO0,0.1,0.0,4c06eff4299d75c58d7adc3632c0b78d48f5f1654dd7fc99c42a7aa0aa63e8fc,True,True,0.00010000000000000286,0.0,1.0,1.0,1.0,1.0,True,True
404,P7_D_EFFECT_RHO30,0.1,0.3,5024c002d2dc931efb4ceee7d89ddeb3e91b4d5ffd615d8c5d7d7f5e40bfb31f,True,True,-9.999999999998899e-05,0.0,1.0,1.0,1.0,1.0,True,True
405,P7_A_NULL_RHO0,0.0,0.0,58ce3e517d9e81edc73bd3d461e058a90a6c589f64c49da0852819852db72216,True,True,0.0,0.0,0.0,0.0,1.0,1.0,True,True
405,P7_B_NULL_RHO30,0.0,0.3,ec84d2c1e70a404a2f4991bee9d5fa28a777d11b3a464ce593271fc42ac1cf01,True,True,0.0,0.0001999999999999988,0.0,0.0,1.0,1.0,False,False
405,P7_C_EFFECT_RHO0,0.1,0.0,5fac7fc63cb318b83460b69c89f78d027f5e13fe4ec64ee159dafecd7b394e23,True,True,0.0,0.0,1.0,1.0,1.0,1.0,True,True
405,P7_D_EFFECT_RHO30,0.1,0.3,5c6991217f783f84d73fb17fcacc37334e65d9152628754861b75a40a32cfb4b,True,True,0.0,0.0,1.0,1.0,1.0,1.0,True,True
406,P7_A_NULL_RHO0,0.0,0.0,83878cc3b7cb3470e3113b2e21800b0b360641410dadc93dcd6177d05c7470a2,True,True,0.00019999999999999987,-0.0010000000000000009,0.0,0.0,1.0,1.0,True,True
406,P7_B_NULL_RHO30,0.0,0.3,59dde1ee2e31ca714ca287c5509c8eb20864af40a80e472c1a9328b5f9629503,True,True,0.0002000000000000001,-0.0010000000000000009,0.0,0.0,1.0,1.0,True,True
406,P7_C_EFFECT_RHO0,0.1,0.0,488d694372536c95b4703dab14c73df5ce11316d9a47d74a47ded4bbbe59f568,True,True,-0.00019999999999999185,-0.0002999999999999982,1.0,1.0,1.0,1.0,True,True
406,P7_D_EFFECT_RHO30,0.1,0.3,708c3cd5f4e88bd9dc92f67d6f02aba5f047af2559a6816c49ee60626688dbc4,True,True,0.00020000000000000573,-0.0013000000000000025,1.0,1.0,1.0,1.0,True,True
407,P7_A_NULL_RHO0,0.0,0.0,98efff8480aeacdd67becbca37b7b477ec644f746abbd0799c0885fb56a28414,True,True,-9.99999999999994e-05,9.99999999999994e-05,0.0,0.0,1.0,1.0,True,True
407,P7_B_NULL_RHO30,0.0,0.3,67ab4623eb0b81674df7fa8bb5dd75c04fbefce8d6a4ff57c9af0653b13d105d,True,True,-0.00010000000000000026,0.0,0.0,0.0,1.0,1.0,True,True
407,P7_C_EFFECT_RHO0,0.1,0.0,2f861d60b4dacb0f8327ad194ae7f0d9c7b61970b72927dc4249a3a0a182b373,True,True,-0.00010000000000000286,0.0,1.0,1.0,1.0,1.0,True,True
407,P7_D_EFFECT_RHO30,0.1,0.3,aec502b612a4fe675650dcf5f14283ca945d6e6bad1db5552daa08fa764ff8d2,True,True,0.0,0.00010000000000000286,1.0,1.0,1.0,1.0,True,True
408,P7_A_NULL_RHO0,0.0,0.0,74d5f027b48c9dcc822e548cee569a3679ac7b90fdb65c022092d9064aa8baa9,True,True,0.0,0.0,0.0,0.0,1.0,1.0,True,True
408,P7_B_NULL_RHO30,0.0,0.3,1498886c5a39b51d523ec4d23b9f3a1d8eb687d8fdfc41b7588ccf0f8cd172dc,True,True,0.00010000000000000005,-0.001400000000000002,0.0,0.0,1.0,1.0,True,True
408,P7_C_EFFECT_RHO0,0.1,0.0,1821f72f06119aaa377384e0acc2d9c266fb7e7817cb57ba4650e20ec694fef2,True,True,0.0,0.0,1.0,1.0,1.0,1.0,True,True
408,P7_D_EFFECT_RHO30,0.1,0.3,2869d87f3a295c399e4d2b04012f12efcf2d630ff8f31641444b25d1abc45b03,True,True,0.0,0.0,1.0,1.0,1.0,1.0,True,True
409,P7_A_NULL_RHO0,0.0,0.0,3bab2258315f60a2fe4c35868c4cfa522b6ffbf2a4b7a1247b0184b304c8764a,True,True,-9.99999999999994e-05,0.0,0.0,0.0,1.0,1.0,True,True
409,P7_B_NULL_RHO30,0.0,0.3,64a76c20c7a1195b13459f43bfef1fcb364977435b3a4532ea74a6df3fbb4c0e,True,True,-9.99999999999994e-05,0.0,0.0,0.0,1.0,1.0,True,True
409,P7_C_EFFECT_RHO0,0.1,0.0,de5a9946c7cce358bb97dcd8214ecb977fca454d0a87bd1fbd25b0e70d39b9cd,True,True,0.0,-9.99999999999994e-05,1.0,1.0,1.0,1.0,True,True
409,P7_D_EFFECT_RHO30,0.1,0.3,af28d67eec0fbf1e8c80d6f647abe39303d5f4de4af0e8d2a211e1ab50088fc4,True,True,-0.00020000000000000573,-9.99999999999994e-05,1.0,1.0,1.0,1.0,True,True
410,P7_A_NULL_RHO0,0.0,0.0,68dec4de0d6ef6e3c01b8ce3ecf1758e604a6d5959b31f30fff7b3ac9beaafc9,True,True,0.0005999999999999998,-0.00040000000000000105,0.0,0.0,1.0,1.0,True,True
410,P7_B_NULL_RHO30,0.0,0.3,1edd5030f1f44d0db3316c42d54860e332eb460eead1db8525c2a1d06c78a1f8,True,True,0.0005999999999999998,-0.00040000000000000105,0.0,0.0,1.0,1.0,True,True
410,P7_C_EFFECT_RHO0,0.1,0.0,abe290a2c6f78443b41caad40e2fe4fd5080db7da882cf1c2c2efcd9310adbfa,True,True,0.0005999999999999894,-0.00040000000000000105,1.0,1.0,1.0,1.0,True,True
410,P7_D_EFFECT_RHO30,0.1,0.3,37f8286685f4773959e01db282d920c952345ef9acea7aacd999ce34d3667ee0,True,True,0.0006000000000000172,-0.00040000000000000105,1.0,1.0,1.0,1.0,True,True
411,P7_A_NULL_RHO0,0.0,0.0,a35b62cff0635d203105ef32cbb9684218253ba03540dec9967d84d599931917,True,True,0.0,-9.99999999999994e-05,0.0,0.0,1.0,1.0,True,True
411,P7_B_NULL_RHO30,0.0,0.3,b0bb69ac41c7c8083eca37e246be6cb39072ee3a821fb8fe0ccc373937f861d9,True,True,-9.99999999999994e-05,-0.0001999999999999988,0.0,0.0,1.0,1.0,True,True
411,P7_C_EFFECT_RHO0,0.1,0.0,b4fe7989d836738a78df4845fb202f2f38ec489ff410ca0c23bc70cba1a70521,True,True,-0.00010000000000000286,-0.00030000000000000165,1.0,1.0,1.0,1.0,True,True
411,P7_D_EFFECT_RHO30,0.1,0.3,88f45930cd7923e817d43954175e4441c78a9f4c3d6bb806f838ddd82c3f85eb,True,True,-0.00019999999999999185,-0.0005999999999999998,1.0,1.0,1.0,1.0,True,True
412,P7_A_NULL_RHO0,0.0,0.0,1fd0f37b950659ef7f8e157df4630dd127c354b67677ef8e7e648259f1808109,True,True,0.0001999999999999988,-0.0017000000000000001,0.0,0.0,1.0,1.0,False,True
412,P7_B_NULL_RHO30,0.0,0.3,2f7afc39fb5febb66bab57da2b71151b67baafaf0bc44c05d7947458f1dbba54,True,True,0.00020000000000000226,-0.0016000000000000007,0.0,0.0,1.0,1.0,True,True
412,P7_C_EFFECT_RHO0,0.1,0.0,bed2e744e0da60c79c2ea7f510db28f1793755dad47adf2e6f23a5863e1f5e34,True,True,0.00010000000000000286,-0.0020000000000000018,1.0,1.0,1.0,1.0,True,True
412,P7_D_EFFECT_RHO30,0.1,0.3,ed10793e3914d73a5424ae96f15bf0f375803e35e911895e6d9a1f28e57c9d80,True,True,0.00020000000000000573,-0.001899999999999999,1.0,1.0,1.0,1.0,True,True
413,P7_A_NULL_RHO0,0.0,0.0,266228345d59eb864203c5ecc015882bbaf39912148d93b83ba428de695c3f8a,True,True,0.00010000000000000005,-0.00040000000000000105,0.0,0.0,1.0,1.0,False,False
413,P7_B_NULL_RHO30,0.0,0.3,b445fd253cd2fe9f32d755f6eea69e6f0a908f10de30f98dc1858e7946913942,True,True,9.999999999999994e-05,-0.00040000000000000105,0.0,0.0,1.0,1.0,False,False
413,P7_C_EFFECT_RHO0,0.1,0.0,e0203106fb9e208ec1aa5f7a669dfd71832aa4eca103f54c0775210324886529,True,True,0.00010000000000000286,-0.00030000000000000165,1.0,1.0,1.0,1.0,False,False
413,P7_D_EFFECT_RHO30,0.1,0.3,c5857d1681174d7037855027a32829723e7deeef3fb7dc2381bdd4369c045dbe,True,True,0.00010000000000000286,-0.00030000000000000165,1.0,1.0,1.0,1.0,False,False
414,P7_A_NULL_RHO0,0.0,0.0,e22889d4ac5425f864255926a5a9a38fb49debba9a26ae985a5bda9a01024963,True,True,9.999999999999983e-05,-9.99999999999994e-05,0.0,0.0,1.0,1.0,True,True
414,P7_B_NULL_RHO30,0.0,0.3,c3dca68624fed4e35267767612cbe13083344f3efca0ff13fe218e4898eefd89,True,True,9.999999999999983e-05,-9.99999999999994e-05,0.0,0.0,1.0,1.0,True,True
414,P7_C_EFFECT_RHO0,0.1,0.0,ed89bb0fd503176706f09d4c5f9ba205d5cfd1003bdc4d1e798b7fa29a246d97,True,True,0.00019999999999999185,-0.00020000000000000226,1.0,1.0,1.0,1.0,True,True
414,P7_D_EFFECT_RHO30,0.1,0.3,4300aaa69bac41d45a6d0aa1451d9ff4a9db72d0525604033963e00e99ac7266,True,True,0.00020000000000000573,-0.00020000000000000226,1.0,1.0,1.0,1.0,True,True
415,P7_A_NULL_RHO0,0.0,0.0,6c54cc9639a495969bf780dbf2d223aa90f13647541509fa353cc46386cc66b4,True,True,0.0,-0.0001999999999999988,0.0,0.0,1.0,1.0,True,False
415,P7_B_NULL_RHO30,0.0,0.3,7b60873ed5e28a4258004b5060101b96f16039aca6f3bb87ce2148eb6624d9a8,True,True,-0.00010000000000000286,-0.0001999999999999988,0.0,0.0,1.0,1.0,True,True
415,P7_C_EFFECT_RHO0,0.1,0.0,24319f3c35dc68b434358c58b61209b951848a97696063a056e63fcb79e6b31f,True,True,-9.999999999998899e-05,-0.00030000000000000165,1.0,1.0,1.0,1.0,True,True
415,P7_D_EFFECT_RHO30,0.1,0.3,50e016f53eb79f88729515a91eecf97b99e362d6df48fd3b4faf350d3099e220,True,True,-9.999999999998899e-05,-0.0002999999999999982,1.0,1.0,1.0,1.0,True,True
416,P7_A_NULL_RHO0,0.0,0.0,a3e68cb0ebcfa2c44a7fdb8f76af24365fe65e9d30dbb4f8dd8bbd7832d82c53,True,True,9.99999999999994e-05,0.0,0.0,0.0,1.0,1.0,True,True
416,P7_B_NULL_RHO30,0.0,0.3,9f65f573e11cae8da50b3a0a3555c00cc5094bbb0d3867c617a29a587a536d59,True,True,9.99999999999994e-05,0.0,0.0,0.0,1.0,1.0,True,True
416,P7_C_EFFECT_RHO0,0.1,0.0,fad942654999c8046b9d42d7665e87c5f0f0f85264ea132b35621033792555eb,True,True,0.00010000000000000286,-9.99999999999994e-05,1.0,1.0,1.0,1.0,True,True
416,P7_D_EFFECT_RHO30,0.1,0.3,ca43723952974968771ed71f29565e4e515fadd8a0bcd56eb8b4e20d9b77ea9e,True,True,0.0,0.0,1.0,1.0,1.0,1.0,True,True
417,P7_A_NULL_RHO0,0.0,0.0,51c89259fc78a1d2cf0fefde5c5168f28c30f7cc61aa665d163e29aafa55ff98,True,True,0.00040000000000000105,-0.0006999999999999992,0.0,0.0,1.0,1.0,False,True
417,P7_B_NULL_RHO30,0.0,0.3,d215be418de889599d5e1b6422ea67c2a736b4239d986ce4b0864ea4417db37e,True,True,0.0005000000000000004,-0.0005000000000000004,0.0,0.0,1.0,1.0,False,True
417,P7_C_EFFECT_RHO0,0.1,0.0,8a39adc2eb69d69e9d53b48070280ee044b9de91c6f516dabb9fb97a03027557,True,True,0.00020000000000000573,-0.0007000000000000027,1.0,1.0,1.0,1.0,False,False
417,P7_D_EFFECT_RHO30,0.1,0.3,5df0e995c1d136c956ccd54ccf5acfe4fa6d9a4a3ef81a73080f07335c929d67,True,True,0.00020000000000000573,-0.0005000000000000004,1.0,1.0,1.0,1.0,False,False
418,P7_A_NULL_RHO0,0.0,0.0,496f43c2acf8394c39fcb4f4d7ca5a0fc36d9859519dbb3372e7deb973f6291a,True,True,0.0,0.0,1.0,1.0,0.0,0.0,True,True
418,P7_B_NULL_RHO30,0.0,0.3,1c746c355eb758f3eff6314c550c3e602f785a8978a40d038e79a9e3700710da,True,True,0.0004000000000000045,-0.0017999999999999995,1.0,1.0,0.0,0.0,True,True
418,P7_C_EFFECT_RHO0,0.1,0.0,30e142717d64392e9be9fb478416277d719257dacc6f665143ef73c492649ad4,True,True,0.0003999999999999976,-0.0022000000000000006,1.0,1.0,0.0,0.0,True,True
418,P7_D_EFFECT_RHO30,0.1,0.3,ae7e9cef3349a46a045ce47d6a7e1fcad7cc4b4f374e92e5b708bdb9d63d14d3,True,True,0.0004000000000000045,-0.0022000000000000006,1.0,1.0,0.0,0.0,True,True
419,P7_A_NULL_RHO0,0.0,0.0,0c7f02c1ba34e9c8b279ab79b6591b44231ae5e698557308404e0ff7ae78725c,True,True,0.00020000000000000226,-0.0007999999999999986,0.0,0.0,1.0,1.0,True,True
419,P7_B_NULL_RHO30,0.0,0.3,249921c93eb56015785837e80c50a943b5645fc78232ffd19653f4037816bbc5,True,True,0.00030000000000000165,-0.0009000000000000015,0.0,0.0,1.0,1.0,True,True
419,P7_C_EFFECT_RHO0,0.1,0.0,8043b374b3e22bd8a0a657cc3324baf6daeeab3f6b6783292d7efe64690e855d,True,True,0.0,0.0,1.0,1.0,1.0,1.0,True,True
419,P7_D_EFFECT_RHO30,0.1,0.3,a0c8faaaabbb599faeb9d2278ac8e35bf4935fd29f8d32f9ba35f24a663b301e,True,True,0.0,0.0,1.0,1.0,1.0,1.0,True,False
420,P7_A_NULL_RHO0,0.0,0.0,d5d0fd0b3577d3a1ece8c9245e7aac9078bf3296d5dd7f30b38d50cc4fe22b6b,True,True,0.0004999999999999996,-0.0016000000000000007,0.0,0.0,1.0,1.0,True,True
420,P7_B_NULL_RHO30,0.0,0.3,a81e0e7707cdf07414e258a929d4b229714e15539fdecb12788511dd7a684eeb,True,True,0.0005,-0.0015000000000000013,0.0,0.0,1.0,1.0,False,False
420,P7_C_EFFECT_RHO0,0.1,0.0,b8938cbb3d7785287557a034d2b5788b8add1c97fc3a36a325e030dd7160267c,True,True,0.0005000000000000004,-0.0019000000000000024,1.0,1.0,1.0,1.0,False,False
420,P7_D_EFFECT_RHO30,0.1,0.3,36efd7a417d11649079f9c027df9cb8622123dd67c13245d518ede7ac138a166,True,True,0.0005000000000000004,-0.0019000000000000024,1.0,1.0,1.0,1.0,False,False
421,P7_A_NULL_RHO0,0.0,0.0,11b40f7fefa697a29f8b55c6cbe095c7f2acd3d5a986bded73d158128761b42c,True,True,0.0,0.0,0.0,0.0,1.0,1.0,True,True
421,P7_B_NULL_RHO30,0.0,0.3,ee7b181dfb320c6a30b640425c58139fdb4da20274dfceb6c841cef588d482dc,True,True,0.0,0.0,0.0,0.0,1.0,1.0,True,True
421,P7_C_EFFECT_RHO0,0.1,0.0,9b25b808b1b15b288f7e26020f7a484f8796af66bd21c80589bcd85c4fd4e185,True,True,0.0,0.0,1.0,1.0,1.0,1.0,True,True
421,P7_D_EFFECT_RHO30,0.1,0.3,e7dcb34d5316dfa99f1360f81beb64085051146248ce5f45890747b31da8501a,True,True,0.0,0.0,1.0,1.0,1.0,1.0,True,True
422,P7_A_NULL_RHO0,0.0,0.0,9ecd1da884984d0ed49d5bf2b759c7245874bd8acb2add75b4a131bb2e5389aa,True,True,0.00010000000000000026,-0.0006999999999999992,0.0,0.0,1.0,1.0,True,True
422,P7_B_NULL_RHO30,0.0,0.3,b920d45de32a20e8ee104361015b25c8276230aed791159d5df66fdce130a425,True,True,0.00010000000000000026,-0.0006999999999999992,0.0,0.0,1.0,1.0,True,True
422,P7_C_EFFECT_RHO0,0.1,0.0,d690ca53e1194b002031502af70f878c70918e9a931ea8da2012ad2241e98f92,True,True,0.00019999999999999185,-0.00040000000000000105,1.0,1.0,1.0,1.0,True,True
422,P7_D_EFFECT_RHO30,0.1,0.3,fcfcad3de693c963fc94fb4f475f48cc3e55e8fc72e494b017e0fb4babcedc41,True,True,0.00010000000000000286,-0.00030000000000000165,1.0,1.0,1.0,1.0,True,True
423,P7_A_NULL_RHO0,0.0,0.0,40b79b60621a9dc2261678d41f1a2ed7a5e1bf9b7b8dec03d43bb33613e82bce,True,True,0.0001999999999999988,-0.0005000000000000004,0.0,0.0,1.0,1.0,False,True
423,P7_B_NULL_RHO30,0.0,0.3,2c19d60558c254a1c8a538ad172015745e06729c626ad2a78681bba7a156142f,True,True,0.0001999999999999988,-0.0005000000000000004,0.0,0.0,1.0,1.0,False,True
423,P7_C_EFFECT_RHO0,0.1,0.0,47b99bb569424a93d96f03f2a94f45f56356a4d6188d28d258039fea01b2160b,True,True,0.0002999999999999947,-0.0005999999999999998,1.0,1.0,1.0,1.0,True,True
423,P7_D_EFFECT_RHO30,0.1,0.3,04157acfa08ee8dcdbe9a6e5b5714a7d1c9c460c872cb9156fd36ce49fbd52d8,True,True,0.0003000000000000086,-0.0005999999999999998,1.0,1.0,1.0,1.0,False,True
424,P7_A_NULL_RHO0,0.0,0.0,5af4795626037294e1992cfcc8b0757961efe5a1c01bab632df4122228cc1907,True,True,-0.00030000000000000003,-0.0005999999999999998,0.0,0.0,1.0,1.0,True,True
424,P7_B_NULL_RHO30,0.0,0.3,c40de939a51f870be62c823d9d0640deee3d2c428b3080ba17e54afdb2294dd4,True,True,-0.0004,-0.0005999999999999998,0.0,0.0,1.0,1.0,True,True
424,P7_C_EFFECT_RHO0,0.1,0.0,c076c58a82e4e09e3f32ddb56b5dd9cc2565efc829332c290d6bc62161c4dd5c,True,True,-0.00020000000000000573,-9.99999999999994e-05,1.0,1.0,1.0,1.0,True,True
424,P7_D_EFFECT_RHO30,0.1,0.3,1a1b44dbf771c5b089e939e24fe5013ff4b4f57a5854fa997a6b493dd531d3a0,True,True,-0.0002999999999999947,-9.99999999999994e-05,1.0,1.0,1.0,1.0,True,True
425,P7_A_NULL_RHO0,0.0,0.0,abca7046f2748ed2114b778b2beea62e64cb45acf00014c6335917c8345c82c8,True,True,0.0,0.0,0.0,0.0,1.0,1.0,True,True
425,P7_B_NULL_RHO30,0.0,0.3,60fb3826c583983889ed13637fde31703d8d917f95f69c7a783abe651f1235cc,True,True,0.0,0.0,0.0,0.0,1.0,1.0,True,True
425,P7_C_EFFECT_RHO0,0.1,0.0,3e9877a5151ad2cdb7be77a22e68f0e73e916bc5f18c384601788fbdff2ba47b,True,True,0.00010000000000000286,-0.0017000000000000001,1.0,1.0,1.0,1.0,True,True
425,P7_D_EFFECT_RHO30,0.1,0.3,5be8d2c48dfab14b477c741effd1b46050239565a4518b94f19f6eac2c6dbde5,True,True,0.00010000000000000286,-0.0017999999999999995,1.0,1.0,1.0,1.0,True,True
426,P7_A_NULL_RHO0,0.0,0.0,3842f6b3d1c65424b5bdf771245731734321217b1c1e40ac7180ab33b63472ce,True,True,9.999999999999593e-05,-0.0013000000000000025,1.0,1.0,0.0,0.0,False,False
426,P7_B_NULL_RHO30,0.0,0.3,77114d052408d76200bb98e93ebb341ab5f69f88209a10683f1065802e23ed0e,True,True,0.0001999999999999988,-0.0011000000000000003,0.0,1.0,1.0,0.0,False,False
426,P7_C_EFFECT_RHO0,0.1,0.0,3384137cb010b4a66b9be432c03cff8b97217f9ebe0dd2035fa136c04b652884,True,True,9.999999999998899e-05,-0.0017000000000000001,1.0,1.0,1.0,0.0,False,False
426,P7_D_EFFECT_RHO30,0.1,0.3,40fc2413baec59614f80ff5ceed7c0d9cf8c64820da1f3392ed2c7509019261c,True,True,-0.00020000000000000573,-0.0001999999999999988,1.0,1.0,0.0,0.0,True,False
427,P7_A_NULL_RHO0,0.0,0.0,bc8629646a91192f758a2265580aefd95ab34d14fae3afdb82f99bea6f0a35d2,True,True,0.0,0.0,1.0,1.0,0.0,0.0,True,True
427,P7_B_NULL_RHO30,0.0,0.3,7ffebea42402eff2b27d60d682d55d4e8c071db5c303ddab39de7328697f19e8,True,True,0.0,0.0,1.0,1.0,0.0,0.0,True,True
427,P7_C_EFFECT_RHO0,0.1,0.0,61d13a54a1cbb6f1ef3970c0b4fe025c9947e247d120401be14e160bde0f95de,True,True,0.0,0.0,1.0,1.0,0.0,0.0,True,True
427,P7_D_EFFECT_RHO30,0.1,0.3,bf4245182c11ac608d7f29250a8f336700ecccd76f70ea1f6733ad463f3c0e46,True,True,0.0,0.0,1.0,1.0,0.0,0.0,True,True
428,P7_A_NULL_RHO0,0.0,0.0,3b2aa4601763f962539de048a4506f476abe493cf0358d4e5f92e3b00b0a5cb1,True,True,0.0,-0.0001999999999999988,0.0,0.0,1.0,1.0,True,True
428,P7_B_NULL_RHO30,0.0,0.3,da6ff3360a1340c79b6d6a2e2fcc7e1681356accfbf5d861feaad5907ad2592d,True,True,0.0,-9.99999999999994e-05,0.0,0.0,1.0,1.0,True,True
428,P7_C_EFFECT_RHO0,0.1,0.0,1c132cc460a943df7290a3927214a98bd4757d015e4973b80c2660c4cd79c1a3,True,True,0.0,-0.00030000000000000165,1.0,1.0,1.0,1.0,True,True
428,P7_D_EFFECT_RHO30,0.1,0.3,bb8d40a1e278a381df649e772be67ca07efb09771423ea5209b27e13d934794a,True,True,-0.00010000000000000286,-0.0002999999999999982,1.0,1.0,1.0,1.0,True,True
429,P7_A_NULL_RHO0,0.0,0.0,a4082292c813c254dbb7f731f838543de2562e3d6f30b786a4bb94d11317425b,True,True,0.00040000000000000105,-0.0024999999999999988,0.0,0.0,1.0,1.0,True,True
429,P7_B_NULL_RHO30,0.0,0.3,6bac81903045349e67b586bd719b728d25ce41eb9555de96784771da4b3df322,True,True,0.0002999999999999999,-0.0023,0.0,0.0,1.0,1.0,False,True
429,P7_C_EFFECT_RHO0,0.1,0.0,dfa29790cb28fe744d7cc812eaa71587ac862fed17766a11a756058c23fb6008,True,True,0.0,0.0,1.0,1.0,1.0,1.0,True,True
429,P7_D_EFFECT_RHO30,0.1,0.3,50556fc312e14dc78211d46bf7a4a1fddeecb51380fbe33e3a08035c508af835,True,True,0.0,0.0,1.0,1.0,1.0,1.0,True,True
430,P7_A_NULL_RHO0,0.0,0.0,1548f183c1ad4e8178bea9a858f3dd27941d4f00481203500d42f35f7a7b794a,True,True,0.00010000000000000005,0.0,0.0,0.0,1.0,1.0,True,True
430,P7_B_NULL_RHO30,0.0,0.3,7875ea81727ada2f9bd8f7783b25c717bfac70b0fb19c10d69733526100fee01,True,True,9.999999999999983e-05,0.0,0.0,0.0,1.0,1.0,True,True
430,P7_C_EFFECT_RHO0,0.1,0.0,19956522ddb2f7f1ac3f687b55c8ca803aeac11972e601cbf1173ff6005f6f0e,True,True,0.0,-9.99999999999994e-05,1.0,1.0,1.0,1.0,True,True
430,P7_D_EFFECT_RHO30,0.1,0.3,c1f6876263217a2d5928a1fd477e1d585da7c4c7081b524f339396b6928cc4e2,True,True,0.00010000000000000286,-9.99999999999994e-05,1.0,1.0,1.0,1.0,True,True
431,P7_A_NULL_RHO0,0.0,0.0,fc2a29029dbdcca54bed3c9514793f696716517b05348a1cf1a61381e3bf4774,True,True,0.00040000000000000105,-0.0005999999999999998,0.0,0.0,1.0,1.0,True,True
431,P7_B_NULL_RHO30,0.0,0.3,0930507b7274e30c77c5bf9ef3c442d22c67e9e2eefa533f0e02ca6a1852324a,True,True,0.0003999999999999993,-0.0005999999999999998,0.0,0.0,1.0,1.0,True,True
431,P7_C_EFFECT_RHO0,0.1,0.0,8f7aebab7dfb9d190912be8e54c656f3d6711ef9e374e260f7a4ddf749f3d291,True,True,0.0005000000000000004,-0.0005000000000000004,1.0,1.0,1.0,1.0,True,True
431,P7_D_EFFECT_RHO30,0.1,0.3,f063db52c994264c9ed48abc6df537878f19796f458063a81a539f2dcdda9456,True,True,0.0003999999999999976,-0.00030000000000000165,1.0,1.0,1.0,1.0,False,True
432,P7_A_NULL_RHO0,0.0,0.0,f8cd10e8f0f4dabff68a9c245bce3e36e16323dce05070d124871668fd40ae18,True,True,0.0,0.0,0.0,0.0,1.0,1.0,True,True
432,P7_B_NULL_RHO30,0.0,0.3,c4a0765c971a1b03c1bdbe1b23e28fab0eb590691f2d45efda988de421f2335d,True,True,0.0,-9.99999999999994e-05,0.0,0.0,1.0,1.0,True,True
432,P7_C_EFFECT_RHO0,0.1,0.0,337cc9341a1c3ad0990a95e00778cd10f962c8d53677eb56a043d2ecbfbcae96,True,True,0.00010000000000000286,-0.00020000000000000226,1.0,1.0,1.0,1.0,True,True
432,P7_D_EFFECT_RHO30,0.1,0.3,fe847e4a7634abd3b0056f0e00525f45f6fe5935b4426227a25aa534983dc835,True,True,0.0,-0.00040000000000000105,1.0,1.0,1.0,1.0,True,True
433,P7_A_NULL_RHO0,0.0,0.0,928c99d93b5b5b3ec431688ed970654fe349ffcc6f778713215867a1f3e32a46,True,True,0.0,0.0,1.0,1.0,0.0,0.0,False,True
433,P7_B_NULL_RHO30,0.0,0.3,b15a7caded87c5860686942bcecbab7554db0e42bca5170e3645733d44e8ef59,True,True,0.0,0.0,1.0,1.0,0.0,0.0,False,True
433,P7_C_EFFECT_RHO0,0.1,0.0,967e1072bb2003b0904aeba52a2f66cd5d7c5f7f4f6259d43e48dc33b6b8c3d9,True,True,0.0,-9.99999999999994e-05,1.0,1.0,0.0,0.0,True,True
433,P7_D_EFFECT_RHO30,0.1,0.3,3e9c8b52d19f705ce68d6e268c44b0b517fb17f5c0058ab7519beb6e84f6cae3,True,True,0.0,-0.0001999999999999988,1.0,1.0,0.0,0.0,True,True
434,P7_A_NULL_RHO0,0.0,0.0,140c520da2f49246f8e1810d7cd851acc41a18e968eb52b76ba84e34bf48dc57,True,True,0.0,0.0,0.0,0.0,1.0,1.0,True,True
434,P7_B_NULL_RHO30,0.0,0.3,f417f9204e2e3bd371d0ab9f7a57184a2f647ae77276228974aa56bacd5ae097,True,True,0.0,0.0,0.0,0.0,1.0,1.0,True,True
434,P7_C_EFFECT_RHO0,0.1,0.0,fb3609bc7477c0ce375b9fb5c8a3d33d41df59e032e91c3298bc7d22061d114e,True,True,0.0,0.0,1.0,1.0,1.0,1.0,True,True
434,P7_D_EFFECT_RHO30,0.1,0.3,94df3b5d1f39c480afd49c827f32c00bdc2199702d86ad12a705848cc59679c6,True,True,0.0,0.0,1.0,1.0,1.0,1.0,True,True
435,P7_A_NULL_RHO0,0.0,0.0,807277f0c72d4eb0e9a5af79080fa72c085991cbe30b90b9e916155bc013378b,True,True,0.0,0.0,0.0,0.0,1.0,1.0,True,True
435,P7_B_NULL_RHO30,0.0,0.3,bdd91f744ee0ae808be10fd0fda11b4a82586649477e7d8a3f686c1384ca8dfc,True,True,0.0,-0.00040000000000000105,0.0,0.0,1.0,1.0,True,True
435,P7_C_EFFECT_RHO0,0.1,0.0,4053b49072c9d3a29fd58ea58ab99c787f9820dafd7289c00f2fd24f862cd4d3,True,True,0.0,-0.0005000000000000004,1.0,1.0,1.0,1.0,True,True
435,P7_D_EFFECT_RHO30,0.1,0.3,bf8d37c375d25097680468830495d5119f2457e2685a13c861f2598d13e49a32,True,True,0.0,0.0,1.0,1.0,1.0,1.0,True,True
436,P7_A_NULL_RHO0,0.0,0.0,b133018670603628077316377d3ed28f30c0977671d051f5e79ea23cc95142c6,True,True,0.00010000000000000286,-0.0016000000000000007,0.0,0.0,1.0,1.0,True,True
436,P7_B_NULL_RHO30,0.0,0.3,5397ea3511073f4300d176ef9fdd9dffdb5f514558ac5b86553e7ed4e673481a,True,True,0.00020000000000000573,-0.0015000000000000013,0.0,0.0,1.0,1.0,True,True
436,P7_C_EFFECT_RHO0,0.1,0.0,5b78870365550459a54d3f46405e861b3c98cbc6c10a28b7f2e859c83d3e29de,True,True,0.00010000000000000286,-0.0016000000000000007,1.0,1.0,1.0,1.0,True,True
436,P7_D_EFFECT_RHO30,0.1,0.3,24489801ba3a742da730081309664aa516a2baa5cd36bd17a2c01590a150f55a,True,True,0.00020000000000000573,-0.0013000000000000025,1.0,1.0,1.0,1.0,True,True
437,P7_A_NULL_RHO0,0.0,0.0,3f394eda45dd9acb7d136c477094de499937e16722d9fb5a4c67f8d695cedbb9,True,True,0.00020000000000000052,-0.0001999999999999988,0.0,0.0,1.0,1.0,True,True
437,P7_B_NULL_RHO30,0.0,0.3,62934dd604d555c19c6a32e42ac98cbd20c274b64211efccc65568cf48209fcf,True,True,0.0002999999999999999,-0.0001999999999999988,0.0,0.0,1.0,1.0,True,True
437,P7_C_EFFECT_RHO0,0.1,0.0,6a1350b0286b50bc20764851584fa096df14e3ab35259492d06c6da1b915b2c9,True,True,0.00020000000000000573,-0.00020000000000000226,1.0,1.0,1.0,1.0,True,True
437,P7_D_EFFECT_RHO30,0.1,0.3,137f9e91b0277ae84f17b5e211696b7816c40788a72330848e66142135886481,True,True,0.00020000000000000573,-0.00020000000000000226,1.0,1.0,1.0,1.0,True,True
438,P7_A_NULL_RHO0,0.0,0.0,499b94a5edb7e4402f8aaceaf4eba442a1f0c5cb36a0f38b32e3dd0d66cd3ea5,True,True,-0.00010000000000000026,-0.0019999999999999983,0.0,0.0,1.0,1.0,True,True
438,P7_B_NULL_RHO30,0.0,0.3,b1596b52d2cecdb8296ded8408e3c32d9c85f73f33a728259a415a48ef0ca345,True,True,0.0,-0.0017999999999999995,0.0,0.0,1.0,1.0,True,True
438,P7_C_EFFECT_RHO0,0.1,0.0,e9afeb962184bcd6ceed961e694d2daa0da1ae39e89eb393e928f4a495269cdc,True,True,-0.00010000000000000286,-0.001299999999999999,1.0,1.0,1.0,1.0,True,True
438,P7_D_EFFECT_RHO30,0.1,0.3,46c633828284654e46cd7ddaf70445102d17288db863838322d4947c8180a0d0,True,True,-0.00010000000000000286,-0.001299999999999999,1.0,1.0,1.0,1.0,True,True
439,P7_A_NULL_RHO0,0.0,0.0,f217a73c0e24e6df7060f9f407bf71fca6fbfb4c04c830fbf292feb08a9bf866,True,True,0.0,0.0,0.0,0.0,1.0,1.0,True,True
439,P7_B_NULL_RHO30,0.0,0.3,b1624900addc88848a2485e095a8629e9fbb367b231bddce64446e2a5023fc5c,True,True,0.0,0.0,0.0,0.0,1.0,1.0,True,True
439,P7_C_EFFECT_RHO0,0.1,0.0,cd969ead6d462f5d408d724f6ab7061fd25fda9509faf17a152e4ea3d77b0c1a,True,True,0.0,0.0,1.0,1.0,1.0,1.0,True,True
439,P7_D_EFFECT_RHO30,0.1,0.3,797223f2eceb0fb982f2485b9908e756e054ee455f735f7ab4c46cf6211b5080,True,True,0.0,0.0,1.0,1.0,1.0,1.0,True,True
440,P7_A_NULL_RHO0,0.0,0.0,32e75b0063d2d8195c15ee8ddd7604660f14e57342340a8521ae4eb73339b67a,True,True,0.0004000000000000045,-0.0015000000000000013,0.0,0.0,1.0,1.0,True,True
440,P7_B_NULL_RHO30,0.0,0.3,350e56bc8341a7fdb1ee65a0d569fdbe341f75eb0cab8f9875609641f3fb8af1,True,True,0.0005000000000000004,-0.001299999999999999,0.0,0.0,1.0,1.0,True,True
440,P7_C_EFFECT_RHO0,0.1,0.0,05c6fbb5605a2c070ab1e7a5b006d9ba84cfff59111116ba2bc9ed7e7154601e,True,True,0.0006000000000000033,-0.0013000000000000025,1.0,1.0,1.0,1.0,True,True
440,P7_D_EFFECT_RHO30,0.1,0.3,ad10763fb5cb9d20b0cbcc0effc73fe2086f499397a243e7cca1c2baddd8f8a3,True,True,0.0006000000000000033,-0.0011999999999999997,1.0,1.0,1.0,1.0,True,True
441,P7_A_NULL_RHO0,0.0,0.0,1bb697700ed23f40535ceb06409acfd92c62b611faf9dd8bce905a193d60358e,True,True,0.00010000000000000113,0.0,0.0,0.0,1.0,1.0,True,True
441,P7_B_NULL_RHO30,0.0,0.3,793c9c260e2e693e2f7afb557433300243c3969847687b12d27f8d1f490cc968,True,True,-0.0002999999999999999,-0.0005000000000000004,0.0,0.0,1.0,1.0,True,True
441,P7_C_EFFECT_RHO0,0.1,0.0,d5fd77ccc17ab75dde1b138f6c3e0943f3ccd3c7daacdee992725bf1747f37f2,True,True,-0.00020000000000000573,-0.0005999999999999998,1.0,1.0,1.0,1.0,True,True
441,P7_D_EFFECT_RHO30,0.1,0.3,0f0b133d91ddf7456c04e8e76843bd801d741d7d48880a854476f88659a50026,True,True,-0.0003000000000000086,-0.0008000000000000021,1.0,1.0,1.0,1.0,True,True
442,P7_A_NULL_RHO0,0.0,0.0,4dd84840a529a07c2a070a4e7f5e19a07898e33205d65086f84ca49c5efbe935,True,True,0.00010000000000000005,-0.0007000000000000027,0.0,0.0,1.0,1.0,False,False
442,P7_B_NULL_RHO30,0.0,0.3,5d343da571c0a5d6c401564ceaef978219867ce542ef3452cc6364e987ab84f6,True,True,0.00019999999999999998,-0.0005000000000000004,0.0,0.0,1.0,1.0,False,False
442,P7_C_EFFECT_RHO0,0.1,0.0,f65e8e0b0d3a372e502b8d394ca2e25a73ad8b7975f18f8fbcc95ae11d7fb5e7,True,True,0.00020000000000000573,-0.0005999999999999998,1.0,1.0,1.0,1.0,True,True
442,P7_D_EFFECT_RHO30,0.1,0.3,2e2598ffc664b4162c06814b11f96c44d56b8d0f39324b42df554b0a7d509f36,True,True,0.00010000000000000286,-0.0005000000000000004,1.0,1.0,1.0,1.0,True,True
443,P7_A_NULL_RHO0,0.0,0.0,34e5f712038e01ef0e9ea13d122e4dfc04a3e4e3c1d2b8333d44a0009def7bcf,True,True,-9.999999999999593e-05,-0.00020000000000000226,0.0,0.0,1.0,1.0,True,False
443,P7_B_NULL_RHO30,0.0,0.3,679051605d3c69f6e05fd6c7ef341acd6cd23285253078a9ed72b5ace89199de,True,True,-9.999999999999593e-05,-0.00030000000000000165,0.0,0.0,1.0,1.0,True,False
443,P7_C_EFFECT_RHO0,0.1,0.0,2f91bada2370132a50ecd10103e160cd22c872d1da4a6eab88fca375b092b4f5,True,True,0.0,-9.99999999999994e-05,1.0,1.0,1.0,1.0,True,False
443,P7_D_EFFECT_RHO30,0.1,0.3,c02ce9e264b64ace590c0391814c932f6c3c5e3be6e3132cdcbddcdc8e5e8e40,True,True,0.0,0.0,1.0,1.0,1.0,1.0,True,False
444,P7_A_NULL_RHO0,0.0,0.0,de0d9976d50ceddbaf1b42185e6cb2a8d94dae27755e9a37e3250fca96dfcf54,True,True,9.99999999999994e-05,-0.0006999999999999992,0.0,0.0,1.0,1.0,False,True
444,P7_B_NULL_RHO30,0.0,0.3,f73930a29686f93865452dc3aa8ffe028095e9011155267d870acaac6266da8e,True,True,0.00020000000000000052,-0.0005999999999999998,0.0,0.0,1.0,1.0,False,False
444,P7_C_EFFECT_RHO0,0.1,0.0,a1360296e8ead239d8b51ae13642326407b71c98590c0a5a15286a439a56dd6f,True,True,0.00020000000000000573,-0.0008000000000000021,1.0,1.0,1.0,1.0,False,False
444,P7_D_EFFECT_RHO30,0.1,0.3,22f31ee127c7a3094342924088e76a22146162ec1f7f2c88d44da5ff5baf1203,True,True,0.00020000000000000573,-0.0007999999999999986,1.0,1.0,1.0,1.0,False,False
445,P7_A_NULL_RHO0,0.0,0.0,e1e34cf21719203966e82d5ef86b16147959ae335f3c44e111c4b2e1a313e7e0,True,True,9.999999999999983e-05,0.0,0.0,0.0,1.0,1.0,True,True
445,P7_B_NULL_RHO30,0.0,0.3,803bed4f5b9d431c60bd7be7a5f69b1188494cc39e8bf2762d7c0aa4c8131bc3,True,True,9.999999999999983e-05,0.0,0.0,0.0,1.0,1.0,True,True
445,P7_C_EFFECT_RHO0,0.1,0.0,fb244448a8a837882557209189102798da870b74dc9f1b6cd5417746ba617dad,True,True,0.0,-0.00020000000000000226,1.0,1.0,1.0,1.0,True,True
445,P7_D_EFFECT_RHO30,0.1,0.3,52353d7463a1420e3700bb1c77f77ff16f3781edfa49fe40551545bb3e6ce6d2,True,True,0.00010000000000000286,-9.99999999999994e-05,1.0,1.0,1.0,1.0,True,True
446,P7_A_NULL_RHO0,0.0,0.0,4aad2669db33b7fcf84e1ec6974a7b6c4a3606cbf659ea556e3c4adc71511dcf,True,True,0.0003999999999999976,-0.0007999999999999986,0.0,0.0,1.0,1.0,True,True
446,P7_B_NULL_RHO30,0.0,0.3,01c3288f2ca5db36140578d71544c7610c33f2be9504cd566110f0700b64897f,True,True,0.00040000000000000105,-0.0005999999999999998,0.0,0.0,1.0,1.0,True,True
446,P7_C_EFFECT_RHO0,0.1,0.0,7ffa678a7fde38d988279109be01acab6a38ffc4d758e7d1539ba770af3ff493,True,True,0.0005999999999999894,-0.0005999999999999998,1.0,1.0,1.0,1.0,True,True
446,P7_D_EFFECT_RHO30,0.1,0.3,ff072fdf4b1bc8df62c249061a2227da2423135cbd58e69ad3930434c0deb9a6,True,True,0.0005000000000000004,-0.0005999999999999998,1.0,1.0,1.0,1.0,True,True
447,P7_A_NULL_RHO0,0.0,0.0,fef5b4f53adf3c74aedfc062ff180357d96d929e9690ef2ffab05b7bb98868a5,True,True,0.0,0.0,0.0,0.0,1.0,1.0,True,True
447,P7_B_NULL_RHO30,0.0,0.3,db23eb5b4c13fc48219ea26ac78403000c4ca51c97800e51a49aaeb659fff80b,True,True,0.0,0.0,0.0,0.0,1.0,1.0,True,True
447,P7_C_EFFECT_RHO0,0.1,0.0,60024bbcd40870613bc7282a1ad56145027305182dea491d5b444eed43db69e0,True,True,9.999999999998899e-05,-0.00020000000000000226,1.0,1.0,1.0,1.0,True,True
447,P7_D_EFFECT_RHO30,0.1,0.3,10938a3916e5240b1e3df216114509cc89c0d503d7ad26fec5e1cb919767740b,True,True,9.999999999998899e-05,-9.99999999999994e-05,1.0,1.0,1.0,1.0,True,True
448,P7_A_NULL_RHO0,0.0,0.0,1e0417fbf1daa0b8eb72f02653d2791601e94683e426f5176bea32c43c73b5ec,True,True,0.0002999999999999999,-9.99999999999994e-05,0.0,0.0,1.0,1.0,True,True
448,P7_B_NULL_RHO30,0.0,0.3,70058a6435e9a6244d21fa88c52a96d0c7b0d897168c8f63d041f79585d568b7,True,True,0.0002999999999999999,0.0,0.0,0.0,1.0,1.0,True,True
448,P7_C_EFFECT_RHO0,0.1,0.0,b1e5de3070dd3cc8811ce06df93accae208b0bba66d4769b50b6dcf5dd95d015,True,True,0.00010000000000000286,0.0,1.0,1.0,1.0,1.0,True,True
448,P7_D_EFFECT_RHO30,0.1,0.3,1f3a3472805beebb06ff9d0d2120103a6d9721c7ee8d65df3681c52de45c3216,True,True,0.00010000000000000286,0.0,1.0,1.0,1.0,1.0,True,True
449,P7_A_NULL_RHO0,0.0,0.0,9879fa487c97a6be42a53c3f58fc263051fe11cecc07f2bd501fb691791ddd44,True,True,0.0,-0.0005000000000000004,0.0,0.0,1.0,1.0,True,True
449,P7_B_NULL_RHO30,0.0,0.3,18cc7b05bd64cbce124aa2539c158a96e46de02a960f2f509fba3c1d980c5578,True,True,0.0,-0.0002999999999999982,0.0,0.0,1.0,1.0,False,True
449,P7_C_EFFECT_RHO0,0.1,0.0,3bc6c712cff97c327cd65463fffe73ba3622824fe653d8ef99b1b01a28c3ee46,True,True,0.0,-9.99999999999994e-05,1.0,1.0,1.0,1.0,True,True
449,P7_D_EFFECT_RHO30,0.1,0.3,f632782279eda3376a4e18502f7d63312aa29c15fcda36d419fb30a5b8ba67c6,True,True,0.0,0.0,1.0,1.0,1.0,1.0,True,True
450,P7_A_NULL_RHO0,0.0,0.0,2c3307db3dd816c368ec5580d7ec7c1de450eaa79b3edde6efab11b66888d3ec,True,True,-0.00010000000000000026,0.0,0.0,0.0,1.0,1.0,True,True
450,P7_B_NULL_RHO30,0.0,0.3,71bed084e083e62b13a71992058df0b93968f8a20d3d703c627b4f01634bd547,True,True,-0.00010000000000000026,0.0,0.0,0.0,1.0,1.0,True,True
450,P7_C_EFFECT_RHO0,0.1,0.0,744d2e4331e35db2d47423cf826122f3cbd1387b6e976631d76d888bfe055625,True,True,0.0,0.0,1.0,1.0,1.0,1.0,True,True
450,P7_D_EFFECT_RHO30,0.1,0.3,176d4886545f5d16250ba340cde01712460cf5529dd02286e55dfc427f1637bd,True,True,0.0,0.0,1.0,1.0,1.0,1.0,True,True
451,P7_A_NULL_RHO0,0.0,0.0,2755c7021a57ce89f4f671d43e753d83fef54678787d3f72df90bc1a1575a109,True,True,0.0001999999999999988,-0.0001999999999999988,0.0,0.0,1.0,1.0,True,True
451,P7_B_NULL_RHO30,0.0,0.3,8e93cf2602c91a0dcb6e074aeb947af381ac2e1556d1c8bac6344b3ff5e0b7fa,True,True,0.0001999999999999988,-0.0001999999999999988,0.0,0.0,1.0,1.0,True,True
451,P7_C_EFFECT_RHO0,0.1,0.0,ec2e00d19b130d0918fab5bcde60b872465a8e6b7e15ad3743baad74b9b0e320,True,True,0.00019999999999999185,-0.00020000000000000226,1.0,1.0,1.0,1.0,True,True
451,P7_D_EFFECT_RHO30,0.1,0.3,63de36a867e54bbce6c2514dfdef40d263f8d9394ad2045cabac760b8b817151,True,True,0.00020000000000000573,-0.00020000000000000226,1.0,1.0,1.0,1.0,True,True
452,P7_A_NULL_RHO0,0.0,0.0,6607bc4fb81c61aad2a25593229d8100da59832d2e5fc7e186e460a95bcf0525,True,True,-9.999999999999593e-05,-0.00040000000000000105,0.0,0.0,1.0,1.0,True,True
452,P7_B_NULL_RHO30,0.0,0.3,82a3d11d79ac9bb7143a9a16fff4fd3da5632f80dc646f53602fdb3dafd8e0cd,True,True,0.0,0.0,0.0,0.0,1.0,1.0,True,True
452,P7_C_EFFECT_RHO0,0.1,0.0,f97a277df6dda56b284287080c62fdd17738ac6db14bd899f17a055307db3d4e,True,True,0.0,0.0,1.0,1.0,1.0,1.0,True,True
452,P7_D_EFFECT_RHO30,0.1,0.3,f4512691d2c095e75cc939d40dee1531faab754c5a0c7b335e6b3967813c3a1f,True,True,0.0,-0.00010000000000000286,1.0,1.0,1.0,1.0,True,True
453,P7_A_NULL_RHO0,0.0,0.0,2fa8d7834678639a94632b06ab162c5ecd82625515241b01eef34306f3a0089b,True,True,0.00020000000000000052,-0.0001999999999999988,0.0,0.0,1.0,1.0,True,True
453,P7_B_NULL_RHO30,0.0,0.3,e532321bf276dfad1a291cfc2a5518cadebadb8bfbcbcae20a709e75e3f48298,True,True,9.99999999999994e-05,-0.0001999999999999988,0.0,0.0,1.0,1.0,True,True
453,P7_C_EFFECT_RHO0,0.1,0.0,6f2d4a5e52e952b7c86402afd1c7f1079e1ef0a2f02ed9b14e68ba5e90056586,True,True,0.00020000000000000573,-0.00020000000000000226,1.0,1.0,1.0,1.0,True,True
453,P7_D_EFFECT_RHO30,0.1,0.3,90d0be04edc88f13c723d6d6116f7772982a2e68ea2a30d1e3ba9599cc6fb2aa,True,True,0.00019999999999999185,-0.00020000000000000226,1.0,1.0,1.0,1.0,True,True
454,P7_A_NULL_RHO0,0.0,0.0,a9ad629cc43734bcab4bde4de332ddd4ed62467881c41a51e06ad0248dfa4baf,True,True,0.00020000000000000052,-0.0007999999999999986,0.0,0.0,1.0,1.0,False,False
454,P7_B_NULL_RHO30,0.0,0.3,aecd0c27d9385bd893756f0e6dcfcb2ecd0229813718b04da3e01391515b8337,True,True,9.99999999999994e-05,-0.0006999999999999992,0.0,0.0,1.0,1.0,False,False
454,P7_C_EFFECT_RHO0,0.1,0.0,7066d28296472502a5615763b594860c112bcac0934699c0183cffcce853c6c3,True,True,0.0002999999999999947,-0.00030000000000000165,1.0,1.0,1.0,1.0,True,True
454,P7_D_EFFECT_RHO30,0.1,0.3,2461ee2455d6a7c9fb15056fd9e95ef6ac3e5064876a22f0e53f45340665091f,True,True,9.999999999998899e-05,-0.00020000000000000226,1.0,1.0,1.0,1.0,True,True
455,P7_A_NULL_RHO0,0.0,0.0,4a622f759102fc786985e251c777a6f7bf36f679e2fe4bee72c68f2262b126ea,True,True,0.0,0.0,0.0,0.0,1.0,1.0,True,True
455,P7_B_NULL_RHO30,0.0,0.3,2f6e151d2e4698fcad09748132cecbb51c7f959197aff8b84294f93b934d36fa,True,True,0.0,0.0,0.0,0.0,1.0,1.0,True,True
455,P7_C_EFFECT_RHO0,0.1,0.0,e689640ab29fec047ace9b122f6729760e696097fe9bd2143f86fe438ef08dc6,True,True,-0.00019999999999999185,0.0,1.0,1.0,1.0,1.0,True,True
455,P7_D_EFFECT_RHO30,0.1,0.3,78111c5638956d478253706e49ebd32f63c0a6292943fb71d651b9ae6a82f210,True,True,-0.00019999999999999185,-9.99999999999994e-05,1.0,1.0,1.0,1.0,True,True
456,P7_A_NULL_RHO0,0.0,0.0,c6377482393e52b6eebda5e6dde972ca5ead84e6c2163174575d8c6133ade788,True,True,-0.00010000000000000026,-0.0011000000000000003,0.0,0.0,1.0,1.0,True,True
456,P7_B_NULL_RHO30,0.0,0.3,a466e44f15a8706dd2624621945dd2f8a6967e70d6b2830b0c220e6009b31731,True,True,-0.00010000000000000026,-0.0010000000000000009,0.0,0.0,1.0,1.0,True,True
456,P7_C_EFFECT_RHO0,0.1,0.0,b81a8e4efdce03ce61a9876dc05bb031e15a0c310a36d4cdf02d10a6a288f2e7,True,True,0.0,0.0,1.0,1.0,1.0,1.0,True,True
456,P7_D_EFFECT_RHO30,0.1,0.3,fc224b926387f614338eb843e155fd9da7a5cf4fbe59d95e5da122d39fc37f68,True,True,0.0,0.0,1.0,1.0,1.0,1.0,True,True
457,P7_A_NULL_RHO0,0.0,0.0,476abdfad351056122f18469f81c0e69d751db423d386604afaa5f163bce11f4,True,True,0.0,0.0,0.0,0.0,1.0,1.0,True,True
457,P7_B_NULL_RHO30,0.0,0.3,e7ea19b011ec46e88e3c8f10d8721d91f84e690654c41852288fc6724a492faa,True,True,0.0001999999999999988,-0.0017999999999999995,0.0,0.0,1.0,1.0,True,True
457,P7_C_EFFECT_RHO0,0.1,0.0,6fa241f6b8fe8d29f8cb8d12cca5c36571733f2693f672a1fcb3487dac315f58,True,True,0.00020000000000000573,-0.0011999999999999997,1.0,1.0,1.0,1.0,True,True
457,P7_D_EFFECT_RHO30,0.1,0.3,f374d0f1cfb2068ee7f7b65a4e2735525574088f733f6f1e415cb050c2bcbfba,True,True,0.00020000000000000573,-0.001299999999999999,1.0,1.0,1.0,1.0,True,True
458,P7_A_NULL_RHO0,0.0,0.0,a10526b8af1cd53330771d44711643d033fc5694e2b8582a80b8a16058d21ccd,True,True,0.0,0.0,0.0,0.0,1.0,1.0,True,True
458,P7_B_NULL_RHO30,0.0,0.3,af9683009d87f4eb1f56430bf765e9e2cbd8794fe21814a11df699dd1f27805d,True,True,0.0,0.0,0.0,0.0,1.0,1.0,True,True
458,P7_C_EFFECT_RHO0,0.1,0.0,70c0bf5ba3ed3746f2252d21245edaaa6db924aae259f5a15e385db01e29ed5c,True,True,0.0,0.0,1.0,1.0,1.0,1.0,True,True
458,P7_D_EFFECT_RHO30,0.1,0.3,344941148170850389946257db529e53cce358f819f1d4d638bab30d98726727,True,True,0.0,0.0,1.0,1.0,1.0,1.0,True,True
459,P7_A_NULL_RHO0,0.0,0.0,27a836655d78e4ed12f7ddc9a05ebde34c5df7775cd7f5aee59adad95f687053,True,True,0.0002999999999999999,-0.0007999999999999986,0.0,0.0,1.0,1.0,True,True
459,P7_B_NULL_RHO30,0.0,0.3,25dee2d376aef80c97839973d9edf7ffda6a5605f3631940f66002f62f80cc1c,True,True,0.0002999999999999999,-0.0007999999999999986,0.0,0.0,1.0,1.0,True,True
459,P7_C_EFFECT_RHO0,0.1,0.0,031a4d902b7ccb617765437473410400d1f974b096f4b9a89d9ac8d33de652c1,True,True,0.0002999999999999947,-0.0006999999999999992,1.0,1.0,1.0,1.0,True,True
459,P7_D_EFFECT_RHO30,0.1,0.3,5489570541c2e3bf5b7c8636a704e83b5516ac9c7dc23874f4d4f47d60685ad6,True,True,0.0002999999999999947,-0.0007999999999999986,1.0,1.0,1.0,1.0,True,True
460,P7_A_NULL_RHO0,0.0,0.0,4521246cca2731fd15e5326eefa8aa609cf96529fdd3b20ca58b6a34d09724b1,True,True,0.0,0.0,0.0,0.0,1.0,1.0,True,True
460,P7_B_NULL_RHO30,0.0,0.3,b2a1c1420fb9c8c15f5222359db21ff0de9b17c8c54fd2852e22ecc1369cbf3c,True,True,0.0,-0.0005000000000000004,0.0,0.0,1.0,1.0,True,True
460,P7_C_EFFECT_RHO0,0.1,0.0,1dd1cfc2d36a159bfb7c43dde5c90e92c2dd393e7a64fbe2783072768a29c8a8,True,True,0.0,-0.0008000000000000021,1.0,1.0,1.0,1.0,True,True
460,P7_D_EFFECT_RHO30,0.1,0.3,1ae0de6e34f38e1aa945e98f60cd9b54ff682d751f2740fe8279ce0832d43fd6,True,True,0.0,-0.0006999999999999992,1.0,1.0,1.0,1.0,True,True
461,P7_A_NULL_RHO0,0.0,0.0,e2c8886a0ce99f8a8defb4be60250ee725cb0dbe689902b3890e0dbf8a04aecb,True,True,0.00040000000000000105,-0.003300000000000001,0.0,0.0,1.0,1.0,True,True
461,P7_B_NULL_RHO30,0.0,0.3,0d4b9ee21988de016558587738cb62f7f7bf9e4d6e193c7ecacd7790f763bb47,True,True,0.0003999999999999993,-0.0032000000000000015,0.0,0.0,1.0,1.0,False,True
461,P7_C_EFFECT_RHO0,0.1,0.0,fc969d13f3b727bab894cfe3b0559479ec05d22d0e3fc18ecaf50b0ddb2a9da2,True,True,0.00020000000000000573,-0.0034000000000000002,1.0,1.0,1.0,1.0,True,True
461,P7_D_EFFECT_RHO30,0.1,0.3,f1d270cbce18d766c3fd7456a3afc412587a1716eabe762250da12582bf07667,True,True,0.0002999999999999947,-0.0034000000000000002,1.0,1.0,1.0,1.0,True,True
462,P7_A_NULL_RHO0,0.0,0.0,bb58c633c63afc9c8996e0f17dfdb7d0c2a455a1e8dace5246842fe40c53db4f,True,True,-0.0001999999999999988,-0.0002999999999999982,0.0,0.0,1.0,1.0,True,False
462,P7_B_NULL_RHO30,0.0,0.3,2047fb80c5d7edf087d92de0da8ea56bf5eb36deebaf74889dbf966d53b0debd,True,True,-9.99999999999994e-05,-0.00030000000000000165,0.0,0.0,1.0,1.0,True,False
462,P7_C_EFFECT_RHO0,0.1,0.0,8ebd673964141e2aadb6edd5109ac7ae63f31fbbeed085c164b2db988c07ba51,True,True,-0.00010000000000000286,-0.00030000000000000165,1.0,1.0,1.0,1.0,True,False
462,P7_D_EFFECT_RHO30,0.1,0.3,ca2847b843497a9530e866b06c5532fc01ea80df84487f588bfe3f55cd3dbe48,True,True,-0.00010000000000000286,-0.00040000000000000105,1.0,1.0,1.0,1.0,True,False
463,P7_A_NULL_RHO0,0.0,0.0,7a56c770993f76a19e8cf069d36eee839538b2a2440a6c09d1593c38dc095dfd,True,True,0.0,0.0,0.0,0.0,1.0,1.0,True,True
463,P7_B_NULL_RHO30,0.0,0.3,2c646d110407cfc3c82d720c2e7dcc91282a68650e83cb80df5f40b06c0d77d5,True,True,0.0003999999999999993,-0.0006999999999999992,0.0,0.0,1.0,1.0,True,True
463,P7_C_EFFECT_RHO0,0.1,0.0,60fafc9937007cddd3820e292e5aab44c42c76e0c39b08d006c9d4e1e820a413,True,True,0.0003999999999999976,-0.0006999999999999992,1.0,1.0,1.0,1.0,True,True
463,P7_D_EFFECT_RHO30,0.1,0.3,1775ade47ad12382ef349fd669e77c672dcd3a11f7cce3d069d5d45b4aa5e0cf,True,True,0.00040000000000001146,-0.0005999999999999998,1.0,1.0,1.0,1.0,True,True
464,P7_A_NULL_RHO0,0.0,0.0,cf75cb497b6574c66cd59cb60e9868cc0cd2236974132866a3a89b1f11b3e067,True,True,0.00010000000000000286,-0.0005999999999999998,1.0,1.0,0.0,0.0,True,True
464,P7_B_NULL_RHO30,0.0,0.3,7be04ea33bf1589659752a33402038da6c970f37e76f45da3864f899f77a4e72,True,True,0.0001999999999999988,-0.0005999999999999998,1.0,1.0,0.0,0.0,True,True
464,P7_C_EFFECT_RHO0,0.1,0.0,96f7d6781dd7e74dedb1ecbd5a9630ff3eab021c0e3f4bd8b336b05711bfa4c6,True,True,0.0001999999999999988,-0.0011000000000000003,1.0,1.0,1.0,0.0,True,True
464,P7_D_EFFECT_RHO30,0.1,0.3,aa7853da729d61dfaca0571efc1221b9a66b2f97e9c00074c4a02c76d9529037,True,True,0.00010000000000000286,-0.0010000000000000009,1.0,1.0,1.0,0.0,True,True
465,P7_A_NULL_RHO0,0.0,0.0,480eb775f2a02f6f52a4a15d63245ebf45eef8b8be68f45180288ed79394739f,True,True,0.00020000000000000052,-0.0009999999999999974,0.0,0.0,1.0,1.0,True,True
465,P7_B_NULL_RHO30,0.0,0.3,4096fab57733f3ddb67b667e043018759c1ab9f07a6aad8cc99524423269bea6,True,True,0.0002999999999999999,-0.000899999999999998,0.0,0.0,1.0,1.0,True,True
465,P7_C_EFFECT_RHO0,0.1,0.0,3de640fc9745f336e021ec10110adcf4e2a1b67ab11bb72e424f0082f0bac329,True,True,0.00020000000000000573,-0.0008000000000000021,1.0,1.0,1.0,1.0,True,True
465,P7_D_EFFECT_RHO30,0.1,0.3,706153bdb3fd92bd270713db748b7f79ac816c18d5a73c9ac8c54f10a13a97bc,True,True,0.00019999999999999185,-0.0007000000000000027,1.0,1.0,1.0,1.0,True,True
466,P7_A_NULL_RHO0,0.0,0.0,c3e85772d4f149fbdaf2b4efe7eaf712f5ea0be5f92d76e5a2a77881c8448346,True,True,0.0,0.0,1.0,1.0,0.0,0.0,True,True
466,P7_B_NULL_RHO30,0.0,0.3,13feb05489af340f090f2a3ff35f353e3dafa9f71ffeeffda7889cd10a94513a,True,True,0.0,0.0,1.0,1.0,0.0,0.0,True,True
466,P7_C_EFFECT_RHO0,0.1,0.0,0ffcdf8e4f2bc5c3d4e57bad2c52527a8b1371ac91f06a9877626961f77749b3,True,True,0.0,0.0,1.0,1.0,0.0,0.0,True,True
466,P7_D_EFFECT_RHO30,0.1,0.3,a5717c2387c473061d71b7387b9cfbee9f245e807865f479fb1fdab72dcdfb2e,True,True,0.0,0.0,1.0,1.0,0.0,0.0,True,True
467,P7_A_NULL_RHO0,0.0,0.0,05ff83c9c692c405a092d31ea49e39bc80eb78a81a2d1fd70b5258cdfe9f1e0c,True,True,0.0,0.0,1.0,1.0,0.0,0.0,True,True
467,P7_B_NULL_RHO30,0.0,0.3,4cdc0505ba03b040e9ca682de26d1ed8603069d7e4809ec1b8961afb6b90d92d,True,True,0.0,0.0,1.0,1.0,0.0,0.0,True,True
467,P7_C_EFFECT_RHO0,0.1,0.0,bac3b5b7fdf373ede68fc4b8cfdc1ce843fe788a91619bdd4a21e4c1da218b45,True,True,0.0,0.0,1.0,1.0,1.0,1.0,True,True
467,P7_D_EFFECT_RHO30,0.1,0.3,8266934c441cf8582b11b0cf7976c616b81e5bdc3656575ab677bd4a73842263,True,True,0.0,0.0,1.0,1.0,1.0,1.0,True,True
468,P7_A_NULL_RHO0,0.0,0.0,1ae970ba77273a9662e72a8ee26ad89ff1d42ea45e1e16203b19367577ce877d,True,True,0.0,0.0,0.0,0.0,1.0,1.0,True,True
468,P7_B_NULL_RHO30,0.0,0.3,53bbd98bbac2e46f65c686d5fc274523b91d2685db65e141b4ac3b6026a207df,True,True,0.0,0.0,0.0,0.0,1.0,1.0,True,True
468,P7_C_EFFECT_RHO0,0.1,0.0,e910aec5e1a6aaeb94387d186b06d0f9ad5a517ef54a156855a450d118aa43b8,True,True,0.0,0.0,1.0,1.0,1.0,1.0,True,True
468,P7_D_EFFECT_RHO30,0.1,0.3,05fd7741de556e319fa27be5b307bbcc63a623c1e8cb01a875d05bea4b6594df,True,True,0.00010000000000000286,0.0,1.0,1.0,1.0,1.0,True,True
469,P7_A_NULL_RHO0,0.0,0.0,ed42d5b5f7a9c6c4b154a3e668ee9260e7d91c6cc5447f490b7774609d3648a4,True,True,0.0,0.0,0.0,0.0,1.0,1.0,True,True
469,P7_B_NULL_RHO30,0.0,0.3,f12fe1794abfb52a0efed45af72ac071e0a250dd7a3119416b44d116f372bf3e,True,True,0.0,0.0,0.0,0.0,1.0,1.0,True,True
469,P7_C_EFFECT_RHO0,0.1,0.0,66ef4d50d9f52b598cd98f06b84df95e0ac4cecb7a9507acf105fb29eb5eaf36,True,True,0.0,0.0,1.0,1.0,1.0,1.0,True,True
469,P7_D_EFFECT_RHO30,0.1,0.3,32db7f5e678c762f28a829bf5bb91900ddc1fcdce69a931b6ba4c68a626bb61d,True,True,0.0,0.0,1.0,1.0,1.0,1.0,True,True
470,P7_A_NULL_RHO0,0.0,0.0,1d32d8203442f79999db778e7d665bb9179c5f27ffb1d3a17d6ca17c9e0a6dfe,True,True,-0.00010000000000000286,-9.99999999999994e-05,0.0,0.0,1.0,1.0,True,False
470,P7_B_NULL_RHO30,0.0,0.3,a4af949d1a29f315335333ebab8b3f5fb3006c9362ee639a5e819295140a3f87,True,True,-0.0001999999999999988,-0.0001999999999999988,0.0,0.0,1.0,1.0,True,False
470,P7_C_EFFECT_RHO0,0.1,0.0,258b570c15679a2745bd90a6d6f37448c45efc7bbf5255a030028d43f5b0536d,True,True,-9.999999999998899e-05,-9.99999999999994e-05,1.0,1.0,1.0,1.0,True,True
470,P7_D_EFFECT_RHO30,0.1,0.3,b16e2d20000edd8a21759cb98c22ca512db740e2f43e5ad17b8e4a29fb519f4e,True,True,-0.00010000000000000286,-0.00020000000000000226,1.0,1.0,1.0,1.0,True,True
471,P7_A_NULL_RHO0,0.0,0.0,1f573e8bd2ae7a597d06a808475127a89bd88692777b8ac0931cede15ded8230,True,True,0.00010000000000000286,-9.99999999999994e-05,1.0,1.0,0.0,0.0,True,True
471,P7_B_NULL_RHO30,0.0,0.3,6c718d399b0cca479eefa62b22d847316d72cbb3b3bd9fa9bc48b1b3fb07876b,True,True,9.999999999999593e-05,-9.99999999999994e-05,1.0,1.0,0.0,0.0,True,True
471,P7_C_EFFECT_RHO0,0.1,0.0,4f300c192fbb71f2cb470e6ebed467e72a0337917bcc33db311c6d2ce5bb7073,True,True,9.999999999999593e-05,0.0,1.0,1.0,0.0,0.0,True,True
471,P7_D_EFFECT_RHO30,0.1,0.3,defa3b682534b78f9f1b70435679612f58221653007946b91c6e068d17755097,True,True,0.0,0.0,1.0,1.0,0.0,0.0,True,True
472,P7_A_NULL_RHO0,0.0,0.0,8e9b00b9e7c076e2434428a3663982e7baf790d069bfc8527f0469dd04068fa0,True,True,0.0,0.0,0.0,0.0,1.0,1.0,True,True
472,P7_B_NULL_RHO30,0.0,0.3,60086503bba3e7597abb4081ad7ddfacd533649de128e0d251db8a632c465e2a,True,True,0.0,0.0,0.0,0.0,1.0,1.0,True,True
472,P7_C_EFFECT_RHO0,0.1,0.0,3b8196482d382703c6f2c05341329dd24510eef15cf94612cf62e49a8842e4ad,True,True,0.0,0.0,1.0,1.0,1.0,1.0,True,True
472,P7_D_EFFECT_RHO30,0.1,0.3,bea999c5efebb3293044bc10c3cc4b06c15a4799269d03e81a273e914be01e4a,True,True,0.0,0.0,1.0,1.0,1.0,1.0,True,True
473,P7_A_NULL_RHO0,0.0,0.0,388e82af65dd7651c07849585399cc42bf5d39ed6bc618ef83f529fa3a8ca34a,True,True,0.0,0.0,0.0,0.0,1.0,1.0,True,True
473,P7_B_NULL_RHO30,0.0,0.3,058d70d3fb1bfe8b34ee2cd4c52b76dc39b393d0925077f909faea9d429c9073,True,True,0.0,0.0,0.0,0.0,1.0,1.0,True,True
473,P7_C_EFFECT_RHO0,0.1,0.0,66916bd7275a06738bad39ae2539d5d261ce484dcb26bd748acb9317efc51e25,True,True,0.0,0.0,1.0,1.0,1.0,1.0,True,True
473,P7_D_EFFECT_RHO30,0.1,0.3,69f29380b285cbda4ce0a954a161056445c9e1a1883ba567541245265c064d94,True,True,0.0,0.0,1.0,1.0,1.0,1.0,True,True
474,P7_A_NULL_RHO0,0.0,0.0,2618a6947e91af80cec179a2340d8ee20486dc318559470a64a375ded331d37f,True,True,0.0001999999999999988,-0.0005000000000000004,0.0,0.0,1.0,1.0,True,True
474,P7_B_NULL_RHO30,0.0,0.3,11b9e3d2a982c5adcc648c93a432df09ffb0cc0cb1668c297d1a1dbc01fbd33c,True,True,0.00020000000000000573,-0.0005000000000000004,0.0,0.0,1.0,1.0,True,True
474,P7_C_EFFECT_RHO0,0.1,0.0,c954257dba0453362a456d004fe0444246c7ac8bd6dc2262f3987bf9335b16de,True,True,0.00020000000000000573,-0.00030000000000000165,1.0,1.0,1.0,1.0,True,True
474,P7_D_EFFECT_RHO30,0.1,0.3,2dc2924803d367d249ca57132d20c4f93e6a11a411477fd7c995414abd8fae1e,True,True,0.00010000000000000286,-0.00040000000000000105,1.0,1.0,1.0,1.0,True,True
475,P7_A_NULL_RHO0,0.0,0.0,8e1709b61e8a3cd1eeb1e736095098ef30d42d76db765c80691d637cd963cf06,True,True,0.00020000000000000052,0.0,0.0,0.0,1.0,1.0,True,True
475,P7_B_NULL_RHO30,0.0,0.3,29d44e0d4d3dd6bb545e8b4d46dfeefca557ef8c42701f6b70cf943769a5678c,True,True,9.99999999999994e-05,0.0,0.0,0.0,1.0,1.0,True,True
475,P7_C_EFFECT_RHO0,0.1,0.0,468026370d19a2217129d390a085a42767b51f5c9c15748384e9b02b7ba39e93,True,True,0.0003000000000000086,-0.00020000000000000226,1.0,1.0,1.0,1.0,True,True
475,P7_D_EFFECT_RHO30,0.1,0.3,620bb3434639dd7ed1dff643b0075ab6631d710f6703f88436ae1adb4a8fd906,True,True,0.0002999999999999947,-0.00020000000000000226,1.0,1.0,1.0,1.0,True,True
476,P7_A_NULL_RHO0,0.0,0.0,a1176da973bdd67ea964fbf263b8d9044f6556d7c689db0ede557c767453b687,True,True,0.0,0.0,0.0,0.0,1.0,1.0,True,True
476,P7_B_NULL_RHO30,0.0,0.3,3e2a767ce7749471dc94acf7eefc1546e5d72f74c6d900da7aa47cd5e6cd792b,True,True,0.00010000000000000026,0.0,0.0,0.0,1.0,1.0,True,True
476,P7_C_EFFECT_RHO0,0.1,0.0,c6d264bb12900cbb64230836b6fef35bfa72cd5f22eaeb76d1451133346abf0d,True,True,0.00010000000000000286,-9.99999999999994e-05,1.0,1.0,1.0,1.0,True,True
476,P7_D_EFFECT_RHO30,0.1,0.3,df6b7640bbe4a9c533e53b670a0f42f1f53567fe9523b5ffa5d7bf071379cd43,True,True,0.00010000000000000286,-9.99999999999994e-05,1.0,1.0,1.0,1.0,True,True
477,P7_A_NULL_RHO0,0.0,0.0,05a97651cea3c9d209f5e22e9f4b1de09a58623105c1349bcd9eb884f289ddce,True,True,9.99999999999994e-05,-0.0005999999999999998,0.0,0.0,1.0,1.0,True,True
477,P7_B_NULL_RHO30,0.0,0.3,32bf633df7f0ceef0b517d0a089bcee687748d8365f14e9cf8873696bfa57076,True,True,-9.99999999999994e-05,-0.0001999999999999988,0.0,0.0,1.0,1.0,True,True
477,P7_C_EFFECT_RHO0,0.1,0.0,4c1d948685236bca7d11960cc816adc3f9e1ca59a5b3229aa6e8705d154d2a52,True,True,-0.00010000000000000286,-9.99999999999994e-05,1.0,1.0,1.0,1.0,True,True
477,P7_D_EFFECT_RHO30,0.1,0.3,26a30126b786b92acf2ea70f0b3e8c3bf16c351290c0da59778fefce39783487,True,True,-0.00010000000000000286,-9.99999999999994e-05,1.0,1.0,1.0,1.0,True,True
478,P7_A_NULL_RHO0,0.0,0.0,5511e18cd1338f6677d46816790453035ed14dd4a56046e617fed791c7d6cd79,True,True,0.0,0.0,0.0,0.0,1.0,1.0,True,True
478,P7_B_NULL_RHO30,0.0,0.3,05e0fe26a5df0e0704a30b24e966007ebb55a6b8351eb29568ff153d5031e7f3,True,True,0.0,0.0,0.0,0.0,1.0,1.0,True,True
478,P7_C_EFFECT_RHO0,0.1,0.0,88a5eb542fd472708983bea9789c9298075e0f458c1cd724b0ad9d4b8f82ae7f,True,True,0.0,-9.99999999999994e-05,1.0,1.0,1.0,1.0,True,True
478,P7_D_EFFECT_RHO30,0.1,0.3,0e1e0b236e705bd5be91272109b1c1cc7b53666787d5b7d0e046810d9756e888,True,True,0.0,-9.99999999999994e-05,1.0,1.0,1.0,1.0,True,True
479,P7_A_NULL_RHO0,0.0,0.0,740929856dd06d585656456dcd731d381cc4eb51bea9d6f30162e9df7fe60aa6,True,True,0.0001999999999999988,-0.0005000000000000004,0.0,0.0,1.0,1.0,True,True
479,P7_B_NULL_RHO30,0.0,0.3,62ed7c322f5114fb079cdaffde152787799f9a2f954cf1ba4aad5afb1f5295b7,True,True,0.0001999999999999988,-0.0005000000000000004,0.0,0.0,1.0,1.0,True,True
479,P7_C_EFFECT_RHO0,0.1,0.0,9c3a192b92ad597ce8f25d43557498b47e70a96b6a211bfc68004642e538c5ac,True,True,-0.0001999999999999988,-0.00040000000000000105,1.0,1.0,1.0,1.0,True,True
479,P7_D_EFFECT_RHO30,0.1,0.3,73176d926e8792bcc9f18a5ba700aedefa1610eba0ad817db94ab1fdf59750b7,True,True,-0.0003000000000000086,-0.00040000000000000105,1.0,1.0,1.0,1.0,True,True
480,P7_A_NULL_RHO0,0.0,0.0,315fa7bdc531ef1341c1217ee44783199f5da907715d7cd226c6aaa4670b1f4b,True,True,0.00030000000000000165,-0.0013000000000000025,0.0,0.0,1.0,1.0,True,True
480,P7_B_NULL_RHO30,0.0,0.3,233d08171adc0790625b15b105e20c17e213d775a6c9fc005e8089c0fdb49adb,True,True,0.00030000000000000165,-0.0012000000000000031,0.0,0.0,1.0,1.0,True,True
480,P7_C_EFFECT_RHO0,0.1,0.0,c36df780f7bce430f1e888cb1f0e7fb7cc2dfafed9d06153f3a2dc31e93e2a56,True,True,-0.00020000000000000573,0.00020000000000000226,1.0,1.0,1.0,1.0,True,False
480,P7_D_EFFECT_RHO30,0.1,0.3,d6f851c0c00a53f31a881132c8717f411b13aab3d72f0aa239df0221fe754053,True,True,0.0003000000000000086,-0.0011999999999999997,1.0,1.0,1.0,1.0,False,False
481,P7_A_NULL_RHO0,0.0,0.0,695db7d40eb018c1c973d36c326fde0e6d5b2a68af50e4181866adbdabc4dcaa,True,True,0.0,-9.99999999999994e-05,0.0,0.0,1.0,1.0,True,False
481,P7_B_NULL_RHO30,0.0,0.3,1c459b06d70aeec013059f9130dfa85c05683877d97a776d7cb44af964bcc52f,True,True,-0.00010000000000000113,-0.00010000000000000286,0.0,0.0,1.0,1.0,True,False
481,P7_C_EFFECT_RHO0,0.1,0.0,8d07e167c72cb0a90d27b4e8e6ed4a6706831a8d12b22985ca4dc29d1ba6aa06,True,True,-0.00010000000000000286,-9.99999999999994e-05,1.0,1.0,1.0,1.0,True,False
481,P7_D_EFFECT_RHO30,0.1,0.3,8cae4b87eb62b5366257aa1698648d091f24835285f2de4fd0631f1650a0cf64,True,True,0.0,0.00010000000000000286,1.0,1.0,1.0,1.0,True,False
482,P7_A_NULL_RHO0,0.0,0.0,97c3e1c7d57952f312e17626494688e2cfea9ff1e15e642136e7c54d6cdab865,True,True,0.001,-0.0007999999999999986,0.0,0.0,1.0,1.0,True,True
482,P7_B_NULL_RHO30,0.0,0.3,d45703ae0dcca82274fe7a448c8fdef515e814588abf1becd09e9abe653d3601,True,True,0.0009000000000000002,-0.0006999999999999992,0.0,0.0,1.0,1.0,True,True
482,P7_C_EFFECT_RHO0,0.1,0.0,b2d8e5eb96edc1d0cdd0e193f867b36340606324a4d8d36efd0a51a35b0ff24f,True,True,0.0011000000000000038,-0.0011000000000000003,1.0,1.0,1.0,1.0,True,True
482,P7_D_EFFECT_RHO30,0.1,0.3,f832a148f68ede8f64f2ccf9d0d260ee6d9b81c2a6b7231369f78ffb16de2b0d,True,True,0.0011000000000000038,-0.0010000000000000009,1.0,1.0,1.0,1.0,True,True
483,P7_A_NULL_RHO0,0.0,0.0,96fce5e71417ef0bb22d49eb84626a1da97ce2d9c92a66950b005dd5c2cc0134,True,True,0.00020000000000000052,-9.99999999999994e-05,0.0,0.0,1.0,1.0,True,True
483,P7_B_NULL_RHO30,0.0,0.3,9d8cfc465fe1a59efaaf916ecb80208dd2ae529c3590d6458a1adad74f5e32bc,True,True,0.00019999999999999966,-9.99999999999994e-05,0.0,0.0,1.0,1.0,True,True
483,P7_C_EFFECT_RHO0,0.1,0.0,47be55622f7ff11af1ce7a6eb302311384fe6ed8ba42c979e557abd252b90b81,True,True,0.0002999999999999947,-9.99999999999994e-05,1.0,1.0,1.0,1.0,True,True
483,P7_D_EFFECT_RHO30,0.1,0.3,6e1b5889b61135da26cd2cf1d8421d57d55113b91b09f3f604d753720d52cf72,True,True,0.0002999999999999947,-9.99999999999994e-05,1.0,1.0,1.0,1.0,True,True
484,P7_A_NULL_RHO0,0.0,0.0,b37e8349e4d234035a533622d7ba02713bb09195ce969f5472eb737825f97113,True,True,0.0,0.0,0.0,0.0,1.0,1.0,True,True
484,P7_B_NULL_RHO30,0.0,0.3,ddb80dee0f091ac7dfe0a3b35102810476a66c5bcce07ee397380792508ea049,True,True,0.0,0.0,0.0,0.0,1.0,1.0,True,True
484,P7_C_EFFECT_RHO0,0.1,0.0,884a6ac93d14b89a30faa2973fddcec49fa81b1240db406c300def32be1dc6da,True,True,0.0,0.0,1.0,1.0,1.0,1.0,True,True
484,P7_D_EFFECT_RHO30,0.1,0.3,582068998f003b3d0dd2a3b1a673b6cc6761cf9f4c4764e182e34703832194f1,True,True,0.0,0.0,1.0,1.0,1.0,1.0,True,True
485,P7_A_NULL_RHO0,0.0,0.0,b57bd057b4646c11ab7b27fdbac72251e1ce1c89670edeef28c3deb81e12db90,True,True,0.0001999999999999988,-9.99999999999994e-05,0.0,0.0,1.0,1.0,True,True
485,P7_B_NULL_RHO30,0.0,0.3,64d6f01283c8bfb8fce15a25299df6310ab497a05817d45479df942097cdac7c,True,True,9.99999999999994e-05,-0.0001999999999999988,0.0,0.0,1.0,1.0,True,True
485,P7_C_EFFECT_RHO0,0.1,0.0,cc820088fa7d4b0ba885874699b1c0e385ce64c0ded00274abb5b6a4c59e97c5,True,True,0.0003999999999999976,-0.00030000000000000165,1.0,1.0,1.0,1.0,True,True
485,P7_D_EFFECT_RHO30,0.1,0.3,7e732588550782cc6d44b938b2672f56097837d0d8501ab77e5d65d2902c2969,True,True,0.0003999999999999976,-0.00030000000000000165,1.0,1.0,1.0,1.0,True,True
486,P7_A_NULL_RHO0,0.0,0.0,3a9ce101a254e5ec9302994648d87dbdcd60820f3d979761a17ef6d0e3f36446,True,True,-0.00010000000000000005,0.0,0.0,0.0,1.0,1.0,True,True
486,P7_B_NULL_RHO30,0.0,0.3,ebc7ca7ea93adf971c7efe72d9c2564140c5f9f8ae708c3600b73d798350c0cd,True,True,-0.00010000000000000005,-9.99999999999994e-05,0.0,0.0,1.0,1.0,True,True
486,P7_C_EFFECT_RHO0,0.1,0.0,b1dfdf2f1bc8d53b160e40efa7ca9a739ee069de1fee1a65ef3daa58e7274174,True,True,-9.999999999998899e-05,-9.99999999999994e-05,1.0,1.0,1.0,1.0,True,True
486,P7_D_EFFECT_RHO30,0.1,0.3,da12feaf09658812d6385860563c1eea09a4aaaddc796657101587cebf903d5b,True,True,-9.999999999998899e-05,9.99999999999994e-05,1.0,1.0,1.0,1.0,True,True
487,P7_A_NULL_RHO0,0.0,0.0,e35b59477192e30dc365aedcab13f0fd74cbdc3ce18dc4a3d164af69681cb105,True,True,0.0,0.0,0.0,0.0,1.0,1.0,True,True
487,P7_B_NULL_RHO30,0.0,0.3,0edc665102a1485c341299bba13ff7101e92d4e28f35ba0c9db8228530b1414f,True,True,0.0,0.0,0.0,0.0,1.0,1.0,True,True
487,P7_C_EFFECT_RHO0,0.1,0.0,1ae9934e78d1cbb125ffe43a53039a8e6b1146aeae2dfa5ec3ab464c79d352f5,True,True,-0.00010000000000000286,0.0,1.0,1.0,1.0,1.0,True,True
487,P7_D_EFFECT_RHO30,0.1,0.3,fcc8e5cfed64a6fc6592e2bf45e3e5c772e8d2c0d341a78cd140abe7b4e51eba,True,True,0.0,0.0,1.0,1.0,1.0,1.0,True,True
488,P7_A_NULL_RHO0,0.0,0.0,e48c501c430eff4652e4f623e9db0be54dacc92aa5be5be0fa073b5430ed7a6a,True,True,0.0,0.0,0.0,0.0,1.0,1.0,True,True
488,P7_B_NULL_RHO30,0.0,0.3,fccd183f2b91b64a09b94a60b2c742e4744a81d6bf64e88ea9d5a91798d3bbf0,True,True,0.0,0.0,0.0,0.0,1.0,1.0,True,True
488,P7_C_EFFECT_RHO0,0.1,0.0,a2366cab9178ba9cb4c791f1a0da22857741d87d57af8b6ad98aa4739df365c5,True,True,0.0,0.0,1.0,1.0,1.0,1.0,True,True
488,P7_D_EFFECT_RHO30,0.1,0.3,29e452555e50f6aaab844f2bac9e03fa68903b204c2d1416b1b0940c8c092ec5,True,True,0.0,0.0,1.0,1.0,1.0,1.0,True,True
489,P7_A_NULL_RHO0,0.0,0.0,f642a0ca7f0eb8d330d5c7fe82a5a48f7310890dc98b64e6075bedd40068b04d,True,True,0.0005000000000000004,-0.0010000000000000009,0.0,0.0,1.0,1.0,True,True
489,P7_B_NULL_RHO30,0.0,0.3,d3cc323e189dbe17563ae59bb2683fb2db25da2ef1cade1dccd37a452f17a9b1,True,True,0.0005000000000000004,-0.0010000000000000009,0.0,0.0,1.0,1.0,True,True
489,P7_C_EFFECT_RHO0,0.1,0.0,bd902295d3a51a0df60e5d914e9ef5586fbb6b97e3253ffb9a2c429b6ac533d7,True,True,0.0005000000000000004,-0.0009000000000000015,1.0,1.0,1.0,1.0,True,True
489,P7_D_EFFECT_RHO30,0.1,0.3,27fe07a13e14015a2a5dfff68230bf96a0f63c84b6fb5922e545f1599d66723e,True,True,0.0006000000000000033,-0.0009000000000000015,1.0,1.0,1.0,1.0,True,True
490,P7_A_NULL_RHO0,0.0,0.0,a472116ff27d693b27a4818a16118abab5916d86aa178529744966e1893ec23e,True,True,0.0,0.0,0.0,0.0,1.0,1.0,True,True
490,P7_B_NULL_RHO30,0.0,0.3,389c4748521f866fed4a5d19fdc417ae4e7fc3dce67e23ad84652b54445632e8,True,True,0.00020000000000000052,-0.0005999999999999998,0.0,0.0,1.0,1.0,True,True
490,P7_C_EFFECT_RHO0,0.1,0.0,cb797f545ab651b1f643d690129219fb87ac6e5082cecd291697758dfa278907,True,True,0.00010000000000000286,-0.0006999999999999992,1.0,1.0,1.0,1.0,True,True
490,P7_D_EFFECT_RHO30,0.1,0.3,9fc0253af2d8d5f0aaa50d529ea9998d4620221634e812b5dc8b6e7d4f95c12e,True,True,0.0,0.0,1.0,1.0,1.0,1.0,True,False
491,P7_A_NULL_RHO0,0.0,0.0,11cb3a38bd4adc526bf583257ca599e6f2836ec82daba7969c391ae58be785b7,True,True,0.00010000000000000005,-0.0002999999999999982,0.0,0.0,1.0,1.0,False,True
491,P7_B_NULL_RHO30,0.0,0.3,6a94fcaa2e3118777c8175623d1d2d89aba44c300269a8bddee7ae0a21414a88,True,True,0.0,-9.99999999999994e-05,0.0,0.0,1.0,1.0,False,True
491,P7_C_EFFECT_RHO0,0.1,0.0,f31f596f5aeb2a038a4fd80f00405a9648ffe1ef85832124436f6e0dfc411650,True,True,0.0,-0.00040000000000000105,1.0,1.0,1.0,1.0,False,True
491,P7_D_EFFECT_RHO30,0.1,0.3,d99e83006433998789c812cb158fbbbb2ca31880445e815e0ea63e2bb5922fd2,True,True,0.0,-0.00030000000000000165,1.0,1.0,1.0,1.0,False,True
492,P7_A_NULL_RHO0,0.0,0.0,af801b93242e31f94c2841d8820c05231be5bed3dcff02510b32bacc22e66035,True,True,0.00040000000000000105,-0.00030000000000000165,0.0,0.0,1.0,1.0,True,True
492,P7_B_NULL_RHO30,0.0,0.3,241b0dd568d4742e6ea2dfb120b0701cd97d1d2925f6b209108bf9a8be46a15d,True,True,0.0003999999999999993,-0.0001999999999999988,0.0,0.0,1.0,1.0,True,True
492,P7_C_EFFECT_RHO0,0.1,0.0,35444860d083590ea496357b8e97308c07d61d8e0523a4691e0c21615ccffa8f,True,True,0.0003999999999999976,-0.00030000000000000165,1.0,1.0,1.0,1.0,True,True
492,P7_D_EFFECT_RHO30,0.1,0.3,9bbb77c96ecbb5c94ae9da5d7982c0122ca98e473db2aa3caab108455075201a,True,True,0.0003000000000000086,-0.00030000000000000165,1.0,1.0,1.0,1.0,True,True
493,P7_A_NULL_RHO0,0.0,0.0,c9905cbccabc6f425fea3292a47b8e4845d871ac1df1e8254231967d82f44f50,True,True,0.0002999999999999999,-0.0006999999999999992,0.0,0.0,1.0,1.0,False,True
493,P7_B_NULL_RHO30,0.0,0.3,677f275ffc25fd2ce560b8085afa907ba3b944d9bfb3b3491fbde8687ad80f62,True,True,0.0002999999999999999,-0.0006999999999999992,0.0,0.0,1.0,1.0,False,True
493,P7_C_EFFECT_RHO0,0.1,0.0,a7a5af5d88a9c9d9772c82d995c075efecfeee2fd8bceade93c6ee452c810827,True,True,0.0002999999999999947,-0.00020000000000000226,1.0,1.0,1.0,1.0,False,True
493,P7_D_EFFECT_RHO30,0.1,0.3,9284ab1d4a8acd6a5d874ad4ff624bc14f8b6c30a3370e2ef288c59df86ce9ad,True,True,0.0003000000000000086,-0.00020000000000000226,1.0,1.0,1.0,1.0,False,True
494,P7_A_NULL_RHO0,0.0,0.0,563e7ebd6f19847e4ea8226d193313dfa91eebf8cd20b20d62e5c476426a612d,True,True,0.0,0.0,0.0,0.0,1.0,1.0,True,True
494,P7_B_NULL_RHO30,0.0,0.3,cb9e785d01e02979d7767d5364b234c03941d9e21468fbcccfcad979497591ba,True,True,0.0,0.0,0.0,0.0,1.0,1.0,True,True
494,P7_C_EFFECT_RHO0,0.1,0.0,23ec53b2b7b3863eca550d6224e428f3f6f6f2b52e49beb6b65ffe252350b4db,True,True,0.0,0.0,1.0,1.0,1.0,1.0,True,True
494,P7_D_EFFECT_RHO30,0.1,0.3,4b24f62b773b7c77323ab4fef7dde5eaa478fa864499ebf71c1beda84d82e0ca,True,True,0.0,-0.001400000000000002,1.0,1.0,1.0,1.0,True,True
495,P7_A_NULL_RHO0,0.0,0.0,fbe14368d0129de50ef18cba5655416a74c54725d309ab360a775493eda36176,True,True,0.0001999999999999988,-9.99999999999994e-05,0.0,0.0,1.0,1.0,True,True
495,P7_B_NULL_RHO30,0.0,0.3,76adb733f4994358141b921db600bb246f82d202fe9eb70419414bdcbcb44574,True,True,9.99999999999994e-05,-9.99999999999994e-05,0.0,0.0,1.0,1.0,True,True
495,P7_C_EFFECT_RHO0,0.1,0.0,4f7c036aecada1fd637203e00621a59b0b5dc61c257d606246ef0a5cbdb3a00f,True,True,0.00020000000000000573,0.0,1.0,1.0,1.0,1.0,True,True
495,P7_D_EFFECT_RHO30,0.1,0.3,24aadb28bdc29e900a55fc1d60296682f1d2aae8a23867b519cfebc05ec6398f,True,True,9.999999999998899e-05,0.0,1.0,1.0,1.0,1.0,True,True
496,P7_A_NULL_RHO0,0.0,0.0,8ec009840ba6e66d3f285ea79a996fa943d6432a729a5268158aff73054954a0,True,True,0.0,0.0,0.0,0.0,1.0,1.0,True,True
496,P7_B_NULL_RHO30,0.0,0.3,fb685d5a4cacf9ba81615481913009d944146bb46269715772136d0a598d9710,True,True,0.0,0.0,0.0,0.0,1.0,1.0,True,True
496,P7_C_EFFECT_RHO0,0.1,0.0,aec79298f7e942c57ec0fc645a4b4aa733ff079411c39c04a34afdb2a4c0d0db,True,True,0.0,0.0,1.0,1.0,1.0,1.0,True,True
496,P7_D_EFFECT_RHO30,0.1,0.3,e8926e10c346d1817443ca45653a44c5d66e73b9e2c18b212db71c0c83330f0a,True,True,0.0,0.0,1.0,1.0,1.0,1.0,True,True
497,P7_A_NULL_RHO0,0.0,0.0,9dbf5195fe127fc3b8e69f3cb4fd1003e18d824bded0e2a62c5b0474582f5bae,True,True,0.0,0.0,0.0,0.0,1.0,1.0,True,True
497,P7_B_NULL_RHO30,0.0,0.3,c066040a0a610e8465363582f76e5679a5bc1a2ee9c55d85eed2f9df6be9cd43,True,True,0.0,0.0,0.0,0.0,1.0,1.0,True,True
497,P7_C_EFFECT_RHO0,0.1,0.0,344a72ead67e8298cc3aebfd04a464daf4325cab87e4976dbe538834e6fd76bd,True,True,0.0,0.0,1.0,1.0,1.0,1.0,True,True
497,P7_D_EFFECT_RHO30,0.1,0.3,c5fb7031ce5a258ad06e6b0246661467b547c7b0c2be9e12cf5e593e6b8e0d04,True,True,0.0,0.0,1.0,1.0,1.0,1.0,True,True
498,P7_A_NULL_RHO0,0.0,0.0,652791f9c66ddb7ec9d4b9d1a17818835f6319c769594415847e71212c365a78,True,True,0.0002999999999999982,-0.0005999999999999998,0.0,0.0,1.0,1.0,True,True
498,P7_B_NULL_RHO30,0.0,0.3,8150510a0903636742cfef30f388c4e0283b3be03359e4e8a6dbc7c1df6ae6ba,True,True,0.00030000000000000165,-0.0005999999999999998,0.0,0.0,1.0,1.0,True,True
498,P7_C_EFFECT_RHO0,0.1,0.0,e1fb800159a6b2947b7c1f94a6523bc67981e6af9b9214d258ac3e83a328756b,True,True,0.0002999999999999947,-0.0005000000000000004,1.0,1.0,1.0,1.0,True,True
498,P7_D_EFFECT_RHO30,0.1,0.3,7f23790aa0cdb520dbcc485bfa73bc7f24f80c6da7bc6e093f6bdd526c6edcfc,True,True,0.0003999999999999976,-0.0005000000000000004,1.0,1.0,1.0,1.0,True,True
499,P7_A_NULL_RHO0,0.0,0.0,e428afca3561db46c9b3653c7f06cce92d78ea0c251d2ed701728976b0a219b5,True,True,0.0003999999999999993,-0.0005000000000000004,0.0,0.0,1.0,1.0,True,True
499,P7_B_NULL_RHO30,0.0,0.3,27b5f01964d1fa79aa4a432b74ac9357c4862338afa96879084ac2fecc445533,True,True,0.0002999999999999999,-0.0005000000000000004,0.0,0.0,1.0,1.0,True,True
499,P7_C_EFFECT_RHO0,0.1,0.0,677e117fac60075961ef54806179477b1d7da4e7662191775fac020123e60dc1,True,True,0.0003999999999999976,-0.00030000000000000165,1.0,1.0,1.0,1.0,True,True
499,P7_D_EFFECT_RHO30,0.1,0.3,7e8374ac0fcf6c903d6a7ce7baa700fc578ff37aca773084aca4d3f785baa531,True,True,0.0003000000000000086,-0.00030000000000000165,1.0,1.0,1.0,1.0,True,True
500,P7_A_NULL_RHO0,0.0,0.0,f91d298857bafeb05643ffc72de1410b47343624b247c27358244a208307c637,True,True,9.99999999999994e-05,-9.99999999999994e-05,0.0,0.0,1.0,1.0,True,True
500,P7_B_NULL_RHO30,0.0,0.3,ca5fc146415edcb2472693b945cda757a5970deb82ff71a37b1a87e3317f2890,True,True,0.0,-9.99999999999994e-05,0.0,0.0,1.0,1.0,True,True
500,P7_C_EFFECT_RHO0,0.1,0.0,449430863f780238dfc641349f385652a0a7ae507759f0bbd0f2b10c8bcfd683,True,True,0.0,0.0,1.0,1.0,1.0,1.0,True,True
500,P7_D_EFFECT_RHO30,0.1,0.3,2d7b4ab5567255be5426a60b1c27915033b673d196afa30717061d35140e9e79,True,True,0.0,-9.99999999999994e-05,1.0,1.0,1.0,1.0,True,True
